Reference,gr,Latitude,Longitude
TBM1996011603,020,27.525333,-82.6875
TBM1996011604,020,27.514833,-82.6855
TBM1996011606,020,27.664167,-82.734167
TBM1996011607,020,27.677833,-82.7355
TBM1996011609,020,27.7145,-82.7205
TBM1996011610,020,27.660167,-82.672667
TBM1996011701,020,27.825833,-82.810833
TBM1996011702,020,27.823167,-82.8075
TBM1996011704,020,27.697333,-82.645833
TBM1996011706,020,27.791333,-82.757333
TBM1996011709,020,27.774333,-82.7475
TBM1996011710,020,27.738667,-82.639667
TBM1996011712,020,27.740167,-82.6385
TBM1996011801,020,27.8835,-82.535833
TBM1996011802,020,27.8765,-82.535833
TBM1996011804,020,27.866,-82.542833
TBM1996011805,020,27.8475,-82.552333
TBM1996011812,020,27.956833,-82.705667
TBM1996011819,020,27.989333,-82.619667
TBM1996011904,020,27.9925,-82.684167
TBM1996011905,020,27.991667,-82.684167
TBM1996011907,020,28.004667,-82.6645
TBM1996012209,020,27.681833,-82.535667
TBM1996012211,020,27.6655,-82.546667
TBM1996012301,020,27.921667,-82.4825
TBM1996012302,020,27.910167,-82.491833
TBM1996012304,020,27.8795,-82.4825
TBM1996012308,020,27.8375,-82.397
TBM1996012502,020,27.565,-82.620833
TBM1996012504,020,27.608833,-82.559
TBM1996012505,020,27.573333,-82.62
TBM1996021301,020,27.5465,-82.581667
TBM1996021302,020,27.561667,-82.5705
TBM1996021303,020,27.537,-82.6395
TBM1996021307,020,27.600667,-82.564833
TBM1996021401,020,27.9375,-82.423
TBM1996021404,020,27.876167,-82.4375
TBM1996021408,020,27.854167,-82.480833
TBM1996021409,020,27.9075,-82.489167
TBM1996021605,020,27.735167,-82.625333
TBM1996021607,020,27.699667,-82.6425
TBM1996021616,020,27.6275,-82.732833
TBM1996021902,020,27.669333,-82.731667
TBM1996021903,020,27.701,-82.738167
TBM1996021904,020,27.708333,-82.711
TBM1996021906,020,27.765667,-82.758333
TBM1996021907,020,27.805833,-82.7725
TBM1996021908,020,27.800333,-82.7625
TBM1996021910,020,27.6975,-82.698
TBM1996022002,020,27.991667,-82.6285
TBM1996022005,020,28.015833,-82.6525
TBM1996022007,020,28.003333,-82.666167
TBM1996022009,020,27.747833,-82.477167
TBM1996022012,020,27.7215,-82.4815
TBM1996022013,020,27.914167,-82.675833
TBM1996022015,020,27.665333,-82.543667
TBM1996022101,020,27.884167,-82.620833
TBM1996022103,020,27.889167,-82.545
TBM1996022104,020,27.870167,-82.540833
TBM1996022105,020,27.848667,-82.557667
TBM1996022108,020,27.824,-82.607167
TBM1996030701,020,27.699667,-82.687167
TBM1996030703,020,27.6725,-82.736167
TBM1996030705,020,27.657833,-82.7005
TBM1996030801,020,27.7775,-82.7475
TBM1996030802,020,27.795833,-82.7575
TBM1996030803,020,27.804667,-82.794
TBM1996030804,020,27.830833,-82.819667
TBM1996030805,020,27.7275,-82.624167
TBM1996030806,020,27.724167,-82.634167
TBM1996031103,020,27.655833,-82.689167
TBM1996031203,020,27.541667,-82.627167
TBM1996031204,020,27.545667,-82.576167
TBM1996031214,020,27.609333,-82.562333
TBM1996031507,020,27.6915,-82.527667
TBM1996031508,020,27.6965,-82.513333
TBM1996031509,020,27.711833,-82.504667
TBM1996031510,020,27.7205,-82.495333
TBM1996032003,020,27.928667,-82.469833
TBM1996032010,020,27.875833,-82.483833
TBM1996032012,020,27.7865,-82.619667
TBM1996032013,020,27.875,-82.4275
TBM1996032014,020,27.896667,-82.423833
TBM1996032015,020,27.819333,-82.6155
TBM1996032017,020,27.830167,-82.602
TBM1996032101,020,28.0185,-82.6815
TBM1996032204,020,27.958167,-82.571
TBM1996032205,020,27.946333,-82.5445
TBM1996032207,020,27.926667,-82.533167
TBM1996032208,020,27.896,-82.635333
TBM1996032210,020,27.976333,-82.688167000000007
TBM1996041103,020,27.893167,-82.483333
TBM1996041104,020,27.88,-82.481667
TBM1996041106,020,27.8395,-82.438833
TBM1996041109,020,27.8435,-82.397
TBM1996041513,020,27.5005,-82.695
TBM1996041602,020,27.552333,-82.597667
TBM1996041701,020,27.959833,-82.691833
TBM1996041702,020,27.976167,-82.689
TBM1996041705,020,27.989833,-82.625833
TBM1996041706,020,28.001833,-82.6295
TBM1996041708,020,27.961667,-82.565833
TBM1996041709,020,27.944833,-82.544167
TBM1996041712,020,27.606667,-82.554333
TBM1996041804,020,27.847167,-82.618833
TBM1996041805,020,27.8395,-82.609167
TBM1996041808,020,27.87,-82.537167
TBM1996041809,020,27.871333,-82.533167
TBM1996042304,020,27.632833,-82.5745
TBM1996042306,020,27.6345,-82.566667
TBM1996042312,020,27.753333,-82.461167
TBM1996042314,020,27.749333,-82.467667
TBM1996042401,020,27.781667,-82.7475
TBM1996042402,020,27.7575,-82.745
TBM1996042403,020,27.728667,-82.737333
TBM1996042405,020,27.737,-82.7075
TBM1996042408,020,27.733167,-82.692167
TBM1996042502,020,27.769167,-82.630833
TBM1996042504,020,27.667833,-82.678667
TBM1996042505,020,27.653,-82.6835
TBM1996042508,020,27.644667,-82.721333
TBM1996051302,020,27.786667,-82.623667
TBM1996051303,020,27.820667,-82.617167
TBM1996051309,020,27.810833,-82.5955
TBM1996051310,020,27.813167,-82.596
TBM1996051313,020,27.862,-82.614
TBM1996051402,020,28.028,-82.679333
TBM1996051404,020,28.004333,-82.666333
TBM1996051406,020,27.961,-82.576167
TBM1996051408,020,27.891167,-82.639167
TBM1996051410,020,27.915,-82.638333
TBM1996051416,020,27.960333,-82.698833
TBM1996051503,020,27.703667,-82.68
TBM1996051504,020,27.645667,-82.672167
TBM1996051510,020,27.7135,-82.721
TBM1996051601,020,27.8255,-82.8105
TBM1996051604,020,27.783,-82.751833
TBM1996051607,020,27.7565,-82.747667
TBM1996051608,020,27.751833,-82.729
TBM1996051610,020,27.738833,-82.755333
TBM1996052115,020,27.589667,-82.5985
TBM1996052117,020,27.600667,-82.554
TBM1996052118,020,27.63,-82.569667
TBM1996052206,020,27.904167,-82.438
TBM1996052209,020,27.8945,-82.435833
TBM1996052214,020,27.769,-82.433
TBM1996052220,020,27.884167,-82.481667
TBM1996052301,020,27.678667,-82.512333
TBM1996052302,020,27.639333,-82.559333
TBM1996052307,020,27.714833,-82.504
TBM1996052308,020,27.723667,-82.491
TBM1996061002,020,27.658667,-82.709167
TBM1996061003,020,27.67,-82.743
TBM1996061006,020,27.697333,-82.717833
TBM1996061008,020,27.7,-82.685
TBM1996061009,020,27.737333,-82.64
TBM1996061101,020,27.74,-82.744833
TBM1996061102,020,27.741667,-82.73
TBM1996061104,020,27.829167,-82.831
TBM1996061105,020,27.795,-82.76
TBM1996061314,020,27.503667,-82.695
TBM1996061317,020,27.5855,-82.598333
TBM1996061319,020,27.564167,-82.5705
TBM1996061803,020,27.857833,-82.411667
TBM1996061809,020,27.883167,-82.48
TBM1996061812,020,27.924667,-82.418
TBM1996061901,020,27.868333,-82.5385
TBM1996061903,020,27.850167,-82.551
TBM1996061910,020,27.83,-82.584833
TBM1996061917,020,27.852333,-82.595667
TBM1996061918,020,27.7225,-82.480833
TBM1996061921,020,27.926833,-82.532333
TBM1996061923,020,27.908,-82.532667
TBM1996062004,020,27.978667,-82.688167000000007
TBM1996062005,020,27.76,-82.448667
TBM1996062007,020,27.749167,-82.455833
TBM1996062010,020,27.915,-82.680333
TBM1996062011,020,27.642333,-82.558333
TBM1996062014,020,27.6945,-82.522667
TBM1996062102,020,27.8975,-82.644167
TBM1996062104,020,27.966,-82.575333
TBM1996071104,020,27.638,-82.563
TBM1996071111,020,27.7415,-82.465167
TBM1996071501,020,27.5645,-82.6025
TBM1996071503,020,27.559833,-82.625
TBM1996071506,020,27.505,-82.698333
TBM1996071508,020,27.5255,-82.665167
TBM1996071705,020,27.663667,-82.680167
TBM1996071706,020,27.663,-82.716667
TBM1996071707,020,27.670333,-82.731167
TBM1996071709,020,27.700167,-82.687833
TBM1996071710,020,27.721833,-82.729833
TBM1996071711,020,27.701333,-82.6245
TBM1996071802,020,27.919,-82.488167
TBM1996071803,020,27.915333,-82.49
TBM1996071805,020,27.826833,-82.812
TBM1996071810,020,27.820667,-82.476167
TBM1996071811,020,27.819833,-82.482
TBM1996071813,020,27.753167,-82.7515
TBM1996071815,020,27.774667,-82.747
TBM1996071909,020,27.8475,-82.411333
TBM1996072203,020,27.99,-82.6215
TBM1996072204,020,27.999167,-82.6375
TBM1996072206,020,28.017167,-82.652667
TBM1996072207,020,28.0025,-82.655167
TBM1996072210,020,27.810333,-82.596333
TBM1996072212,020,27.779667,-82.621833
TBM1996072302,020,27.879333,-82.6115
TBM1996072303,020,27.8845,-82.621667
TBM1996072304,020,27.891167,-82.643667
TBM1996072307,020,27.849667,-82.623333
TBM1996081204,020,27.561,-82.603667
TBM1996081206,020,27.580167,-82.608833
TBM1996081303,020,27.501,-82.686333
TBM1996081401,020,27.987,-82.689667
TBM1996081402,020,27.994833,-82.683167
TBM1996081403,020,28.033167,-82.687833
TBM1996081405,020,27.981833,-82.606833
TBM1996081409,020,28.003,-82.676833
TBM1996081502,020,27.845333,-82.613833
TBM1996081503,020,27.8405,-82.609
TBM1996081507,020,27.666667,-82.662
TBM1996081509,020,27.689667,-82.706167
TBM1996081510,020,27.696333,-82.720167
TBM1996081511,020,27.702333,-82.737333
TBM1996081517,020,27.910833,-82.6575
TBM1996081519,020,27.874167,-82.600833
TBM1996081520,020,27.864167,-82.609167
TBM1996081601,020,27.759333,-82.741833
TBM1996081604,020,27.737167,-82.694667
TBM1996081605,020,27.8255,-82.808833
TBM1996081606,020,27.7915,-82.7765
TBM1996081902,020,27.676333,-82.509167
TBM1996081903,020,27.604333,-82.561667
TBM1996082009,020,27.777833,-82.422333
TBM1996082010,020,27.767833,-82.4335
TBM1996082103,020,27.9275,-82.4165
TBM1996082106,020,27.893667,-82.4855
TBM1996082109,020,27.847667,-82.469833
TBM1996082201,020,27.835333,-82.528167
TBM1996082210,020,27.847167,-82.409167
TBM1996091201,020,27.808,-82.803167
TBM1996091203,020,27.799,-82.770167
TBM1996091205,020,27.799667,-82.758
TBM1996091211,020,27.687333,-82.703833
TBM1996091212,020,27.6745,-82.734833
TBM1996091213,020,27.673,-82.730833
TBM1996091214,020,27.654833,-82.720833
TBM1996091305,020,27.6775,-82.665833
TBM1996091307,020,27.725833,-82.619167
TBM1996091601,020,27.843,-82.618833
TBM1996091602,020,27.844167,-82.613833
TBM1996091603,020,27.811333,-82.594667
TBM1996091609,020,27.896,-82.532833
TBM1996091611,020,27.869333,-82.612
TBM1996091702,020,27.943667,-82.5405
TBM1996091703,020,27.947,-82.549167
TBM1996091704,020,27.953833,-82.5475
TBM1996091705,020,27.931333,-82.7025
TBM1996091707,020,27.998167,-82.635
TBM1996091901,020,27.9085,-82.463167
TBM1996091902,020,27.551167,-82.572
TBM1996091905,020,27.926833,-82.418167
TBM1996091906,020,27.887167,-82.4175
TBM1996091907,020,27.587167,-82.612333
TBM1996091908,020,27.873167,-82.425833
TBM1996091910,020,27.594833,-82.593833
TBM1996091912,020,27.709167,-82.487833
TBM1996092303,020,27.844167,-82.423333
TBM1996092401,020,27.525833,-82.665833
TBM1996092403,020,27.549,-82.6255
TBM1996101107,020,27.853167,-82.399
TBM1996101116,020,27.9285,-82.476333
TBM1996101120,020,27.8235,-82.396167
TBM1996101501,020,27.5245,-82.644167
TBM1996101507,020,27.549833,-82.5795
TBM1996101605,020,27.783667,-82.614667
TBM1996101606,020,27.797667,-82.604667
TBM1996101607,020,27.805333,-82.608333
TBM1996101608,020,27.84,-82.586667
TBM1996101610,020,27.87,-82.536667
TBM1996101704,020,27.994167,-82.623333
TBM1996101706,020,28.033667,-82.677167
TBM1996101708,020,27.620667,-82.714667
TBM1996101709,020,27.638333,-82.6915
TBM1996101710,020,27.9685,-82.686333
TBM1996101711,020,27.652833,-82.700833
TBM1996101712,020,27.901667,-82.645
TBM1996101713,020,27.667,-82.72
TBM1996101714,020,27.897333,-82.636833
TBM1996101716,020,27.664833,-82.679167
TBM1996101718,020,27.706333,-82.680833
TBM1996101719,020,27.7275,-82.6935
TBM1996101722,020,27.971833,-82.604667
TBM1996101802,020,27.789,-82.778
TBM1996102201,020,27.608167,-82.549667
TBM1996102203,020,27.675667,-82.5275
TBM1996102205,020,27.690667,-82.529333
TBM1996102207,020,27.719167,-82.489333
TBM1996102208,020,27.725833,-82.489333
TBM1996102209,020,27.733833,-82.474833
TBM1996110706,020,27.579667,-82.614333
TBM1996110709,020,27.529167,-82.6825
TBM1996110803,020,27.551333,-82.575167
TBM1996110805,020,27.528833,-82.609333
TBM1996111402,020,27.813167,-82.8025
TBM1996111403,020,27.757333,-82.743167
TBM1996111404,020,27.739,-82.755833
TBM1996111405,020,27.7405,-82.627667
TBM1996111501,020,27.7025,-82.6725
TBM1996111504,020,27.647,-82.686167
TBM1996111505,020,27.638667,-82.7135
TBM1996111801,020,27.684833,-82.716667
TBM1996111804,020,27.701333,-82.686667
TBM1996112001,020,27.944333,-82.408167
TBM1996112002,020,27.928,-82.415667
TBM1996112006,020,27.742667,-82.466167
TBM1996112008,020,27.996833,-82.679667
TBM1996112009,020,27.6755,-82.542667
TBM1996112010,020,27.861167,-82.486833
TBM1996112011,020,28.0315,-82.6905
TBM1996112017,020,27.996833,-82.633833
TBM1996112021,020,27.7525,-82.462833
TBM1996112022,020,27.961833,-82.571
TBM1996112026,020,27.744333,-82.479833
TBM1996112028,020,27.9165,-82.683167
TBM1996112029,020,27.9165,-82.686167
TBM1996112102,020,27.845667,-82.555167
TBM1996112104,020,27.831333,-82.525833
TBM1996112106,020,27.859167,-82.596333
TBM1996112107,020,27.879167,-82.613
TBM1996120903,020,27.987,-82.626667
TBM1996120904,020,27.992,-82.681833
TBM1996120906,020,28.017333,-82.686333
TBM1996121002,020,27.8345,-82.56
TBM1996121003,020,27.8285,-82.53
TBM1996121006,020,27.858833,-82.595167
TBM1996121007,020,27.868,-82.608333
TBM1996121108,020,27.915,-82.682667
TBM1996121110,020,27.921333,-82.697333
TBM1996121116,020,27.9595,-82.5765
TBM1996121202,020,27.6475,-82.685333
TBM1996121205,020,27.639333,-82.7155
TBM1996121208,020,27.860667,-82.4835
TBM1996121210,020,27.929667,-82.417333
TBM1996121211,020,27.684167,-82.717333
TBM1996121212,020,27.704333,-82.695667
TBM1996121213,020,27.9445,-82.413167
TBM1996121214,020,27.706333,-82.681167
TBM1996121215,020,27.759833,-82.741333
TBM1996121216,020,27.791667,-82.776833
TBM1996121218,020,27.809667,-82.803667
TBM1996121303,020,27.736167,-82.624167
TBM1996121618,020,27.524167,-82.611667
TBM1996121702,020,27.677,-82.540167
TBM1996121704,020,27.527833,-82.6825
TBM1996121706,020,27.749,-82.467833
TBM1996121708,020,27.754833,-82.458667
TBM1996121711,020,27.579167,-82.608667
TBM1996121712,020,27.744667,-82.464
TBM1996121713,020,27.550833,-82.579667
TBM1997011005,020,27.512833,-82.683
TBM1997011007,020,27.500833,-82.707
TBM1997011012,020,27.547333,-82.583
TBM1997011013,020,27.564667,-82.621
TBM1997011502,020,27.994167,-82.594167
TBM1997011503,020,27.976333,-82.587167
TBM1997011509,020,27.984167,-82.665
TBM1997011512,020,28.008,-82.676667
TBM1997011521,020,27.916667,-82.667333
TBM1997011605,020,27.886333,-82.4805
TBM1997011606,020,27.8295,-82.553667
TBM1997011607,020,27.877,-82.484
TBM1997011609,020,27.931833,-82.533667
TBM1997011611,020,27.882333,-82.616833
TBM1997011612,020,27.824667,-82.588833
TBM1997011616,020,27.814167,-82.6165
TBM1997011619,020,27.763,-82.439833
TBM1997011620,020,27.772167,-82.430333
TBM1997011621,020,27.821667,-82.390833
TBM1997011623,020,27.855667,-82.4075
TBM1997012305,020,27.713333,-82.721667
TBM1997012307,020,27.7405,-82.7375
TBM1997012310,020,27.774167,-82.756833
TBM1997012314,020,27.818833,-82.7625
TBM1997012316,020,27.809,-82.804833
TBM1997012404,020,27.682833,-82.649833
TBM1997012405,020,27.701833,-82.6655
TBM1997012407,020,27.6325,-82.7335
TBM1997012409,020,27.7295,-82.7375
TBM1997020601,020,27.5265,-82.604833
TBM1997020602,020,27.5805,-82.608167
TBM1997020608,020,27.515833,-82.682833
TBM1997020609,020,27.520667,-82.678167
TBM1997021101,020,27.9445,-82.4085
TBM1997021102,020,27.929667,-82.415833
TBM1997021105,020,27.8605,-82.484333
TBM1997021202,020,27.7035,-82.6685
TBM1997021204,020,27.724,-82.6335
TBM1997021209,020,27.66,-82.743667
TBM1997021211,020,27.6655,-82.711333
TBM1997021212,020,27.669667,-82.708833
TBM1997021302,020,27.700333,-82.7175
TBM1997021303,020,27.701333,-82.723333
TBM1997021305,020,27.710833,-82.734833
TBM1997021309,020,27.8195,-82.763167
TBM1997021404,020,27.545333,-82.585
TBM1997021902,020,27.827667,-82.581167
TBM1997021905,020,27.842833,-82.553
TBM1997021906,020,27.848167,-82.549333
TBM1997021909,020,27.879667,-82.613833
TBM1997021912,020,27.9125,-82.534167
TBM1997021913,020,27.937167,-82.533
TBM1997021914,020,27.935333,-82.535333
TBM1997022010,020,27.975333,-82.689167
TBM1997022014,020,27.991333,-82.684167
TBM1997022017,020,28,-82.638
TBM1997022102,020,27.744667,-82.469833
TBM1997022103,020,27.746833,-82.478833
TBM1997022105,020,27.805333,-82.416167
TBM1997030606,020,27.640833,-82.560333
TBM1997030717,020,27.678,-82.526833
TBM1997031001,020,27.819167,-82.6175
TBM1997031004,020,27.833667,-82.536667
TBM1997031014,020,27.8785,-82.612667
TBM1997031016,020,27.871833,-82.596833
TBM1997031017,020,27.847167,-82.620667
TBM1997031104,020,27.924833,-82.696667
TBM1997031105,020,27.909333,-82.65
TBM1997031107,020,27.912167,-82.656
TBM1997031108,020,27.921,-82.656833
TBM1997031111,020,28.015167,-82.647167
TBM1997031112,020,27.994333,-82.651667
TBM1997031204,020,27.942167,-82.4245
TBM1997031206,020,27.932667,-82.416167
TBM1997031209,020,27.860833,-82.485
TBM1997031216,020,27.766,-82.435
TBM1997031219,020,27.749167,-82.468
TBM1997031220,020,27.779833,-82.432167
TBM1997031802,020,27.550833,-82.576667
TBM1997031804,020,27.590167,-82.605333
TBM1997031808,020,27.513333,-82.687
TBM1997031901,020,27.633,-82.696167
TBM1997031903,020,27.623667,-82.7075
TBM1997031909,020,27.656833,-82.704667
TBM1997031911,020,27.649167,-82.693333
TBM1997031913,020,27.657667,-82.689167
TBM1997031914,020,27.661,-82.6735
TBM1997031919,020,27.749,-82.750333
TBM1997031921,020,27.824167,-82.8325
TBM1997040709,020,27.781667,-82.430333
TBM1997040803,020,27.892667,-82.415
TBM1997040806,020,27.7875,-82.424333
TBM1997040810,020,27.849667,-82.473667
TBM1997040812,020,27.8965,-82.4875
TBM1997040901,020,27.689333,-82.675667
TBM1997040902,020,27.649,-82.673333
TBM1997040906,020,27.622667,-82.7105
TBM1997040907,020,27.615,-82.729333
TBM1997040909,020,27.704333,-82.722333
TBM1997040911,020,27.724833,-82.729333
TBM1997040914,020,27.783,-82.751
TBM1997040915,020,27.819167,-82.7665
TBM1997040917,020,27.816167,-82.800167
TBM1997041003,020,27.704333,-82.6225
TBM1997041006,020,27.690167,-82.644333
TBM1997041401,020,27.977833,-82.586667
TBM1997041403,020,27.972167,-82.5685
TBM1997041405,020,27.962167,-82.5715
TBM1997041406,020,27.962333,-82.560167
TBM1997041503,020,27.752833,-82.630167
TBM1997041615,020,27.8415,-82.539833
TBM1997041622,020,28.033667,-82.689667
TBM1997041624,020,28.008333,-82.638833
TBM1997041701,020,27.750167,-82.4675
TBM1997041702,020,27.505833,-82.6975
TBM1997041704,020,27.517833,-82.6795
TBM1997041708,020,27.5775,-82.5605
TBM1997041710,020,27.691667,-82.5265
TBM1997050709,020,27.698667,-82.6245
TBM1997050710,020,27.679833,-82.664
TBM1997050711,020,27.712,-82.690833
TBM1997050712,020,27.705833,-82.6745
TBM1997050713,020,27.699667,-82.642833
TBM1997050714,020,27.719667,-82.635167
TBM1997050801,020,27.801667,-82.7635
TBM1997050803,020,27.573,-82.619
TBM1997050805,020,27.558667,-82.628167
TBM1997050806,020,27.547667,-82.630833
TBM1997050807,020,27.624333,-82.707
TBM1997050809,020,27.523167,-82.707667
TBM1997050811,020,27.504667,-82.707667
TBM1997050814,020,27.660167,-82.670833
TBM1997050825,020,27.676,-82.739667
TBM1997050826,020,27.645833,-82.743333
TBM1997051301,020,27.927333,-82.414833
TBM1997051304,020,27.859667,-82.484833
TBM1997051305,020,27.845,-82.4695
TBM1997051309,020,27.770833,-82.435833
TBM1997051311,020,27.8465,-82.414167
TBM1997051401,020,27.9645,-82.573833
TBM1997051402,020,27.915667,-82.682833
TBM1997051404,020,27.922167,-82.694167
TBM1997051409,020,28.004167,-82.622333
TBM1997051410,020,27.9915,-82.621333
TBM1997051502,020,27.8325,-82.531833
TBM1997051504,020,27.88,-82.6135
TBM1997051505,020,27.891167,-82.638
TBM1997052002,020,27.7225,-82.484
TBM1997061102,020,27.688833,-82.530667
TBM1997061111,020,27.630667,-82.564667
TBM1997061201,020,27.500167,-82.706667
TBM1997061203,020,27.534833,-82.6545
TBM1997061210,020,27.569333,-82.5825
TBM1997061602,020,27.8605,-82.385667
TBM1997061615,020,27.86,-82.4025
TBM1997061616,020,27.826333,-82.398667
TBM1997061702,020,27.821667,-82.491167
TBM1997061707,020,27.882167,-82.481
TBM1997061709,020,27.893167,-82.485167
TBM1997061806,020,27.812667,-82.766833
TBM1997061807,020,27.825167,-82.808333
TBM1997061808,020,27.748,-82.741
TBM1997061810,020,27.699833,-82.723
TBM1997061811,020,27.6375,-82.734167
TBM1997061812,020,27.651333,-82.715833
TBM1997061813,020,27.628333,-82.701667
TBM1997061815,020,27.679833,-82.688167000000007
TBM1997062301,020,27.986167,-82.609
TBM1997062302,020,28.004333,-82.6155
TBM1997062303,020,27.999667,-82.633833
TBM1997062304,020,28.004,-82.638833
TBM1997062306,020,28.000333,-82.6745
TBM1997062312,020,27.968167,-82.633833
TBM1997062401,020,27.788167,-82.621667
TBM1997062403,020,27.825833,-82.5915
TBM1997062404,020,27.741167,-82.625333
TBM1997062405,020,27.717,-82.618
TBM1997062406,020,27.705167,-82.635667
TBM1997070806,020,27.635333,-82.576
TBM1997070808,020,27.715333,-82.502833
TBM1997070811,020,27.724333,-82.49
TBM1997070927,020,27.533167,-82.657833
TBM1997071005,020,27.553667,-82.574833
TBM1997071006,020,27.573167,-82.6195
TBM1997071414,020,27.9,-82.4215
TBM1997071502,020,27.899,-82.487833
TBM1997071504,020,27.861667,-82.486333
TBM1997071510,020,27.822167,-82.507333
TBM1997071514,020,27.793,-82.420167
TBM1997071604,020,27.748833,-82.625833
TBM1997071607,020,27.699667,-82.640333
TBM1997071610,020,27.647333,-82.675667
TBM1997071613,020,27.624667,-82.7295
TBM1997071614,020,27.626833,-82.733667
TBM1997071617,020,27.701333,-82.721333
TBM1997071701,020,27.7045,-82.691833
TBM1997071703,020,27.716667,-82.709833
TBM1997071704,020,27.719667,-82.7285
TBM1997071708,020,27.810167,-82.787667
TBM1997072103,020,27.976833,-82.687
TBM1997072104,020,27.941,-82.720333
TBM1997072105,020,27.9375,-82.722833
TBM1997072107,020,27.965333,-82.657
TBM1997072108,020,27.954833,-82.550167
TBM1997072201,020,27.835333,-82.604167
TBM1997072202,020,27.8425,-82.589
TBM1997072203,020,27.854167,-82.592667
TBM1997072205,020,27.887333,-82.614
TBM1997080701,020,27.6805,-82.6645
TBM1997080702,020,27.700167,-82.659333
TBM1997080705,020,27.751667,-82.626167
TBM1997080716,020,27.628333,-82.700333
TBM1997080719,020,27.66,-82.700833
TBM1997080722,020,27.680667,-82.679167
TBM1997080727,020,27.710667,-82.734667
TBM1997080801,020,27.775167,-82.757167
TBM1997080803,020,27.796333,-82.776667
TBM1997080805,020,27.801333,-82.796
TBM1997081103,020,27.989833,-82.613667
TBM1997081106,020,27.995167,-82.623833
TBM1997081108,020,28.003167,-82.6775
TBM1997081111,020,27.913167,-82.672
TBM1997081114,020,27.9405,-82.547
TBM1997081115,020,27.9635,-82.5745
TBM1997081201,020,27.8465,-82.62
TBM1997081209,020,27.828,-82.527333
TBM1997081210,020,27.819,-82.616667
TBM1997081211,020,27.802667,-82.600333
TBM1997081308,020,27.525333,-82.622
TBM1997081311,020,27.549667,-82.578167
TBM1997081313,020,27.575,-82.598333
TBM1997081315,020,27.523667,-82.679
TBM1997081810,020,27.8225,-82.394167
TBM1997081902,020,27.866,-82.487167
TBM1997081905,020,27.814833,-82.394333
TBM1997081907,020,27.7735,-82.431833
TBM1997082101,020,27.747,-82.4765
TBM1997082103,020,27.733833,-82.492167
TBM1997091110,020,27.662167,-82.545667
TBM1997091112,020,27.718333,-82.5025
TBM1997091113,020,27.718333,-82.500833
TBM1997091114,020,27.715667,-82.488
TBM1997091504,020,27.719667,-82.728
TBM1997091506,020,27.742333,-82.729833
TBM1997091509,020,27.7905,-82.7755
TBM1997091512,020,27.809,-82.784333
TBM1997091513,020,27.701333,-82.686333
TBM1997091602,020,27.646167,-82.743333
TBM1997091603,020,27.668167,-82.700667
TBM1997091605,020,27.703667,-82.668833
TBM1997091608,020,27.707,-82.634
TBM1997091609,020,27.751333,-82.628333
TBM1997091801,020,27.968,-82.564333
TBM1997091805,020,27.533833,-82.655167
TBM1997091806,020,27.962,-82.686333
TBM1997091807,020,27.5035,-82.687
TBM1997091808,020,27.9615,-82.6875
TBM1997091812,020,27.576,-82.595
TBM1997091813,020,27.910833,-82.658667
TBM1997091814,020,27.562833,-82.587667
TBM1997091901,020,27.895833,-82.532833
TBM1997091902,020,27.915,-82.531333
TBM1997091903,020,27.825667,-82.6005
TBM1997091905,020,27.829,-82.552833
TBM1997091906,020,27.8435,-82.544167
TBM1997092202,020,27.824833,-82.395167
TBM1997092302,020,27.929,-82.414833
TBM1997092305,020,27.763,-82.441333
TBM1997100705,020,27.94,-82.551
TBM1997100707,020,27.9275,-82.533833
TBM1997100714,020,27.931,-82.706833
TBM1997100723,020,27.989167,-82.683167
TBM1997100725,020,28.018,-82.667
TBM1997100726,020,27.9995,-82.6365
TBM1997100801,020,27.833833,-82.602667
TBM1997100803,020,27.829833,-82.587833
TBM1997100806,020,27.830333,-82.581667
TBM1997100811,020,27.868667,-82.5885
TBM1997100913,020,27.883167,-82.479333
TBM1997100915,020,27.923167,-82.482833
TBM1997101004,020,27.822667,-82.5105
TBM1997101005,020,27.833333,-82.531667
TBM1997101011,020,27.771833,-82.433333
TBM1997101601,020,27.568333,-82.578667
TBM1997102105,020,27.748,-82.485667
TBM1997102106,020,27.724167,-82.489333
TBM1997102108,020,27.630667,-82.565667
TBM1997102109,020,27.624333,-82.571667
TBM1997102110,020,27.611333,-82.573833
TBM1997102111,020,27.5995,-82.595
TBM1997102201,020,27.699,-82.723
TBM1997102202,020,27.674167,-82.730833
TBM1997102203,020,27.639,-82.713333
TBM1997102204,020,27.6295,-82.699333
TBM1997102206,020,27.656667,-82.671333
TBM1997102208,020,27.691667,-82.7345
TBM1997102209,020,27.7175,-82.706167
TBM1997102305,020,27.810167,-82.785333
TBM1997111204,020,27.622167,-82.568667
TBM1997111206,020,27.686167,-82.540667
TBM1997111207,020,27.684,-82.5335
TBM1997111301,020,27.774,-82.6175
TBM1997111309,020,27.7375,-82.699833
TBM1997111402,020,27.829667,-82.811667
TBM1997111404,020,27.790167,-82.775
TBM1997111406,020,27.699333,-82.694833
TBM1997111407,020,27.699333,-82.691167
TBM1997111410,020,27.6315,-82.733667
TBM1997111416,020,27.679167,-82.6675
TBM1997111417,020,27.716,-82.63
TBM1997111418,020,27.702,-82.665333
TBM1997111704,020,27.951333,-82.72
TBM1997111705,020,27.938667,-82.721
TBM1997111706,020,27.970667,-82.596333
TBM1997111708,020,27.901833,-82.540333
TBM1997111802,020,27.845833,-82.588333
TBM1997111803,020,27.890667,-82.586333
TBM1997111804,020,27.8925,-82.587
TBM1997111807,020,27.8575,-82.5525
TBM1997111808,020,27.854333,-82.553667
TBM1997111911,020,27.575,-82.611
TBM1997111913,020,27.567833,-82.5715
TBM1997112102,020,27.899167,-82.4895
TBM1997112104,020,27.806,-82.424333
TBM1997112106,020,27.772667,-82.434333
TBM1997112107,020,27.754333,-82.454333
TBM1997112108,020,27.75,-82.483333
TBM1997112109,020,27.746667,-82.465333
TBM1997120304,020,27.716167,-82.506
TBM1997120305,020,27.634167,-82.567667
TBM1997120501,020,27.833833,-82.5295
TBM1997120505,020,27.685,-82.5325
TBM1997120509,020,27.7335,-82.494667
TBM1997120510,020,27.7405,-82.489667
TBM1997120511,020,27.750667,-82.468333
TBM1997120803,020,27.977833,-82.585333
TBM1997120804,020,27.978333,-82.606
TBM1997120805,020,27.999167,-82.660167
TBM1997120813,020,27.983167,-82.684833
TBM1997120815,020,27.911,-82.6445
TBM1997120904,020,27.830667,-82.553333
TBM1997120906,020,27.830167,-82.581833
TBM1997120907,020,27.796833,-82.599167
TBM1997120915,020,27.908333,-82.628667
TBM1997121608,020,27.504167,-82.689833
TBM1997121705,020,27.933,-82.416333
TBM1997121710,020,27.84,-82.399333
TBM1997121711,020,27.704167,-82.6945
TBM1997121715,020,27.814333,-82.492333
TBM1997121801,020,27.638833,-82.718667
TBM1997121803,020,27.644667,-82.7285
TBM1997121806,020,27.6515,-82.719
TBM1997121809,020,27.661333,-82.689833
TBM1997121811,020,27.649667,-82.681833
TBM1997121814,020,27.638667,-82.6915
TBM1997121816,020,27.6315,-82.697667
TBM1997121817,020,27.686,-82.645833
TBM1997121905,020,27.5905,-82.607667
TBM1998010906,020,27.950333,-82.720833
TBM1998010910,020,27.922167,-82.684
TBM1998010912,020,27.917,-82.673667
TBM1998010914,020,27.921167,-82.6405
TBM1998010915,020,27.819167,-82.4885
TBM1998010917,020,27.824167,-82.488333
TBM1998010920,020,27.786333,-82.4255
TBM1998010922,020,27.972167,-82.5985
TBM1998010926,020,27.862333,-82.405333
TBM1998010928,020,27.875667,-82.424667
TBM1998010929,020,27.8315,-82.400833
TBM1998011202,020,27.848333,-82.618833
TBM1998011502,020,27.548,-82.636167
TBM1998011503,020,27.551333,-82.616
TBM1998011505,020,27.567833,-82.567
TBM1998011506,020,27.568833,-82.574167
TBM1998011507,020,27.5385,-82.59
TBM1998012107,020,27.829167,-82.581333
TBM1998012115,020,27.7795,-82.622167
TBM1998012201,020,27.640833,-82.726
TBM1998012202,020,27.648333,-82.735667
TBM1998012205,020,27.647833,-82.711167
TBM1998012207,020,27.6625,-82.691667
TBM1998012208,020,27.6875,-82.675833
TBM1998012603,020,27.638833,-82.5635
TBM1998021003,020,27.937,-82.464167
TBM1998021005,020,27.8635,-82.435833
TBM1998021104,020,27.631167,-82.564667
TBM1998021201,020,27.847167,-82.620667
TBM1998021202,020,27.859667,-82.591833
TBM1998021203,020,28.029667,-82.685833
TBM1998021204,020,28.0175,-82.668333
TBM1998021205,020,27.917,-82.681833
TBM1998021206,020,27.937833,-82.7215
TBM1998021301,020,27.568667,-82.576167
TBM1998021302,020,27.548167,-82.582
TBM1998021303,020,27.509,-82.709833
TBM1998021304,020,27.5135,-82.686667
TBM1998021305,020,27.517333,-82.678833
TBM1998021703,020,27.708333,-82.6205
TBM1998021704,020,27.6485,-82.6735
TBM1998021705,020,27.632667,-82.695333
TBM1998021903,020,27.8475,-82.553167
TBM1998021904,020,27.885667,-82.532333
TBM1998022015,020,27.729667,-82.477167
TBM1998022303,020,27.736667,-82.71
TBM1998022501,020,27.787667,-82.4245
TBM1998022503,020,27.763333,-82.443167
TBM1998022605,020,27.645333,-82.743
TBM1998022607,020,27.664333,-82.741167
TBM1998031003,020,27.877333,-82.4835
TBM1998031005,020,27.891,-82.419333
TBM1998031008,020,27.893667,-82.413833
TBM1998031304,020,27.8565,-82.552667
TBM1998031306,020,27.893833,-82.638167
TBM1998031307,020,27.521167,-82.701
TBM1998031308,020,27.516333,-82.691833
TBM1998031309,020,27.527833,-82.694
TBM1998031602,020,27.548333,-82.583167
TBM1998031603,020,27.585,-82.617333
TBM1998031604,020,27.618667,-82.572833
TBM1998031705,020,27.791667,-82.4215
TBM1998031803,020,27.734,-82.623333
TBM1998031805,020,27.742,-82.633
TBM1998031808,020,27.749333,-82.626167
TBM1998032301,020,27.718333,-82.501667
TBM1998032402,020,27.988,-82.6215
TBM1998032403,020,27.998333,-82.654667
TBM1998032404,020,28.003333,-82.653667
TBM1998032405,020,28.029333,-82.690667
TBM1998032501,020,27.7115,-82.7085
TBM1998032502,020,27.695833,-82.715667
TBM1998032503,020,27.703667,-82.7215
TBM1998032504,020,27.7435,-82.7305
TBM1998032505,020,27.673,-82.737333
TBM1998040901,020,27.938333,-82.433333
TBM1998040904,020,27.8455,-82.419167
TBM1998041302,020,27.724333,-82.481833
TBM1998041304,020,27.759333,-82.45
TBM1998041306,020,27.7745,-82.434167
TBM1998041402,020,27.7055,-82.5165
TBM1998041407,020,27.603167,-82.549833
TBM1998041501,020,27.983167,-82.606667
TBM1998041503,020,27.97,-82.690333
TBM1998041508,020,27.9165,-82.684333
TBM1998041513,020,27.913833,-82.673833
TBM1998041603,020,27.833167,-82.554333
TBM1998041605,020,27.834,-82.5885
TBM1998041609,020,27.885667,-82.533
TBM1998041701,020,27.754833,-82.631
TBM1998041703,020,27.743,-82.6345
TBM1998041705,020,27.741833,-82.728833
TBM1998041706,020,27.736833,-82.702833
TBM1998041707,020,27.700833,-82.722833
TBM1998042002,020,27.639833,-82.739167
TBM1998042007,020,27.654833,-82.709833
TBM1998042101,020,27.5275,-82.624333
TBM1998042102,020,27.5685,-82.618833
TBM1998042105,020,27.5385,-82.606
TBM1998042106,020,27.546833,-82.5835
TBM1998050502,020,27.528833,-82.723833
TBM1998051103,020,27.928667,-82.475167
TBM1998051105,020,27.890667,-82.481167
TBM1998051202,020,27.997667,-82.635833
TBM1998051205,020,27.912167,-82.656333
TBM1998051206,020,27.912167,-82.660333
TBM1998051301,020,27.898167,-82.533667
TBM1998051302,020,27.9325,-82.537
TBM1998051305,020,27.828333,-82.582667
TBM1998051306,020,27.8045,-82.608167
TBM1998051901,020,27.739167,-82.479167
TBM1998051902,020,27.7475,-82.461333
TBM1998051905,020,27.8225,-82.438667
TBM1998052001,020,27.549333,-82.579333
TBM1998052007,020,27.575167,-82.608833
TBM1998052021,020,27.514167,-82.619833
TBM1998052101,020,27.714167,-82.617833
TBM1998052102,020,27.689667,-82.645
TBM1998052202,020,27.5905,-82.581667
TBM1998052203,020,27.6225,-82.5655
TBM1998052601,020,27.725333,-82.740167
TBM1998052602,020,27.728833,-82.737
TBM1998052603,020,27.6435,-82.735167
TBM1998052604,020,27.626167,-82.704167
TBM1998052605,020,27.635333,-82.695833
TBM1998061001,020,27.909167,-82.4885
TBM1998061003,020,27.924833,-82.479333
TBM1998061005,020,27.8725,-82.406333
TBM1998061102,020,27.792833,-82.4195
TBM1998061104,020,27.823667,-82.495
TBM1998061201,020,27.5525,-82.6345
TBM1998061202,020,27.552,-82.635833
TBM1998061205,020,27.563667,-82.568167
TBM1998061501,020,27.987833,-82.607833
TBM1998061503,020,27.995,-82.6335
TBM1998061505,020,27.997,-82.680333
TBM1998061506,020,27.990167,-82.682833
TBM1998061601,020,27.703333,-82.696667
TBM1998061604,020,27.650333,-82.677833
TBM1998061605,020,27.652333,-82.6865
TBM1998061607,020,27.637667,-82.722
TBM1998061608,020,27.714,-82.719333
TBM1998061706,020,27.5235,-82.6195
TBM1998061707,020,27.5175,-82.602
TBM1998061805,020,27.847833,-82.593333
TBM1998061808,020,27.8125,-82.598
TBM1998061810,020,27.796333,-82.599667
TBM1998061901,020,27.87,-82.539667
TBM1998061905,020,27.904167,-82.535833
TBM1998062202,020,27.654333,-82.549333
TBM1998070702,020,27.813667,-82.403
TBM1998070901,020,27.522,-82.673
TBM1998070903,020,27.5595,-82.628667
TBM1998070905,020,27.567167,-82.601333
TBM1998071002,020,27.941333,-82.4195
TBM1998071312,020,27.831167,-82.396167
TBM1998071316,020,27.909167,-82.489667
TBM1998071404,020,27.717333,-82.5015
TBM1998071406,020,27.6035,-82.5535
TBM1998071409,020,27.6025,-82.593667
TBM1998071411,020,27.632,-82.572667
TBM1998071604,020,27.626,-82.724167
TBM1998071605,020,27.645667,-82.740333
TBM1998071606,020,27.6685,-82.683667
TBM1998071607,020,27.676333,-82.6695
TBM1998071608,020,27.749,-82.750333
TBM1998071704,020,27.843667,-82.5435
TBM1998071705,020,27.864,-82.540167
TBM1998072101,020,27.871333,-82.593833
TBM1998072102,020,27.8645,-82.5955
TBM1998072105,020,27.917333,-82.681333
TBM1998072202,020,28.003333,-82.654167
TBM1998072204,020,28.030167,-82.669167
TBM1998072205,020,27.96,-82.688667
TBM1998072206,020,27.962833,-82.572667
TBM1998081207,020,27.511167,-82.687167
TBM1998081209,020,27.512833,-82.683167
TBM1998081210,020,27.5145,-82.682
TBM1998081303,020,27.91,-82.643167
TBM1998081403,020,27.848833,-82.472667
TBM1998081404,020,27.897667,-82.485833
TBM1998081405,020,27.929,-82.476333
TBM1998081701,020,27.95,-82.7225
TBM1998081703,020,27.960833,-82.695
TBM1998081708,020,27.960833,-82.549167
TBM1998081715,020,27.997833,-82.661
TBM1998081803,020,27.550833,-82.633333
TBM1998081804,020,27.553833,-82.6325
TBM1998081805,020,27.529833,-82.626667
TBM1998081902,020,27.7985,-82.599167
TBM1998081903,020,27.819,-82.617
TBM1998081904,020,27.8105,-82.599167
TBM1998081907,020,27.741333,-82.624667
TBM1998082003,020,27.719167,-82.4755
TBM1998082004,020,27.790833,-82.408333
TBM1998082102,020,27.6505,-82.678
TBM1998082104,020,27.6515,-82.716
TBM1998082106,020,27.696667,-82.714667
TBM1998082107,020,27.741833,-82.7295
TBM1998082108,020,27.722833,-82.697333
TBM1998090401,020,27.881167,-82.481167
TBM1998090408,020,27.937167,-82.417333
TBM1998090410,020,27.9255,-82.482
TBM1998090411,020,27.912,-82.446333
TBM1998090802,020,27.714,-82.719167
TBM1998090804,020,27.726833,-82.728833
TBM1998090805,020,27.74,-82.6905
TBM1998090809,020,27.6485,-82.673333
TBM1998090812,020,27.637833,-82.6995
TBM1998091101,020,27.871667,-82.532833
TBM1998091102,020,27.838167,-82.5405
TBM1998091103,020,27.941333,-82.547167
TBM1998091104,020,27.983167,-82.618333
TBM1998091403,020,27.949167,-82.723833
TBM1998091405,020,27.995833,-82.634167
TBM1998091406,020,28.034167,-82.677167
TBM1998091501,020,27.7195,-82.485667
TBM1998091505,020,27.6815,-82.498667
TBM1998091516,020,27.633833,-82.5695
TBM1998091604,020,27.503167,-82.710667
TBM1998091605,020,27.525333,-82.681333
TBM1998091606,020,27.525667,-82.6655
TBM1998091607,020,27.569,-82.608833
TBM1998092105,020,27.8265,-82.606333
TBM1998092401,020,27.736667,-82.641333
TBM1998100602,020,27.909833,-82.4625
TBM1998100604,020,27.932333,-82.4285
TBM1998100605,020,27.928167,-82.4165
TBM1998100607,020,27.928167,-82.417167
TBM1998100609,020,27.934167,-82.417333
TBM1998100702,020,27.840833,-82.6065
TBM1998100703,020,27.539,-82.638667
TBM1998100704,020,27.5415,-82.6055
TBM1998100705,020,27.826833,-82.581167
TBM1998100706,020,27.552,-82.575667
TBM1998100707,020,27.855667,-82.592667
TBM1998100801,020,27.689667,-82.685833
TBM1998100803,020,27.700333,-82.657
TBM1998100805,020,27.706,-82.634333
TBM1998100807,020,27.701333,-82.698833
TBM1998101301,020,27.960167,-82.701667
TBM1998101302,020,27.9525,-82.718833
TBM1998101308,020,27.937167,-82.5355
TBM1998101313,020,28.006667,-82.63
TBM1998101320,020,27.999667,-82.662333
TBM1998101406,020,27.652333,-82.7365
TBM1998101408,020,27.644,-82.7365
TBM1998101409,020,27.650833,-82.550833
TBM1998101410,020,27.604833,-82.566667
TBM1998101416,020,27.602667,-82.590833
TBM1998110202,020,27.934833,-82.416833
TBM1998110207,020,27.871333,-82.535
TBM1998110208,020,27.878333,-82.531667
TBM1998110209,020,27.751667,-82.458
TBM1998110210,020,27.751667,-82.458333
TBM1998110409,020,27.955667,-82.716333
TBM1998110410,020,27.968667,-82.6925
TBM1998110413,020,27.993833,-82.622333
TBM1998110414,020,27.8525,-82.399667
TBM1998110415,020,27.984333,-82.613
TBM1998110416,020,27.9745,-82.5705
TBM1998110602,020,27.704167,-82.682
TBM1998110604,020,27.705833,-82.687833
TBM1998110606,020,27.746333,-82.740667
TBM1998110609,020,27.694667,-82.706
TBM1998111010,020,27.674,-82.732333
TBM1998111205,020,27.835,-82.604333
TBM1998111206,020,27.744667,-82.480833
TBM1998111207,020,27.720167,-82.635333
TBM1998111601,020,27.517,-82.6315
TBM1998111602,020,27.513833,-82.688
TBM1998111606,020,27.614167,-82.5665
TBM1998111607,020,27.560833,-82.625167
TBM1998111608,020,27.5495,-82.626833
TBM1998111609,020,27.568333,-82.571
TBM1998120201,020,27.522,-82.6855
TBM1998120202,020,27.555333,-82.606667
TBM1998120204,020,27.5595,-82.593167
TBM1998120301,020,27.928167,-82.476667
TBM1998120306,020,27.6925,-82.527167
TBM1998120307,020,27.859667,-82.387833
TBM1998120308,020,27.6925,-82.527167
TBM1998120410,020,27.912167,-82.653
TBM1998120703,020,27.855167,-82.552833
TBM1998120704,020,27.829167,-82.5295
TBM1998120705,020,27.743333,-82.628
TBM1998120706,020,27.732667,-82.624833
TBM1998120805,020,27.999167,-82.6325
TBM1998120807,020,27.975667,-82.577667
TBM1998120810,020,27.9645,-82.665333
TBM1998120811,020,27.995,-82.661
TBM1998120910,020,27.775333,-82.436167
TBM1998120912,020,27.766,-82.4425
TBM1998121103,020,27.646167,-82.739667
TBM1998121105,020,27.620833,-82.714833
TBM1998121106,020,27.684,-82.674333
TBM1998121107,020,27.699167,-82.654667
TBM1998121108,020,27.719667,-82.698
TBM1998121501,020,27.722667,-82.479833
TBM1998121504,020,27.630167,-82.565833
TBM1999010402,020,27.932167,-82.428667
TBM1999010403,020,27.889167,-82.4165
TBM1999010502,020,27.971333,-82.687
TBM1999010504,020,27.975333,-82.584
TBM1999010602,020,27.802667,-82.594667
TBM1999010604,020,27.744167,-82.624833
TBM1999010605,020,27.744,-82.623667
TBM1999010708,020,27.558667,-82.6295
TBM1999010710,020,27.554,-82.633333
TBM1999010712,020,27.528333,-82.6075
TBM1999010714,020,27.505,-82.603833
TBM1999010810,020,27.750333,-82.473833
TBM1999010813,020,27.706833,-82.518
TBM1999010814,020,27.695833,-82.524333
TBM1999010815,020,27.680833,-82.645833
TBM1999011101,020,27.626333,-82.730167
TBM1999011102,020,27.6545,-82.718667
TBM1999011104,020,27.653333,-82.736667
TBM1999011107,020,27.736667,-82.704167
TBM1999011108,020,27.7015,-82.7145
TBM1999011201,020,27.924,-82.531667
TBM1999011203,020,27.921833,-82.6965
TBM1999011210,020,27.889,-82.624
TBM1999011901,020,27.8225,-82.44
TBM1999012007,020,27.528833,-82.719333
TBM1999020101,020,27.902333,-82.537167
TBM1999020102,020,27.888833,-82.622167
TBM1999020103,020,27.888833,-82.622167
TBM1999020803,020,27.632833,-82.696333
TBM1999020804,020,27.664167,-82.673167
TBM1999020806,020,27.699167,-82.721333
TBM1999020807,020,27.710833,-82.7325
TBM1999020808,020,27.749,-82.750167
TBM1999020905,020,27.896333,-82.413
TBM1999020910,020,27.711667,-82.633667
TBM1999021102,020,27.832833,-82.584333
TBM1999021103,020,27.846,-82.544833
TBM1999021105,020,27.8195,-82.616667
TBM1999021202,020,27.6625,-82.546
TBM1999021205,020,27.595833,-82.5825
TBM1999021502,020,27.992667,-82.635167
TBM1999021503,020,27.930167,-82.703
TBM1999021602,020,27.57,-82.563667
TBM1999021604,020,27.559167,-82.594667
TBM1999021609,020,27.504,-82.693
TBM1999021611,020,27.504833,-82.608
TBM1999021703,020,27.772333,-82.438833
TBM1999021705,020,27.812667,-82.402333
TBM1999021801,020,27.731333,-82.476833
TBM1999021802,020,27.723333,-82.479167
TBM1999030202,020,27.967667,-82.6885
TBM1999030206,020,27.956333,-82.7165
TBM1999030210,020,27.979333,-82.605667
TBM1999030402,020,27.648,-82.733333
TBM1999030403,020,27.648833,-82.7135
TBM1999030404,020,27.6445,-82.720333
TBM1999030901,020,27.933167,-82.415
TBM1999030902,020,27.9445,-82.422333
TBM1999030903,020,27.884833,-82.4065
TBM1999030906,020,27.8105,-82.410667
TBM1999031204,020,27.864833,-82.600833
TBM1999031205,020,27.889833,-82.6375
TBM1999031206,020,27.9265,-82.532167
TBM1999031601,020,27.803,-82.617833
TBM1999031602,020,27.805,-82.609333
TBM1999031604,020,27.809,-82.5915
TBM1999031605,020,27.688667,-82.678
TBM1999031607,020,27.7005,-82.661833
TBM1999032301,020,27.685167,-82.532
TBM1999032302,020,27.691,-82.528333
TBM1999032303,020,27.683667,-82.533833
TBM1999032304,020,27.664333,-82.546333
TBM1999032309,020,27.725333,-82.476667
TBM1999032402,020,27.520667,-82.6545
TBM1999032403,020,27.5135,-82.708667
TBM1999040101,020,27.645333,-82.737667
TBM1999040102,020,27.713333,-82.7205
TBM1999040104,020,27.713833,-82.720667
TBM1999040106,020,27.7225,-82.697667
TBM1999040111,020,27.653167,-82.713
TBM1999040205,020,27.992333,-82.622667
TBM1999040207,020,27.939167,-82.540833
TBM1999040208,020,27.923333,-82.534667
TBM1999040606,020,27.810333,-82.411
TBM1999040607,020,27.630833,-82.570833
TBM1999040608,020,27.823667,-82.399667
TBM1999040701,020,27.607167,-82.563333
TBM1999040702,020,27.931333,-82.413833
TBM1999040703,020,27.608333,-82.563333
TBM1999040704,020,27.941167,-82.459667
TBM1999040706,020,27.895,-82.431667
TBM1999041307,020,27.890667,-82.5875
TBM1999041315,020,27.908833,-82.632
TBM1999041402,020,27.774667,-82.626167
TBM1999041407,020,27.801333,-82.618333
TBM1999041410,020,27.810333,-82.597833
TBM1999041412,020,27.842833,-82.591833
TBM1999041511,020,27.504833,-82.603167
TBM1999041901,020,27.528667,-82.687167
TBM1999042002,020,27.528667,-82.706167
TBM1999050402,020,27.928167,-82.516833
TBM1999050409,020,27.839833,-82.536667
TBM1999050411,020,27.822167,-82.509333
TBM1999050604,020,27.879,-82.402833
TBM1999050605,020,27.866833,-82.437833
TBM1999050702,020,27.715,-82.618
TBM1999050703,020,27.7605,-82.442667
TBM1999050704,020,27.7055,-82.635833
TBM1999050705,020,27.772,-82.431833
TBM1999050706,020,27.7,-82.651333
TBM1999051011,020,27.828167,-82.607833
TBM1999051109,020,27.625333,-82.730667
TBM1999051113,020,27.667667,-82.7165
TBM1999051117,020,27.7025,-82.712833
TBM1999051119,020,27.720833,-82.728
TBM1999051201,020,27.660833,-82.552
TBM1999051203,020,27.598833,-82.5545
TBM1999051204,020,27.604667,-82.586667
TBM1999051205,020,27.575,-82.616667
TBM1999051401,020,27.9615,-82.6915
TBM1999051404,020,28.017667,-82.6665
TBM1999051406,020,28.006333,-82.637833
TBM1999051407,020,27.987833,-82.613
TBM1999051802,020,27.5215,-82.6075
TBM1999051814,020,27.514,-82.686167
TBM1999060201,020,27.749,-82.749833
TBM1999060202,020,27.768833,-82.436667
TBM1999060206,020,27.7045,-82.685
TBM1999060207,020,27.633,-82.6995
TBM1999060209,020,27.662167,-82.7065
TBM1999060210,020,27.6585,-82.723
TBM1999060402,020,27.788333,-82.621333
TBM1999060406,020,27.8735,-82.595667
TBM1999060808,020,27.624667,-82.57
TBM1999060811,020,27.591,-82.581167
TBM1999060907,020,27.8335,-82.534833
TBM1999060910,020,27.9145,-82.533167
TBM1999060911,020,27.927333,-82.533
TBM1999061001,020,27.511667,-82.679167
TBM1999061002,020,27.525333,-82.6675
TBM1999061005,020,27.542,-82.587167
TBM1999061006,020,27.501167,-82.588833
TBM1999061610,020,27.917833,-82.661
TBM1999061619,020,27.998,-82.656667
TBM1999061622,020,28.019667,-82.6425
TBM1999061705,020,27.852833,-82.477167
TBM1999061713,020,27.908333,-82.448667
TBM1999061715,020,27.931833,-82.427667
TBM1999061717,020,27.9435,-82.405833
TBM1999061808,020,27.707333,-82.623333
TBM1999070602,020,27.896,-82.532333
TBM1999070605,020,27.943167,-82.420667
TBM1999070606,020,27.945833,-82.428667
TBM1999070608,020,27.940833,-82.4595
TBM1999070609,020,27.5975,-82.579333
TBM1999070610,020,27.641833,-82.561
TBM1999070611,020,27.748833,-82.750333
TBM1999070612,020,27.700667,-82.519
TBM1999070613,020,27.684,-82.532167
TBM1999070702,020,27.630167,-82.730833
TBM1999070705,020,27.680833,-82.671167
TBM1999070706,020,27.709667,-82.7115
TBM1999071203,020,27.521667,-82.673833
TBM1999071204,020,27.512833,-82.680333
TBM1999071301,020,27.811333,-82.5965
TBM1999071302,020,27.753667,-82.627833
TBM1999071304,020,27.742167,-82.628167
TBM1999071307,020,27.72,-82.631167
TBM1999071309,020,27.683333,-82.650333
TBM1999071407,020,27.721167,-82.484167
TBM1999071503,020,27.5375,-82.591333
TBM1999071602,020,28.033167,-82.675167
TBM1999071607,020,27.9725,-82.568667
TBM1999072302,020,27.891667,-82.633
TBM1999072304,020,27.910667,-82.644667
TBM1999080307,020,27.8525,-82.554833
TBM1999080308,020,27.895833,-82.539333
TBM1999080405,020,27.9385,-82.432167
TBM1999080406,020,27.877,-82.4245
TBM1999080412,020,27.863167,-82.4835
TBM1999080413,020,27.881,-82.480667
TBM1999080508,020,27.956167,-82.546
TBM1999080509,020,27.9355,-82.5375
TBM1999080510,020,27.926333,-82.533667
TBM1999080601,020,27.788333,-82.622
TBM1999080603,020,27.718333,-82.628167
TBM1999081011,020,27.725167,-82.728
TBM1999081013,020,27.737167,-82.705333
TBM1999081014,020,27.7185,-82.700167
TBM1999081016,020,27.636,-82.700667
TBM1999081017,020,27.629833,-82.704833
TBM1999081101,020,27.739833,-82.468833
TBM1999081106,020,27.669167,-82.538667
TBM1999081207,020,27.529167,-82.690833
TBM1999081210,020,27.525833,-82.729167
TBM1999081214,020,27.5725,-82.614167
TBM1999081216,020,27.544167,-82.6075
TBM1999081219,020,27.529167,-82.6025
TBM1999081301,020,27.847,-82.621
TBM1999081302,020,27.940167,-82.722833
TBM1999090302,020,27.8175,-82.399333
TBM1999090306,020,27.877667,-82.4825
TBM1999090308,020,27.887167,-82.405833
TBM1999090801,020,27.9375,-82.7175
TBM1999090803,020,27.965833,-82.690833
TBM1999090808,020,27.539833,-82.615333
TBM1999090810,020,28.014167,-82.629167
TBM1999090812,020,27.984167,-82.609167
TBM1999090813,020,27.5225,-82.6085
TBM1999090814,020,27.990833,-82.619167
TBM1999091004,020,27.724,-82.4765
TBM1999091301,020,27.834833,-82.601667
TBM1999091304,020,27.788333,-82.621667
TBM1999091305,020,27.530833,-82.689167
TBM1999091308,020,27.520833,-82.684167
TBM1999091309,020,27.737167,-82.640333
TBM1999091601,020,27.848333,-82.552
TBM1999091603,020,27.822,-82.510167
TBM1999091707,020,27.6455,-82.674167
TBM1999091709,020,27.668,-82.6875
TBM1999091711,020,27.650167,-82.732833
TBM1999091717,020,27.7245,-82.7275
TBM1999091720,020,27.6995,-82.723
TBM1999092304,020,27.624167,-82.566333
TBM1999092305,020,27.576167,-82.595333
TBM1999100404,020,27.5485,-82.5805
TBM1999100405,020,27.688167,-82.7165
TBM1999100410,020,27.6405,-82.7185
TBM1999100411,020,27.510167,-82.7095
TBM1999100601,020,27.701167,-82.662833
TBM1999100603,020,27.679833,-82.665
TBM1999100604,020,27.699333,-82.691667
TBM1999100606,020,27.759833,-82.448167
TBM1999100610,020,27.7285,-82.4775
TBM1999100616,020,27.916667,-82.535333
TBM1999100617,020,27.902333,-82.535333
TBM1999100619,020,27.896833,-82.532167
TBM1999100620,020,27.878167,-82.532167
TBM1999100807,020,27.851667,-82.590667
TBM1999101108,020,27.8955,-82.639833
TBM1999101109,020,27.895167,-82.631
TBM1999101415,020,27.757167,-82.625667000000007
TBM1999101418,020,27.7875,-82.6225
TBM1999101901,020,27.9325,-82.413333
TBM1999101902,020,27.931,-82.426833
TBM1999101903,020,27.8845,-82.426833
TBM1999102102,020,27.603,-82.549833
TBM1999102104,020,27.590167,-82.601
TBM1999102105,020,27.632833,-82.565667
TBM1999102106,020,27.6775,-82.536833
TBM1999110104,020,27.843667,-82.5415
TBM1999110106,020,27.522833,-82.68
TBM1999110108,020,27.527,-82.683
TBM1999110110,020,27.896833,-82.5375
TBM1999110205,020,28.016833,-82.642667
TBM1999110209,020,27.915667,-82.6835
TBM1999110403,020,27.565333,-82.566667
TBM1999110405,020,27.565167,-82.585333
TBM1999110407,020,27.552667,-82.6325
TBM1999110509,020,27.679667,-82.503833
TBM1999110801,020,27.694333,-82.713167
TBM1999110802,020,27.699167,-82.721
TBM1999110804,020,27.734,-82.692167
TBM1999110812,020,27.642167,-82.670333
TBM1999110813,020,27.6295,-82.700333
TBM1999110901,020,27.893,-82.484167
TBM1999110902,020,27.941,-82.421167
TBM1999110903,020,27.897333,-82.432
TBM1999110905,020,27.885,-82.409667
TBM1999110907,020,27.847333,-82.401
TBM1999111003,020,27.864667,-82.596
TBM1999111005,020,27.865667,-82.593333
TBM1999111006,020,27.8925,-82.588333
TBM1999111011,020,27.929333,-82.533
TBM1999111206,020,27.6985,-82.644
TBM1999120101,020,27.9095,-82.625833
TBM1999120102,020,27.912167,-82.673667
TBM1999120107,020,27.9725,-82.580167
TBM1999120204,020,27.684167,-82.524
TBM1999120301,020,27.883333,-82.536833
TBM1999120304,020,27.5395,-82.589667
TBM1999120306,020,27.552667,-82.633667
TBM1999120308,020,27.8525,-82.611
TBM1999120310,020,27.881833,-82.615667
TBM1999120311,020,27.927333,-82.533167
TBM1999120602,020,27.8685,-82.426667
TBM1999120608,020,27.914,-82.491
TBM1999120609,020,27.845833,-82.469167
TBM1999120610,020,27.8025,-82.619167
TBM1999120709,020,27.853167,-82.396333
TBM1999120713,020,27.855,-82.4075
TBM1999120905,020,27.732833,-82.6235
TBM1999120909,020,27.518,-82.595667
TBM1999120910,020,27.680167,-82.657
TBM1999120911,020,27.584833,-82.607167
TBM1999120912,020,27.591,-82.590167
TBM1999121001,020,27.734167,-82.692667
TBM1999121002,020,27.648833,-82.713167
TBM1999121003,020,27.632,-82.724833
TBM1999121005,020,27.669167,-82.738333
TBM2000010501,020,27.535667,-82.594333
TBM2000010503,020,27.573333,-82.569167
TBM2000010505,020,27.561833,-82.607167
TBM2000010601,020,27.683833,-82.6535
TBM2000010602,020,27.679333,-82.664167
TBM2000010603,020,27.646833,-82.675167
TBM2000010611,020,27.738,-82.699667
TBM2000010710,020,27.897167,-82.4875
TBM2000011001,020,27.7225,-82.495833
TBM2000011002,020,27.718333,-82.503167
TBM2000011003,020,27.712,-82.5105
TBM2000011004,020,27.595833,-82.588
TBM2000011008,020,27.696167,-82.516167
TBM2000011102,020,27.757667,-82.452333
TBM2000011108,020,27.733167,-82.476667
TBM2000011202,020,27.959333,-82.692667
TBM2000011204,020,27.995,-82.679
TBM2000011205,020,27.991667,-82.6285
TBM2000011206,020,27.971,-82.604833
TBM2000011302,020,27.833667,-82.533333
TBM2000011303,020,27.832667,-82.532333
TBM2000011305,020,27.845667,-82.554833
TBM2000011306,020,27.844167,-82.553333
TBM2000011907,020,27.840833,-82.606667
TBM2000011919,020,27.909167,-82.654833
TBM2000020301,020,27.854167,-82.615833
TBM2000020303,020,27.854333,-82.612
TBM2000020305,020,27.845333,-82.549333
TBM2000020307,020,27.924667,-82.645667
TBM2000020403,020,27.732833,-82.4925
TBM2000020405,020,27.731667,-82.621667
TBM2000020406,020,27.763333,-82.456667
TBM2000020407,020,27.7435,-82.63
TBM2000020408,020,27.7625,-82.444167
TBM2000020802,020,27.793,-82.421167
TBM2000020805,020,27.841833,-82.405833
TBM2000020808,020,27.9405,-82.432833
TBM2000020905,020,27.582,-82.6135
TBM2000020907,020,27.566667,-82.567667
TBM2000020910,020,27.543833,-82.605333
TBM2000021001,020,27.701167,-82.680167
TBM2000021002,020,27.736833,-82.704667
TBM2000021004,020,27.7005,-82.660167
TBM2000021007,020,27.6385,-82.706167
TBM2000021501,020,27.9705,-82.618167
TBM2000021502,020,27.996,-82.6435
TBM2000021505,020,28.031333,-82.672333
TBM2000021601,020,27.604167,-82.588167
TBM2000021604,020,27.686333,-82.531167
TBM2000022201,020,28.025,-82.665667
TBM2000030103,020,27.864,-82.5425
TBM2000030105,020,27.885167,-82.531
TBM2000030202,020,27.805833,-82.6085
TBM2000030203,020,27.843167,-82.617667
TBM2000030204,020,27.741167,-82.624167
TBM2000030205,020,27.750167,-82.627167
TBM2000030308,020,27.912,-82.658833
TBM2000030701,020,27.851,-82.4705
TBM2000030702,020,27.791667,-82.421333
TBM2000030809,020,27.820333,-82.386667
TBM2000030810,020,27.814167,-82.399833
TBM2000030902,020,27.639667,-82.563
TBM2000030907,020,27.745333,-82.48
TBM2000031301,020,27.648833,-82.7115
TBM2000031303,020,27.654167,-82.678833
TBM2000031304,020,27.626167,-82.703833
TBM2000031306,020,27.634833,-82.7015
TBM2000031402,020,27.548167,-82.630667
TBM2000031408,020,27.509167,-82.686833
TBM2000031410,020,27.504167,-82.603
TBM2000031411,020,27.504167,-82.590667
TBM2000031502,020,27.993167,-82.621167
TBM2000031503,020,28.005333,-82.62
TBM2000031505,020,28.0045,-82.676333
TBM2000032104,020,27.894167,-82.415333
TBM2000040501,020,27.805333,-82.446
TBM2000040502,020,27.8045,-82.423167
TBM2000040504,020,27.701667,-82.521
TBM2000040508,020,27.609833,-82.558167
TBM2000040702,020,27.568667,-82.580667
TBM2000040704,020,27.548833,-82.633333
TBM2000040705,020,27.563167,-82.623
TBM2000040706,020,27.573333,-82.590667
TBM2000041702,020,27.8025,-82.618
TBM2000041704,020,27.829667,-82.6015
TBM2000041706,020,27.839333,-82.605333
TBM2000041708,020,27.855333,-82.596667
TBM2000041714,020,27.9795,-82.609
TBM2000041715,020,27.997833,-82.636
TBM2000041716,020,27.988667,-82.613833
TBM2000041717,020,27.9855,-82.607667
TBM2000041718,020,27.972333,-82.569333
TBM2000041803,020,27.6805,-82.714667
TBM2000041804,020,27.654,-82.678833
TBM2000041808,020,27.699333,-82.6885
TBM2000041810,020,27.6995,-82.692
TBM2000041906,020,27.877833,-82.532333
TBM2000042001,020,27.871,-82.4375
TBM2000042004,020,27.8975,-82.432167
TBM2000042009,020,27.931833,-82.428167
TBM2000050301,020,27.741333,-82.486667
TBM2000050306,020,27.8055,-82.425333
TBM2000050308,020,27.819,-82.4025
TBM2000050310,020,27.868167,-82.487
TBM2000050409,020,27.932833,-82.413667
TBM2000050411,020,27.943167,-82.415167
TBM2000050504,020,27.599833,-82.556667
TBM2000050508,020,27.608667,-82.5685
TBM2000050906,020,27.569,-82.580167
TBM2000050907,020,27.5715,-82.562667
TBM2000050910,020,27.568167,-82.571
TBM2000051001,020,27.998333,-82.633333
TBM2000051003,020,28,-82.655
TBM2000051201,020,27.8435,-82.617
TBM2000051202,020,27.843667,-82.610333
TBM2000051203,020,27.821,-82.616167
TBM2000051204,020,27.7905,-82.607833
TBM2000051205,020,27.7885,-82.6215
TBM2000051502,020,27.961667,-82.573167
TBM2000051503,020,27.905667,-82.638333
TBM2000051504,020,27.903667,-82.646833
TBM2000051601,020,27.737,-82.701167
TBM2000051603,020,27.691,-82.677667
TBM2000051604,020,27.6855,-82.676167
TBM2000051607,020,27.7055,-82.674167
TBM2000052606,020,27.943333,-82.41215
TBM2000052608,020,27.943117,-82.411933
TBM2000052609,020,27.946333,-82.428333
TBM2000052612,020,27.946433,-82.427483
TBM2000052613,020,27.931867,-82.428283
TBM2000052615,020,27.931733,-82.427667
TBM2000052618,020,27.935833,-82.432583
TBM2000052619,020,27.935183,-82.432583
TBM2000052620,020,27.93725,-82.413567
TBM2000052621,020,27.937483,-82.416
TBM2000052622,020,27.94175,-82.432767
TBM2000052623,020,27.944267,-82.4309
TBM2000060207,020,27.836333,-82.582833
TBM2000060209,020,27.8945,-82.638167
TBM2000060210,020,27.961833,-82.572
TBM2000060211,020,27.935167,-82.5355
TBM2000060505,020,27.531333,-82.596333
TBM2000060506,020,27.568,-82.5705
TBM2000060604,020,27.548833,-82.633667
TBM2000060605,020,27.527167,-82.703833
TBM2000060808,020,27.713,-82.455667
TBM2000061306,020,27.94225,-82.419683
TBM2000061308,020,27.9427,-82.419883
TBM2000061311,020,27.939417,-82.433817
TBM2000061312,020,27.9381,-82.433717
TBM2000061313,020,27.935733,-82.433217
TBM2000061314,020,27.937033,-82.433217
TBM2000061315,020,27.92935,-82.413317
TBM2000061316,020,27.928583,-82.413683
TBM2000061317,020,27.932233,-82.415183
TBM2000061318,020,27.93365,-82.415483
TBM2000061319,020,27.928633,-82.423533
TBM2000061320,020,27.92915,-82.424117
TBM2000061401,020,27.741833,-82.630167
TBM2000061403,020,27.700667,-82.659833
TBM2000061405,020,27.723,-82.697167
TBM2000061412,020,27.645167,-82.738
TBM2000061418,020,27.681,-82.692
TBM2000061904,020,27.7175,-82.501167
TBM2000061908,020,27.674667,-82.518
TBM2000062003,020,27.825833,-82.501
TBM2000062004,020,27.866,-82.487333
TBM2000062005,020,27.875667,-82.483
TBM2000062007,020,27.881333,-82.405333
TBM2000062101,020,27.788,-82.621667
TBM2000062102,020,27.7885,-82.620833
TBM2000062105,020,27.846833,-82.618333
TBM2000062601,020,27.999667,-82.6765
TBM2000062612,020,27.9715,-82.6075
TBM2000070601,020,28.004,-82.622167
TBM2000070604,020,27.924667,-82.688667
TBM2000070605,020,27.922667,-82.688333
TBM2000070702,020,27.727833,-82.477
TBM2000070703,020,27.6555,-82.728833
TBM2000070704,020,27.6915,-82.527167
TBM2000070705,020,27.699833,-82.718167
TBM2000070706,020,27.626333,-82.570167
TBM2000070708,020,27.595667,-82.575667
TBM2000070709,020,27.573667,-82.618
TBM2000070710,020,27.537167,-82.652167
TBM2000071009,020,27.932683,-82.413983
TBM2000071012,020,27.930983,-82.415083
TBM2000071013,020,27.931,-82.416733
TBM2000071016,020,27.926133,-82.4191
TBM2000071018,020,27.929,-82.424333
TBM2000071019,020,27.931333,-82.424783
TBM2000071023,020,27.943667,-82.431467
TBM2000071024,020,27.9467,-82.426433
TBM2000071025,020,27.927667,-82.415633
TBM2000071026,020,27.938667,-82.4143
TBM2000071311,020,27.890833,-82.644833
TBM2000071313,020,27.883,-82.621167
TBM2000071417,020,27.965167,-82.566333
TBM2000071701,020,27.731833,-82.621833
TBM2000071702,020,27.732667,-82.623333
TBM2000071703,020,27.715167,-82.6315
TBM2000071705,020,27.680833,-82.652333
TBM2000071706,020,27.665333,-82.677833
TBM2000071707,020,27.703667,-82.6365
TBM2000072001,020,27.86,-82.485667
TBM2000072401,020,27.930833,-82.413667
TBM2000072406,020,27.814667,-82.402333
TBM2000072407,020,27.843333,-82.418833
TBM2000072408,020,27.9135,-82.445167
TBM2000080307,020,27.674833,-82.538667
TBM2000080308,020,27.651333,-82.550333
TBM2000080402,020,27.914167,-82.535
TBM2000080404,020,27.96,-82.7025
TBM2000080405,020,27.9255,-82.694833
TBM2000080407,020,27.848,-82.6115
TBM2000080409,020,27.8025,-82.6175
TBM2000080410,020,27.798667,-82.599
TBM2000080411,020,27.8465,-82.5545
TBM2000080412,020,27.8795,-82.532333
TBM2000080810,020,27.9895,-82.6855
TBM2000080811,020,27.988167,-82.686667
TBM2000080906,020,27.645167,-82.703333
TBM2000080908,020,27.701167,-82.698
TBM2000080910,020,27.703167,-82.7115
TBM2000080912,020,27.703833,-82.7195
TBM2000081102,020,27.881333,-82.404833
TBM2000081104,020,27.863667,-82.4335
TBM2000081105,020,27.824,-82.4935
TBM2000081106,020,27.854333,-82.480167
TBM2000081107,020,27.882167,-82.4815
TBM2000081108,020,27.8985,-82.487167
TBM2000081503,020,27.5295,-82.626333
TBM2000081507,020,27.551333,-82.633833
TBM2000081508,020,27.539167,-82.636
TBM2000081705,020,27.9267,-82.419217
TBM2000081706,020,27.928233,-82.416083
TBM2000081707,020,27.930333,-82.415367
TBM2000081708,020,27.933867,-82.4147
TBM2000081709,020,27.928367,-82.4241
TBM2000081710,020,27.937433,-82.433817
TBM2000081711,020,27.9459,-82.42945
TBM2000081712,020,27.943283,-82.431683
TBM2000081713,020,27.947317,-82.423983
TBM2000081714,020,27.9358,-82.413133
TBM2000090601,020,27.6415,-82.730667
TBM2000090603,020,27.645667,-82.7395
TBM2000090607,020,27.753333,-82.628167
TBM2000090612,020,27.691333,-82.734333
TBM2000090613,020,27.6725,-82.729833
TBM2000090701,020,27.86,-82.485667
TBM2000090710,020,27.888,-82.413333
TBM2000090802,020,27.785,-82.426333
TBM2000090803,020,27.7585,-82.449833
TBM2000090810,020,27.7095,-82.475
TBM2000090811,020,27.736667,-82.490167
TBM2000091106,020,27.833833,-82.527
TBM2000091108,020,27.839833,-82.540667
TBM2000091109,020,27.615167,-82.569667
TBM2000091110,020,27.6065,-82.566833
TBM2000091203,020,27.569667,-82.619167
TBM2000091206,020,27.853833,-82.611833
TBM2000091207,020,27.528667,-82.689
TBM2000091209,020,27.803,-82.602833
TBM2000091210,020,27.532833,-82.638667
TBM2000091304,020,27.912333,-82.636833
TBM2000091308,020,27.913333,-82.672167
TBM2000091402,020,28.023333,-82.666
TBM2000091403,020,27.914,-82.5345
TBM2000091404,020,27.976167,-82.565333
TBM2000091901,020,27.931483,-82.428117
TBM2000091902,020,27.9295,-82.413967
TBM2000091903,020,27.933717,-82.414717
TBM2000091904,020,27.935883,-82.414883
TBM2000091909,020,27.9456,-82.426483
TBM2000091910,020,27.945667,-82.42915
TBM2000091911,020,27.9432,-82.431483
TBM2000091912,020,27.941017,-82.433
TBM2000091913,020,27.93615,-82.43335
TBM2000091914,020,27.941983,-82.417483
TBM2000100202,020,27.908333,-82.645667
TBM2000100203,020,27.914333,-82.6715
TBM2000100204,020,27.925667,-82.692333
TBM2000100207,020,28.017667,-82.6665
TBM2000100305,020,27.897167,-82.533167
TBM2000100413,020,27.8485,-82.5955
TBM2000100415,020,27.8365,-82.6035
TBM2000100418,020,27.864833,-82.545667
TBM2000100601,020,27.519667,-82.597333
TBM2000100604,020,27.618833,-82.5665
TBM2000100609,020,27.521667,-82.701167
TBM2000101103,020,27.898167,-82.435
TBM2000101104,020,27.814833,-82.402667
TBM2000101105,020,27.847167,-82.412333
TBM2000101106,020,27.852333,-82.3985
TBM2000101301,020,27.668667,-82.680167
TBM2000101303,020,27.672667,-82.693833
TBM2000101304,020,27.681667,-82.690833
TBM2000101305,020,27.662333,-82.694167
TBM2000101306,020,27.613167,-82.732667
TBM2000101801,020,27.927167,-82.42225
TBM2000101803,020,27.927667,-82.415367
TBM2000101805,020,27.930317,-82.415783
TBM2000101808,020,27.944283,-82.42315
TBM2000101809,020,27.946367,-82.428167
TBM2000101812,020,27.9418,-82.43105
TBM2000101813,020,27.94035,-82.433033
TBM2000101814,020,27.94205,-82.424217
TBM2000101816,020,27.942067,-82.420583
TBM2000101821,020,27.93615,-82.417467
TBM2000102606,020,27.755,-82.627667
TBM2000102608,020,27.749667,-82.625833
TBM2000102701,020,27.676,-82.538667
TBM2000102702,020,27.7195,-82.500167
TBM2000102704,020,27.7485,-82.474
TBM2000110301,020,27.762167,-82.445667
TBM2000110303,020,27.689,-82.5295
TBM2000110304,020,27.677667,-82.540167
TBM2000110607,020,27.839833,-82.537667
TBM2000110609,020,27.836667,-82.557333
TBM2000110611,020,27.835167,-82.589
TBM2000110809,020,27.699667,-82.6425
TBM2000110810,020,27.7205,-82.635833
TBM2000110917,020,27.856167,-82.403833
TBM2000110920,020,27.8855,-82.404833
TBM2000111401,020,27.936,-82.433167
TBM2000111402,020,27.943167,-82.413833
TBM2000111404,020,27.8205,-82.4735
TBM2000111703,020,27.5555,-82.628833
TBM2000111704,020,27.557,-82.602167
TBM2000111705,020,27.5555,-82.606167
TBM2000111706,020,27.7475,-82.735667
TBM2000111708,020,27.703167,-82.722
TBM2000112101,020,27.9395,-82.7225
TBM2000112102,020,27.926833,-82.698333
TBM2000112104,020,27.959,-82.565833
TBM2000112106,020,28.020333,-82.666833
TBM2000112107,020,28.028,-82.666167
TBM2000112810,020,27.942517,-82.418983
TBM2000112813,020,27.945533,-82.42505
TBM2000112814,020,27.941517,-82.4241
TBM2000112816,020,27.945383,-82.4303
TBM2000112817,020,27.938167,-82.434083
TBM2000112819,020,27.9351,-82.41515
TBM2000112820,020,27.937533,-82.41735
TBM2000112821,020,27.933167,-82.4162
TBM2000112822,020,27.9407,-82.420117
TBM2000112823,020,27.936183,-82.414883
TBM2000112904,020,27.687667,-82.683167
TBM2000112905,020,27.631,-82.697333
TBM2000120102,020,27.913,-82.6655
TBM2000120105,020,27.881167,-82.6075
TBM2000120110,020,27.8475,-82.619667
TBM2000120111,020,27.8065,-82.611833
TBM2000120112,020,27.848833,-82.589667
TBM2000120511,020,27.918167,-82.4895
TBM2000120702,020,27.852833,-82.398833
TBM2000120809,020,27.961333,-82.690833
TBM2000120812,020,27.996833,-82.676333
TBM2000120814,020,27.999667,-82.679167
TBM2000121108,020,27.93735,-82.433667
TBM2000121109,020,27.9403,-82.433117
TBM2000121111,020,27.943683,-82.431067
TBM2000121113,020,27.942667,-82.4157
TBM2000121114,020,27.94075,-82.41385
TBM2000121116,020,27.932417,-82.413717
TBM2000121117,020,27.932683,-82.4177
TBM2000121118,020,27.927417,-82.422567
TBM2000121119,020,27.928583,-82.423667
TBM2000121121,020,27.93185,-82.428167
TBM2000121217,020,27.694,-82.525333
TBM2000121221,020,27.6755,-82.5125
TBM2000121301,020,27.554,-82.600167
TBM2000121302,020,27.554833,-82.635
TBM2000121309,020,27.586667,-82.611667
TBM2000121411,020,27.707167,-82.705333
TBM2000121414,020,27.670167,-82.673333
TBM2000121416,020,27.679167,-82.6645
TBM2000121418,020,27.6525,-82.730833
TBM2000121802,020,27.787333,-82.413667
TBM2000121803,020,27.820667,-82.507833
TBM2000121806,020,27.757333,-82.483833
TBM2000121807,020,27.760167,-82.468167
TBM2000122104,020,27.848,-82.555
TBM2000122111,020,27.929667,-82.534167
TBM2001010102,020,27.879317,-82.608033
TBM2001010103,020,27.878867,-82.5959
TBM2001010203,020,27.852083,-82.55485
TBM2001010204,020,27.8554,-82.552983
TBM2001010205,020,27.86555,-82.5431
TBM2001010304,020,27.848683,-82.46925
TBM2001010403,020,27.684083,-82.651117
TBM2001010901,020,27.987833,-82.686
TBM2001010902,020,27.924833,-82.689667
TBM2001010905,020,27.991167,-82.6225
TBM2001011001,020,27.934967,-82.541217
TBM2001011002,020,27.96305,-82.556967
TBM2001011101,020,27.8575,-82.405333
TBM2001011102,020,27.883667,-82.424167
TBM2001011105,020,27.804333,-82.415167
TBM2001011201,020,27.6808,-82.537317
TBM2001011202,020,27.752467,-82.4655
TBM2001011203,020,27.745917,-82.464533
TBM2001011303,020,27.648067,-82.7334
TBM2001011304,020,27.64685,-82.712183
TBM2001011305,020,27.64465,-82.722183
TBM2001011401,020,27.524,-82.70085
TBM2001011403,020,27.58075,-82.612333
TBM2001011404,020,27.585667,-82.61545
TBM2001011405,020,27.603333,-82.55845
TBM2001014302,020,27.940533,-82.431867
TBM2001014303,020,27.943217,-82.430583
TBM2001014304,020,27.9403,-82.421133
TBM2001014306,020,27.931767,-82.4242
TBM2001014307,020,27.92875,-82.423483
TBM2001014310,020,27.929817,-82.416617
TBM2001014311,020,27.933767,-82.41625
TBM2001014312,020,27.9331,-82.415333
TBM2001014313,020,27.9354,-82.415983
TBM2001014314,020,27.93595,-82.4331
TBM2001020104,020,27.940033,-82.415467
TBM2001020105,020,27.938083,-82.416967
TBM2001020201,020,27.795717,-82.59965
TBM2001020204,020,27.8334,-82.52845
TBM2001020502,020,27.527783,-82.70355
TBM2001020601,020,27.522483,-82.622467
TBM2001020602,020,27.52735,-82.599917
TBM2001020901,020,27.688617,-82.644417
TBM2001020902,020,27.680067,-82.649733
TBM2001020903,020,27.680067,-82.655717
TBM2001020904,020,27.552933,-82.601133
TBM2001020905,020,27.560667,-82.627217
TBM2001020907,020,27.732017,-82.476683
TBM2001021003,020,27.692117,-82.703633
TBM2001021004,020,27.665467,-82.741667
TBM2001021005,020,27.627867,-82.723617
TBM2001021101,020,27.874883,-82.42455
TBM2001021103,020,27.840817,-82.467667
TBM2001021105,020,27.820433,-82.399267
TBM2001021201,020,27.896933,-82.627017
TBM2001021202,020,27.861183,-82.6207
TBM2001021301,020,27.953233,-82.720183
TBM2001021302,020,27.933833,-82.709967
TBM2001021303,020,27.908567,-82.651217
TBM2001021305,020,27.983467,-82.692533
TBM2001024205,020,27.941867,-82.42385
TBM2001024206,020,27.946183,-82.426033
TBM2001024207,020,27.94365,-82.428917
TBM2001024208,020,27.942483,-82.432017
TBM2001024209,020,27.943167,-82.4299
TBM2001024210,020,27.930033,-82.423883
TBM2001024211,020,27.927717,-82.42315
TBM2001024212,020,27.925767,-82.420167
TBM2001024213,020,27.92955,-82.415233
TBM2001024214,020,27.935867,-82.41435
TBM2001030103,020,27.6731,-82.736
TBM2001030104,020,27.627417,-82.70045
TBM2001030401,020,27.744367,-82.4799
TBM2001030502,020,27.837,-82.604067
TBM2001030503,020,27.848383,-82.621783
TBM2001030504,020,27.852833,-82.623183
TBM2001030604,020,27.825317,-82.592833
TBM2001030605,020,27.753667,-82.6291
TBM2001030606,020,27.70955,-82.683117
TBM2001030607,020,27.735567,-82.694233
TBM2001030901,020,27.963417,-82.684783
TBM2001030902,020,27.946367,-82.722483
TBM2001030907,020,27.980083,-82.609183
TBM2001031003,020,27.913633,-82.668117
TBM2001031006,020,27.939133000000002,-82.53845
TBM2001031102,020,27.82065,-82.407067
TBM2001031201,020,27.889983,-82.4813
TBM2001031202,020,27.9318,-82.428183
TBM2001031203,020,27.864867,-82.4043
TBM2001031204,020,27.791583,-82.42055
TBM2001031205,020,27.58515,-82.6134
TBM2001031206,020,27.550767,-82.575683
TBM2001031207,020,27.559333,-82.591867
TBM2001031208,020,27.556167,-82.607667
TBM2001031209,020,27.520283,-82.640567
TBM2001034301,020,27.93925,-82.432533
TBM2001034302,020,27.945833,-82.4275
TBM2001034303,020,27.944167,-82.423017
TBM2001034304,020,27.941833,-82.41745
TBM2001034305,020,27.941933,-82.422667
TBM2001034306,020,27.943083,-82.411967
TBM2001034307,020,27.929833,-82.4238
TBM2001034308,020,27.927467,-82.415333
TBM2001034313,020,27.935683,-82.432667
TBM2001034314,020,27.946833,-82.415667
TBM2001040101,020,27.73605,-82.71055
TBM2001040102,020,27.7398,-82.738217
TBM2001040104,020,27.643867,-82.707767
TBM2001040106,020,27.63645,-82.694933
TBM2001040201,020,27.970717,-82.582167
TBM2001040202,020,27.971183,-82.602133
TBM2001040301,020,27.707683,-82.6327
TBM2001040302,020,27.82885,-82.58325
TBM2001040303,020,27.87,-82.603933
TBM2001040503,020,27.811933,-82.598483
TBM2001040504,020,27.80345,-82.6034
TBM2001040601,020,27.971233,-82.608033
TBM2001040602,020,27.909433,-82.65
TBM2001040605,020,27.99905,-82.6545
TBM2001041003,020,27.788167,-82.423333
TBM2001041202,020,27.822733,-82.50575
TBM2001041203,020,27.823883,-82.507583
TBM2001041301,020,27.756033,-82.487567
TBM2001041303,020,27.69105,-82.529717
TBM2001041304,020,27.705967,-82.516917
TBM2001041401,020,27.570267,-82.564967
TBM2001041402,020,27.561933,-82.588533
TBM2001041404,020,27.5394,-82.613017
TBM2001041406,020,27.521917,-82.653767
TBM2001044502,020,27.94315,-82.423667
TBM2001044503,020,27.945067,-82.427983
TBM2001044504,020,27.946717,-82.42505
TBM2001044505,020,27.943083,-82.413067
TBM2001044506,020,27.937433,-82.415633
TBM2001044507,020,27.934483,-82.416167
TBM2001044508,020,27.93405,-82.41565
TBM2001044509,020,27.929333,-82.415017
TBM2001044510,020,27.9257,-82.420717
TBM2001044514,020,27.937317,-82.433967
TBM2001050102,020,27.789783,-82.616483
TBM2001050104,020,27.83175,-82.604517
TBM2001050106,020,27.876617,-82.58975
TBM2001050107,020,27.738667,-82.6402
TBM2001050504,020,27.72315,-82.484483
TBM2001050505,020,27.644817,-82.554333
TBM2001050601,020,27.518017,-82.63215
TBM2001050603,020,27.5135,-82.6797
TBM2001050605,020,27.551967,-82.598067
TBM2001050606,020,27.569067,-82.609583
TBM2001051002,020,27.8856,-82.40795
TBM2001051004,020,27.8136,-82.405983
TBM2001051005,020,27.755183,-82.453433
TBM2001051006,020,27.86695,-82.48785
TBM2001051007,020,27.88035,-82.4819
TBM2001051102,020,27.61945,-82.71785
TBM2001051104,020,27.686683,-82.650717
TBM2001051105,020,27.700283,-82.655383
TBM2001051106,020,27.7016,-82.6639
TBM2001051302,020,27.9881,-82.686183
TBM2001051401,020,27.960117,-82.569133
TBM2001051402,020,27.972417,-82.595217
TBM2001051403,020,27.9761,-82.565217
TBM2001051404,020,27.972267,-82.5709
TBM2001051405,020,27.843167,-82.542617
TBM2001054301,020,27.938633,-82.432983
TBM2001054302,020,27.942267,-82.430167
TBM2001054303,020,27.94455,-82.430883
TBM2001054304,020,27.9473,-82.423667
TBM2001054305,020,27.944683,-82.423
TBM2001054306,020,27.943417,-82.423383
TBM2001054307,020,27.942417,-82.415167
TBM2001054308,020,27.937333,-82.417333
TBM2001054309,020,27.9359,-82.413867
TBM2001054310,020,27.930017,-82.415033
TBM2001060101,020,27.5824,-82.616267
TBM2001060302,020,27.749967,-82.4666
TBM2001060306,020,27.7675,-82.446817
TBM2001060401,020,27.868167,-82.5365
TBM2001060402,020,27.864517,-82.5458
TBM2001060502,020,27.785333,-82.6161
TBM2001060505,020,27.6995,-82.655917
TBM2001060605,020,27.7415,-82.480133
TBM2001060606,020,27.6634,-82.5436
TBM2001060607,020,27.673567,-82.517417
TBM2001060901,020,27.619217,-82.5692
TBM2001060903,020,27.577317,-82.5615
TBM2001061001,020,27.890433,-82.481433
TBM2001061002,020,27.937767,-82.418067
TBM2001061003,020,27.890217,-82.40935
TBM2001061105,020,27.966967,-82.565567
TBM2001061202,020,27.6993,-82.717183
TBM2001061204,020,27.682567,-82.73785
TBM2001061206,020,27.634717,-82.695783
TBM2001061303,020,27.870867,-82.602833
TBM2001061304,020,27.875417,-82.6041
TBM2001061401,020,27.992517,-82.681333
TBM2001061402,020,27.953117,-82.720883
TBM2001061403,020,27.910317,-82.64485
TBM2001061404,020,27.910833,-82.628933
TBM2001064501,020,27.936733,-82.4335
TBM2001064502,020,27.93875,-82.4342
TBM2001064503,020,27.9439,-82.430517
TBM2001064504,020,27.9461,-82.429583
TBM2001064505,020,27.946683,-82.42555
TBM2001064506,020,27.942767,-82.423183
TBM2001064507,020,27.940017,-82.4139
TBM2001064508,020,27.927617,-82.41895
TBM2001064509,020,27.931333,-82.415017
TBM2001064510,020,27.9305,-82.42465
TBM2001070102,020,27.6645,-82.677883
TBM2001070105,020,27.719683,-82.630667
TBM2001070303,020,27.563267,-82.621967
TBM2001070304,020,27.5518,-82.571717
TBM2001070305,020,27.552183,-82.574667
TBM2001070403,020,27.740383,-82.479967
TBM2001070404,020,27.7502,-82.469667
TBM2001070505,020,27.854933,-82.622
TBM2001071004,020,27.58645,-82.609017
TBM2001071006,020,27.568917,-82.5816
TBM2001071103,020,27.9281,-82.474917
TBM2001071106,020,27.787467,-82.414133
TBM2001071204,020,27.829217,-82.526967
TBM2001071205,020,27.827767,-82.5104
TBM2001071305,020,27.95675,-82.712717
TBM2001071306,020,28.0104,-82.640133
TBM2001071307,020,27.990583,-82.684933
TBM2001071401,020,27.847717,-82.55515
TBM2001071402,020,27.868133,-82.53805
TBM2001071404,020,27.923083,-82.69675
TBM2001071405,020,27.916,-82.682617
TBM2001071501,020,27.751517,-82.734533
TBM2001071502,020,27.742417,-82.742533
TBM2001071503,020,27.7211,-82.721033
TBM2001071504,020,27.67315,-82.721467
TBM2001074601,020,27.937283,-82.433617
TBM2001074602,020,27.931683,-82.427683
TBM2001074603,020,27.9319,-82.426783
TBM2001074604,020,27.9259,-82.419283
TBM2001074605,020,27.932717,-82.418267
TBM2001074606,020,27.9335,-82.414817
TBM2001074607,020,27.937233,-82.4154
TBM2001074608,020,27.942267,-82.431967
TBM2001074609,020,27.938117,-82.434283
TBM2001074614,020,27.938267,-82.418183
TBM2001080204,020,27.8936,-82.412667
TBM2001080205,020,27.926517,-82.423267
TBM2001080206,020,27.8665,-82.425633
TBM2001080502,020,27.752667,-82.62755
TBM2001080505,020,27.67975,-82.6519
TBM2001080506,020,27.686183,-82.647767
TBM2001081102,020,27.681367,-82.498133
TBM2001081103,020,27.6791,-82.5355
TBM2001081104,020,27.688867,-82.542083
TBM2001081105,020,27.751133,-82.460583
TBM2001081106,020,27.815883,-82.402717
TBM2001081201,020,27.865333,-82.566367
TBM2001081202,020,27.828317,-82.603933
TBM2001081203,020,27.923083,-82.6546
TBM2001081204,020,27.916933,-82.67705
TBM2001081205,020,27.9925,-82.617967
TBM2001081206,020,27.981833,-82.617283
TBM2001081207,020,27.947783,-82.5441
TBM2001081208,020,27.863233,-82.61275
TBM2001081303,020,27.6534,-82.716467
TBM2001081304,020,27.683933,-82.71695
TBM2001081306,020,27.704,-82.693317
TBM2001081401,020,27.574217,-82.568467
TBM2001081406,020,27.5135,-82.62505
TBM2001084604,020,27.931333,-82.426217
TBM2001084605,020,27.927217,-82.41755
TBM2001084606,020,27.930333,-82.414967
TBM2001084607,020,27.93015,-82.415817
TBM2001084608,020,27.936767,-82.416367
TBM2001084609,020,27.939667,-82.4141
TBM2001084610,020,27.9429,-82.417867
TBM2001084611,020,27.943283,-82.422417
TBM2001084612,020,27.9462,-82.429533
TBM2001084614,020,27.933917,-82.414333
TBM2001090202,020,28.007567,-82.63915
TBM2001090203,020,27.980667,-82.6853
TBM2001090205,020,27.976033,-82.594183
TBM2001090206,020,27.967867,-82.564767
TBM2001090304,020,27.731083,-82.623617
TBM2001090401,020,27.8054,-82.425567
TBM2001090403,020,27.764783,-82.44135
TBM2001090404,020,27.719967,-82.499367
TBM2001090704,020,27.79765,-82.599067
TBM2001090705,020,27.797517,-82.599583
TBM2001090802,020,27.8871,-82.47965
TBM2001090804,020,27.884883,-82.407967
TBM2001090805,020,27.867567,-82.426267
TBM2001090902,020,27.522367,-82.649683
TBM2001090905,020,27.633883,-82.575733
TBM2001090906,020,27.576083,-82.61055
TBM2001090907,020,27.5667,-82.616683
TBM2001090908,020,27.5646,-82.622683
TBM2001091202,020,27.829,-82.5855
TBM2001091204,020,27.953217,-82.695817
TBM2001091206,020,27.86195,-82.616833
TBM2001091302,020,27.717383,-82.705917
TBM2001091303,020,27.699833,-82.6907
TBM2001091304,020,27.659633,-82.674333
TBM2001091307,020,27.672417,-82.73105
TBM2001094205,020,27.9274,-82.415067
TBM2001094206,020,27.928083,-82.415667
TBM2001094207,020,27.92635,-82.421217
TBM2001094208,020,27.931133,-82.415433
TBM2001094209,020,27.93205,-82.41785
TBM2001094210,020,27.93495,-82.4175
TBM2001094211,020,27.942567,-82.417817
TBM2001094212,020,27.941883,-82.421767
TBM2001094213,020,27.9432,-82.42375
TBM2001094214,020,27.940883,-82.4321
TBM2001100101,020,27.81385,-82.6165
TBM2001100102,020,27.781667,-82.617633
TBM2001100106,020,27.867567,-82.54185
TBM2001100203,020,27.6238,-82.72685
TBM2001100301,020,27.941083,-82.459133
TBM2001100303,020,27.8145,-82.395483
TBM2001100307,020,27.898733,-82.434617
TBM2001100504,020,27.817167,-82.394767
TBM2001100505,020,27.822567,-82.395467
TBM2001100603,020,27.889283,-82.6181
TBM2001100604,020,27.883883,-82.6099
TBM2001100609,020,27.846583,-82.555367
TBM2001100804,020,27.602783,-82.549283
TBM2001100805,020,27.598783,-82.554583
TBM2001100806,020,27.5602,-82.6274
TBM2001100808,020,27.522917,-82.656967
TBM2001100903,020,27.687133,-82.536233
TBM2001100904,020,27.68315,-82.533317
TBM2001101103,020,27.68,-82.657017
TBM2001101104,020,27.679667,-82.657217
TBM2001101105,020,27.719167,-82.700833
TBM2001101106,020,27.723967,-82.728383
TBM2001101302,020,28.024883,-82.6649
TBM2001101305,020,27.99525,-82.6238
TBM2001101307,020,27.937133,-82.533017
TBM2001104201,020,27.938583,-82.43395
TBM2001104202,020,27.942567,-82.424317
TBM2001104203,020,27.9422,-82.422883
TBM2001104204,020,27.936183,-82.4186
TBM2001104205,020,27.937717,-82.414733
TBM2001104206,020,27.934183,-82.414683
TBM2001104207,020,27.92885,-82.41375
TBM2001104208,020,27.933783,-82.417233
TBM2001104209,020,27.928683,-82.423533
TBM2001104214,020,27.947233,-82.425133
TBM2001110102,020,27.532567,-82.634183
TBM2001110105,020,27.55935,-82.59365
TBM2001110106,020,27.553883,-82.575067
TBM2001110201,020,27.814183,-82.398267
TBM2001110203,020,27.73955,-82.49045
TBM2001110204,020,27.747683,-82.476433
TBM2001110401,020,27.647667,-82.668117
TBM2001110403,020,27.68425,-82.6578
TBM2001110404,020,27.709417,-82.682933
TBM2001110606,020,27.670683,-82.515067
TBM2001110904,020,27.867433,-82.427417
TBM2001110905,020,27.920967,-82.48885
TBM2001111004,020,27.84655,-82.552367
TBM2001111005,020,27.810733,-82.590717
TBM2001111006,020,27.799667,-82.597383
TBM2001111007,020,27.800417,-82.618683
TBM2001111101,020,27.722817,-82.6977
TBM2001111104,020,27.704917,-82.689633
TBM2001111301,020,27.996983,-82.6222
TBM2001111302,020,27.971317,-82.609083
TBM2001111303,020,27.961083,-82.693383
TBM2001111304,020,27.918417,-82.684167
TBM2001111305,020,27.906667,-82.651233
TBM2001111404,020,27.55155,-82.615667
TBM2001111405,020,27.536233,-82.625
TBM2001114402,020,27.926167,-82.419283
TBM2001114403,020,27.928883,-82.415817
TBM2001114405,020,27.932983,-82.415133
TBM2001114406,020,27.9363,-82.416317
TBM2001114407,020,27.9398,-82.415167
TBM2001114409,020,27.94195,-82.4207
TBM2001114410,020,27.938367,-82.416817
TBM2001114411,020,27.946633,-82.42805
TBM2001114413,020,27.937517,-82.43345
TBM2001114414,020,27.945,-82.423
TBM2001120101,020,27.6364,-82.572767
TBM2001120103,020,27.676517,-82.537233
TBM2001120105,020,27.715033,-82.486083
TBM2001120201,020,27.7275,-82.736433
TBM2001120204,020,27.647567,-82.728517
TBM2001120205,020,27.652533,-82.73865
TBM2001120206,020,27.642417,-82.71195
TBM2001120303,020,27.9184,-82.488583
TBM2001120304,020,27.847283,-82.420483
TBM2001120306,020,27.853567,-82.40305
TBM2001120503,020,27.679267,-82.6635
TBM2001120601,020,27.861567,-82.618017
TBM2001120605,020,27.736233,-82.639033
TBM2001120703,020,27.987283,-82.687617
TBM2001120704,020,27.998517,-82.656917000000007
TBM2001120705,020,27.96285,-82.572483
TBM2001120706,020,27.978367,-82.606883
TBM2001120804,020,27.7585,-82.47155
TBM2001120902,020,27.880433,-82.53225
TBM2001120904,020,27.917167,-82.65
TBM2001120906,020,27.873,-82.6025
TBM2001121201,020,27.515267,-82.686067
TBM2001121202,020,27.54045,-82.636133
TBM2001121203,020,27.548233,-82.638183
TBM2001121204,020,27.575483,-82.563117
TBM2001124201,020,27.928883,-82.42415
TBM2001124202,020,27.931017,-82.4249
TBM2001124203,020,27.936083,-82.433017
TBM2001124204,020,27.944917,-82.430433
TBM2001124205,020,27.947317,-82.42505
TBM2001124206,020,27.936767,-82.416633
TBM2001124207,020,27.931683,-82.415267
TBM2001124208,020,27.92945,-82.413817
TBM2001124209,020,27.928083,-82.413217
TBM2001124210,020,27.927533,-82.417483
TBM2002010102,020,27.704483,-82.519733
TBM2002010104,020,27.620317,-82.565217
TBM2002010106,020,27.6786,-82.5147
TBM2002010204,020,27.866383,-82.4249
TBM2002010401,020,28.0006,-82.6537
TBM2002010404,020,27.9536,-82.55015
TBM2002010501,020,27.514333,-82.6211
TBM2002010502,020,27.53475,-82.596333
TBM2002010503,020,27.539317,-82.589917
TBM2002010705,020,27.563667,-82.586667
TBM2002010801,020,27.73695,-82.7085
TBM2002010802,020,27.72925,-82.73725
TBM2002010805,020,27.645833,-82.739183
TBM2002010806,020,27.645033,-82.71875
TBM2002010901,020,27.8859,-82.611867
TBM2002010902,020,27.9152,-82.535567
TBM2002010903,020,27.9236,-82.53175
TBM2002010904,020,27.87675,-82.5337
TBM2002011001,020,27.831767,-82.56375
TBM2002011002,020,27.802817,-82.617967
TBM2002011004,020,27.712783,-82.632267
TBM2002011005,020,27.7095,-82.683983
TBM2002011101,020,27.925633,-82.4225
TBM2002011103,020,27.940767,-82.459267
TBM2002011105,020,27.8808,-82.480433
TBM2002014101,020,27.9308,-82.417383
TBM2002014102,020,27.928333,-82.416683
TBM2002014103,020,27.930133,-82.415833
TBM2002014104,020,27.933667,-82.414733
TBM2002014105,020,27.938617,-82.416817
TBM2002014106,020,27.944183,-82.423567
TBM2002014107,020,27.945683,-82.4246
TBM2002014108,020,27.943,-82.43095
TBM2002014109,020,27.942033,-82.4308
TBM2002014110,020,27.940167,-82.432467
TBM2002020203,020,27.92265,-82.688283
TBM2002020204,020,27.956717,-82.7106
TBM2002020207,020,28.006333,-82.6484
TBM2002020208,020,27.984683,-82.61455
TBM2002020306,020,27.568867,-82.579767
TBM2002020401,020,27.802883,-82.617983
TBM2002020402,020,27.792267,-82.607683
TBM2002020403,020,27.80775,-82.598833
TBM2002020404,020,27.824833,-82.59455
TBM2002020407,020,27.90535,-82.538533
TBM2002020604,020,27.71335,-82.509517
TBM2002020801,020,27.502567,-82.593767
TBM2002020802,020,27.50375,-82.590933
TBM2002020803,020,27.511383,-82.573767
TBM2002020902,020,27.736883,-82.70765
TBM2002020903,020,27.74435,-82.728033
TBM2002020905,020,27.699583,-82.7218
TBM2002020907,020,27.64325,-82.729517
TBM2002021003,020,27.775217,-82.435333
TBM2002021004,020,27.7147,-82.508933
TBM2002021006,020,27.677867,-82.514867
TBM2002021102,020,27.839783,-82.438417
TBM2002021104,020,27.841617,-82.5411
TBM2002021105,020,27.818067,-82.489233
TBM2002021106,020,27.820417,-82.48005
TBM2002024402,020,27.93025,-82.4238
TBM2002024404,020,27.93815,-82.4336
TBM2002024405,020,27.942467,-82.4321
TBM2002024406,020,27.946767,-82.423867
TBM2002024407,020,27.941417,-82.421833
TBM2002024409,020,27.939,-82.414617
TBM2002024411,020,27.932433,-82.41445
TBM2002024412,020,27.930283,-82.416633
TBM2002024413,020,27.92655,-82.416417
TBM2002024414,020,27.928417,-82.423833
TBM2002030101,020,27.985217,-82.615967
TBM2002030103,020,28.024367,-82.665833
TBM2002030105,020,27.975067,-82.684033
TBM2002030202,020,27.550733,-82.61945
TBM2002030206,020,27.5729,-82.560667
TBM2002030207,020,27.569033,-82.6094
TBM2002030208,020,27.568317,-82.609467
TBM2002030501,020,27.7155,-82.724683
TBM2002030503,020,27.6547,-82.67975
TBM2002030504,020,27.632533,-82.724367
TBM2002030505,020,27.646183,-82.742567
TBM2002030701,020,27.908417,-82.445817
TBM2002030702,020,27.8944,-82.416233
TBM2002030705,020,27.774417,-82.434883
TBM2002030901,020,27.82925,-82.529283
TBM2002030902,020,27.84605,-82.554633
TBM2002030905,020,27.90395,-82.535183
TBM2002030906,020,27.914567,-82.532883
TBM2002031201,020,27.658567,-82.553183
TBM2002031203,020,27.714367,-82.469717
TBM2002031204,020,27.744933,-82.479867
TBM2002031302,020,27.783167,-82.619583
TBM2002031303,020,27.71545,-82.631867
TBM2002031305,020,27.743783,-82.631283
TBM2002034601,020,27.945917,-82.428
TBM2002034602,020,27.9431,-82.422767
TBM2002034603,020,27.944117,-82.43065
TBM2002034604,020,27.9362,-82.432867
TBM2002034605,020,27.92875,-82.424167
TBM2002034606,020,27.929267,-82.417133
TBM2002034607,020,27.927817,-82.4131
TBM2002034608,020,27.9299,-82.413183
TBM2002034609,020,27.942333,-82.41955
TBM2002034610,020,27.94735,-82.424183
TBM2002040104,020,27.711283,-82.487717
TBM2002040602,020,27.573217,-82.570117
TBM2002040603,020,27.594117,-82.596817
TBM2002040605,020,27.553067,-82.634017
TBM2002040606,020,27.529583,-82.6949
TBM2002040608,020,27.5232,-82.6109
TBM2002040703,020,27.993483,-82.61345
TBM2002040704,020,28.024567,-82.687867
TBM2002040802,020,27.711967,-82.707383
TBM2002040803,020,27.704583,-82.733883
TBM2002040805,020,27.658117,-82.722667
TBM2002040807,020,27.6848,-82.677317
TBM2002040808,020,27.7041,-82.63695
TBM2002040901,020,27.87515,-82.48345
TBM2002040904,020,27.78925,-82.406533
TBM2002040905,020,27.944333,-82.412133
TBM2002040906,020,27.94355,-82.422817
TBM2002041002,020,27.772,-82.437133
TBM2002041102,020,27.80445,-82.6022
TBM2002041103,020,27.814083,-82.616667
TBM2002041201,020,27.885067,-82.53245
TBM2002041203,020,27.926317,-82.533483
TBM2002041204,020,27.9372,-82.532867
TBM2002041205,020,27.836583,-82.582917
TBM2002041206,020,27.84495,-82.54395
TBM2002044401,020,27.9315,-82.4148
TBM2002044402,020,27.930833,-82.41745
TBM2002044403,020,27.92985,-82.416983
TBM2002044404,020,27.9259,-82.419867
TBM2002044405,020,27.929367,-82.424033
TBM2002044406,020,27.940983,-82.432517
TBM2002044407,020,27.942267,-82.430533
TBM2002044408,020,27.94715,-82.42545
TBM2002044409,020,27.947167,-82.427617
TBM2002044410,020,27.94275,-82.422483
TBM2002050203,020,27.703383,-82.668283
TBM2002050303,020,27.563633,-82.587117
TBM2002050306,020,27.677,-82.504733
TBM2002050401,020,27.825633,-82.51755
TBM2002050404,020,27.852417,-82.554417
TBM2002050406,020,27.893483,-82.643217
TBM2002050407,020,27.908033,-82.65055
TBM2002050408,020,27.904783,-82.532783
TBM2002050502,020,27.529967,-82.722867
TBM2002050504,020,27.584133,-82.616633
TBM2002050505,020,27.59205,-82.59005
TBM2002050602,020,27.867683,-82.4268
TBM2002050705,020,27.7181,-82.471883
TBM2002050801,020,27.877,-82.437
TBM2002050803,020,27.831833,-82.406633
TBM2002050806,020,27.874933,-82.48495
TBM2002050807,020,27.890383,-82.48135
TBM2002050901,020,27.648267,-82.736117
TBM2002050904,020,27.700667,-82.723
TBM2002050906,020,27.646083,-82.673817
TBM2002051001,020,27.92215,-82.656117
TBM2002051004,020,27.991517,-82.6841
TBM2002051101,020,27.833983,-82.588483
TBM2002051105,020,27.798583,-82.599667
TBM2002051107,020,27.7912,-82.607167
TBM2002054601,020,27.937417,-82.433833
TBM2002054602,020,27.943617,-82.431667
TBM2002054603,020,27.934683,-82.41645
TBM2002054604,020,27.932833,-82.414633
TBM2002054605,020,27.931517,-82.41505
TBM2002054606,020,27.926233,-82.421133
TBM2002054607,020,27.931917,-82.4258
TBM2002054612,020,27.9437,-82.4231
TBM2002054613,020,27.936217,-82.4152
TBM2002054614,020,27.92815,-82.418367
TBM2002060502,020,27.80075,-82.618633
TBM2002060503,020,27.805933,-82.593583
TBM2002060504,020,27.866733,-82.538017
TBM2002060801,020,27.85405,-82.63015
TBM2002060802,020,27.877617,-82.6106
TBM2002060901,020,27.999267,-82.677267
TBM2002060904,020,27.96195,-82.566017
TBM2002060905,020,27.9726,-82.592717
TBM2002060906,020,27.9756,-82.574417
TBM2002060907,020,27.979967,-82.608783
TBM2002061001,020,27.635817,-82.5761
TBM2002061002,020,27.641683,-82.560983
TBM2002061004,020,27.725383,-82.481517
TBM2002061005,020,27.719583,-82.485917
TBM2002061006,020,27.750233,-82.467717
TBM2002061007,020,27.764333,-82.43855
TBM2002061101,020,27.5761,-82.566667
TBM2002061102,020,27.577333,-82.565267
TBM2002061103,020,27.5925,-82.591817
TBM2002061201,020,27.64615,-82.674367
TBM2002061202,020,27.7355,-82.692267
TBM2002061203,020,27.691333,-82.734533
TBM2002061207,020,27.655867,-82.7445
TBM2002061303,020,27.88585,-82.406633
TBM2002061306,020,27.93825,-82.433267
TBM2002064101,020,27.946167,-82.428233
TBM2002064102,020,27.9418,-82.431817
TBM2002064103,020,27.937167,-82.43385
TBM2002064104,020,27.927133,-82.41635
TBM2002064105,020,27.933767,-82.4173
TBM2002064106,020,27.933617,-82.416
TBM2002064107,020,27.930817,-82.414117
TBM2002064108,020,27.939117,-82.413733
TBM2002064109,020,27.926317,-82.421517
TBM2002064110,020,27.929233,-82.424633
TBM2002070101,020,27.919083,-82.488233
TBM2002070102,020,27.94345,-82.422983
TBM2002070104,020,27.884733,-82.434233
TBM2002070105,020,27.89035,-82.409433
TBM2002070108,020,27.8195,-82.473417
TBM2002070201,020,27.632483,-82.710633
TBM2002070203,020,27.682267,-82.73795
TBM2002070205,020,27.69655,-82.704667
TBM2002070402,020,28.031067,-82.671
TBM2002070404,020,27.98145,-82.69185
TBM2002070406,020,27.96135,-82.6903
TBM2002070407,020,27.97375,-82.594833
TBM2002070501,020,27.517617,-82.601717
TBM2002070502,020,27.509983,-82.621017
TBM2002071001,020,27.624283,-82.569933
TBM2002071002,020,27.610883,-82.574383
TBM2002071003,020,27.652033,-82.5501
TBM2002071005,020,27.707617,-82.499367
TBM2002071201,020,27.740033,-82.724667
TBM2002071203,020,27.72575,-82.63465
TBM2002071205,020,27.71285,-82.632283
TBM2002071301,020,27.795467,-82.601383
TBM2002071302,020,27.84645,-82.619683
TBM2002071304,020,27.833217,-82.554667
TBM2002071306,020,27.924183,-82.64925
TBM2002074601,020,27.92595,-82.4207
TBM2002074602,020,27.927733,-82.416267
TBM2002074603,020,27.93115,-82.41605
TBM2002074604,020,27.931,-82.414167
TBM2002074605,020,27.9353,-82.415217
TBM2002074609,020,27.942767,-82.417683
TBM2002074610,020,27.9474,-82.423083
TBM2002074611,020,27.946233,-82.429567
TBM2002074613,020,27.9319,-82.425783
TBM2002074614,020,27.928683,-82.424283
TBM2002076101,020,27.672833,-82.710417
TBM2002076102,020,27.751517,-82.734583
TBM2002080106,020,27.75215,-82.48385
TBM2002080401,020,27.96125,-82.6927
TBM2002080403,020,28.031483,-82.679733
TBM2002080404,020,28.007717,-82.676617
TBM2002080501,020,27.743067,-82.740867
TBM2002080503,020,27.717733,-82.703933
TBM2002080504,020,27.686817,-82.702267
TBM2002080505,020,27.668,-82.68895
TBM2002080601,020,27.503,-82.589783
TBM2002080602,020,27.5341,-82.649517
TBM2002080701,020,27.744367,-82.480883
TBM2002080704,020,27.700817,-82.50845
TBM2002080902,020,27.955517,-82.71845
TBM2002081002,020,27.823333,-82.59
TBM2002081005,020,27.708433,-82.632833
TBM2002081006,020,27.690483,-82.644317
TBM2002081104,020,27.819117,-82.502317
TBM2002081105,020,27.819517,-82.500533
TBM2002081106,020,27.908983,-82.489183
TBM2002081201,020,27.57415,-82.585917
TBM2002081202,020,27.5779,-82.609683
TBM2002081203,020,27.6132,-82.557183
TBM2002081302,020,27.842767,-82.6178
TBM2002081305,020,27.938017,-82.5574
TBM2002081306,020,27.846817,-82.61795
TBM2002084401,020,27.938633,-82.43405
TBM2002084404,020,27.946433,-82.4281
TBM2002084405,020,27.94275,-82.4208
TBM2002084407,020,27.937867,-82.413467
TBM2002084408,020,27.936683,-82.417383
TBM2002084409,020,27.932017,-82.41545
TBM2002084410,020,27.9306,-82.413783
TBM2002084411,020,27.929,-82.417433
TBM2002084412,020,27.92625,-82.421033
TBM2002084414,020,27.931583,-82.424783
TBM2002090201,020,27.9441,-82.539217
TBM2002090203,020,28.021117,-82.685633
TBM2002090205,020,27.9981,-82.660583
TBM2002090207,020,27.98995,-82.61675
TBM2002090402,020,27.88545,-82.612
TBM2002090404,020,27.874783,-82.549967
TBM2002090501,020,27.6631,-82.679633
TBM2002090503,020,27.64335,-82.729583
TBM2002090604,020,27.548317,-82.57635
TBM2002090606,020,27.5308,-82.599283
TBM2002090803,020,27.710383,-82.63385
TBM2002090902,020,27.658583,-82.546017
TBM2002090903,020,27.65295,-82.552133
TBM2002090905,020,27.7068,-82.496567
TBM2002090906,020,27.676317,-82.509167
TBM2002091004,020,27.805017,-82.4225
TBM2002091005,020,27.8148,-82.394967
TBM2002091102,020,27.869967,-82.428667
TBM2002091104,020,27.835983,-82.403317
TBM2002091106,020,27.824383,-82.49805
TBM2002091107,020,27.827767,-82.522817
TBM2002091201,020,27.6726,-82.7304
TBM2002091203,020,27.69915,-82.719167
TBM2002091205,020,27.711817,-82.632917
TBM2002091302,020,27.8116,-82.595117
TBM2002094501,020,27.9297,-82.416167
TBM2002094503,020,27.938867,-82.414033
TBM2002094504,020,27.9401,-82.4139
TBM2002094505,020,27.941667,-82.420967
TBM2002094509,020,27.935033,-82.43085
TBM2002094510,020,27.94375,-82.4311
TBM2002094511,020,27.9464,-82.427483
TBM2002094512,020,27.947317,-82.425283
TBM2002094513,020,27.935033,-82.417717
TBM2002094514,020,27.9324,-82.414833
TBM2002100104,020,28.017167,-82.6675
TBM2002100105,020,28.011433,-82.666083
TBM2002100106,020,27.99925,-82.659167
TBM2002100201,020,27.914517,-82.53325
TBM2002100203,020,27.87885,-82.53345
TBM2002100205,020,27.843317,-82.540583
TBM2002100401,020,27.66695,-82.7298
TBM2002100402,020,27.709967,-82.727133
TBM2002100404,020,27.70445,-82.705117
TBM2002100406,020,27.703367,-82.641383
TBM2002100407,020,27.700783,-82.650417
TBM2002100504,020,27.956083,-82.71845
TBM2002100701,020,27.840117,-82.437417
TBM2002100702,020,27.908367,-82.451583
TBM2002101006,020,27.826067,-82.470767
TBM2002101007,020,27.817583,-82.484867
TBM2002101104,020,27.733033,-82.476983
TBM2002101105,020,27.711433,-82.492567
TBM2002101203,020,27.80275,-82.617767
TBM2002101401,020,27.65895,-82.547983
TBM2002101402,020,27.664417,-82.542667
TBM2002101403,020,27.60865,-82.5763
TBM2002101404,020,27.5389,-82.651283
TBM2002101405,020,27.54335,-82.6311
TBM2002101605,020,27.729933,-82.622733
TBM2002104301,020,27.9286,-82.423367
TBM2002104302,020,27.931,-82.42445
TBM2002104303,020,27.936417,-82.43305
TBM2002104304,020,27.94205,-82.425833
TBM2002104305,020,27.945433,-82.42925
TBM2002104306,020,27.94045,-82.433267
TBM2002104311,020,27.937083,-82.4157
TBM2002104312,020,27.934117,-82.415933
TBM2002104313,020,27.93045,-82.415533
TBM2002104314,020,27.927883,-82.41315
TBM2002110102,020,27.5603,-82.60385
TBM2002110105,020,27.538383,-82.605383
TBM2002110106,020,27.510333,-82.618
TBM2002110204,020,27.776233,-82.435967
TBM2002110401,020,27.632417,-82.696633
TBM2002110403,020,27.6774,-82.711783
TBM2002110404,020,27.703267,-82.668433
TBM2002110405,020,27.705683,-82.6742
TBM2002110501,020,27.869333,-82.467483
TBM2002110502,020,27.832717,-82.469267
TBM2002110503,020,27.821833,-82.487317
TBM2002110507,020,27.823,-82.4396
TBM2002110601,020,27.862383,-82.613833
TBM2002110607,020,27.8337,-82.528117
TBM2002110608,020,27.846033,-82.590933
TBM2002110701,020,27.741883,-82.627883
TBM2002110901,020,27.7069,-82.498683
TBM2002110902,020,27.6914,-82.5285
TBM2002110903,020,27.65425,-82.55115
TBM2002111004,020,27.813567,-82.402983
TBM2002111005,020,27.816167,-82.40245
TBM2002111006,020,27.81375,-82.400567
TBM2002111007,020,27.816733,-82.399717
TBM2002111304,020,27.797817,-82.598467
TBM2002111305,020,27.876383,-82.597283
TBM2002111306,020,27.876033,-82.598817
TBM2002111401,020,27.999517,-82.642367
TBM2002111402,020,28.01715,-82.669267
TBM2002111409,020,27.9792,-82.682417
TBM2002111602,020,27.992317,-82.622417
TBM2002111604,020,27.923867,-82.531817
TBM2002111607,020,27.90115,-82.643267
TBM2002111608,020,27.900167,-82.6461
TBM2002111705,020,27.84285,-82.543017
TBM2002111706,020,27.840567,-82.540067
TBM2002111805,020,27.950117,-82.54695
TBM2002111806,020,27.9475,-82.545333
TBM2002111810,020,27.924017,-82.6881
TBM2002111811,020,27.920067,-82.688217
TBM2002111907,020,27.80945,-82.596733
TBM2002111908,020,27.809333,-82.596
TBM2002111913,020,27.782067,-82.619933
TBM2002111914,020,27.78335,-82.619833
TBM2002114601,020,27.937333,-82.432917
TBM2002114602,020,27.943417,-82.4247
TBM2002114603,020,27.9423,-82.417883
TBM2002114604,020,27.941133,-82.4233
TBM2002114607,020,27.9338,-82.418450000000007
TBM2002114608,020,27.932683,-82.41545
TBM2002114609,020,27.9311,-82.415117
TBM2002114610,020,27.929867,-82.416533
TBM2002114611,020,27.929133,-82.4241
TBM2002114612,020,27.9305,-82.424333
TBM2002120101,020,27.620567,-82.733733
TBM2002120102,020,27.623667,-82.73375
TBM2002120106,020,27.629717,-82.698917
TBM2002120205,020,27.948067000000002,-82.544883
TBM2002120206,020,27.947117,-82.54555
TBM2002120209,020,27.901517,-82.643933
TBM2002120210,020,27.906567,-82.647583
TBM2002120215,020,27.9223,-82.688217
TBM2002120216,020,27.922783,-82.688283
TBM2002120301,020,27.52675,-82.603267
TBM2002120302,020,27.50135,-82.577783
TBM2002120303,020,27.498333,-82.581167
TBM2002120403,020,27.570183,-82.570483
TBM2002120407,020,27.599783,-82.596467
TBM2002120503,020,27.703617,-82.63625
TBM2002120504,020,27.682433,-82.673333
TBM2002120801,020,27.979117,-82.561967
TBM2002120802,020,27.9698,-82.579933
TBM2002120803,020,27.95945,-82.56985
TBM2002120807,020,28.027467,-82.66535
TBM2002120906,020,27.878883,-82.6055
TBM2002120907,020,27.876483,-82.596417
TBM2002121005,020,27.922317,-82.483667
TBM2002121006,020,27.8672,-82.48725
TBM2002121007,020,27.866883,-82.48815
TBM2002121107,020,27.805717,-82.418467
TBM2002121111,020,27.818217,-82.400367
TBM2002121112,020,27.817233,-82.398967
TBM2002121114,020,27.843483,-82.54375
TBM2002121115,020,27.840433,-82.540017
TBM2002121201,020,27.7419,-82.49245
TBM2002121205,020,27.84035,-82.397683
TBM2002121404,020,27.7829,-82.61945
TBM2002121405,020,27.7828,-82.61965
TBM2002121407,020,27.810467,-82.59925
TBM2002121408,020,27.80925,-82.596067
TBM2002121413,020,27.797783,-82.598483
TBM2002121414,020,27.800267,-82.59735
TBM2002121415,020,27.819017,-82.616767
TBM2002124202,020,27.936583,-82.413667
TBM2002124203,020,27.930217,-82.418217
TBM2002124204,020,27.927917,-82.41895
TBM2002124205,020,27.926483,-82.421133
TBM2002124206,020,27.928933,-82.423817
TBM2002124210,020,27.93605,-82.43315
TBM2002124211,020,27.941433,-82.432717
TBM2002124212,020,27.943767,-82.426983
TBM2002124213,020,27.94385,-82.429367
TBM2002124214,020,27.9402,-82.419817
TBM2002124512,020,27.8173,-82.402233
TBM2002124513,020,27.81695,-82.4018
TBM2003010101,020,27.719383,-82.635267
TBM2003010102,020,27.7386,-82.636733
TBM2003010103,020,27.743683,-82.631383
TBM2003010105,020,27.7793,-82.62245
TBM2003010107,020,27.656567,-82.547433
TBM2003010202,020,27.58625,-82.6183
TBM2003010203,020,27.543533,-82.631133
TBM2003010204,020,27.56,-82.589217
TBM2003010301,020,27.7172,-82.503917
TBM2003010302,020,27.7191,-82.494817
TBM2003010303,020,27.762083,-82.44385
TBM2003010401,020,27.875783,-82.48315
TBM2003010403,020,27.857183,-82.40515
TBM2003010405,020,27.883,-82.4238
TBM2003010601,020,28.009217,-82.675983
TBM2003010602,020,27.977117,-82.681467
TBM2003010603,020,27.968367,-82.634167
TBM2003010606,020,27.951417,-82.721367
TBM2003010902,020,27.528933,-82.71005
TBM2003011001,020,27.7184,-82.701483
TBM2003011003,020,27.667367,-82.6768
TBM2003011004,020,27.64465,-82.7189
TBM2003011005,020,27.64605,-82.693583
TBM2003011201,020,27.8956,-82.536967
TBM2003011202,020,27.8327,-82.533933
TBM2003011301,020,27.91875,-82.683117
TBM2003011302,020,27.92065,-82.6836
TBM2003011307,020,27.912167,-82.644033
TBM2003011308,020,27.915917,-82.638
TBM2003011409,020,27.87945,-82.6091
TBM2003011410,020,27.880033,-82.611867
TBM2003011411,020,27.954467,-82.5481
TBM2003011412,020,27.95375,-82.54845
TBM2003011601,020,27.780417,-82.621
TBM2003011602,020,27.780317,-82.6195
TBM2003011603,020,27.810067,-82.596633
TBM2003011604,020,27.809583,-82.596033
TBM2003011706,020,27.819633,-82.404933
TBM2003011707,020,27.819733,-82.404033
TBM2003011708,020,27.82125,-82.402
TBM2003011709,020,27.823533,-82.399583
TBM2003011801,020,27.845483,-82.54715
TBM2003011802,020,27.846283,-82.552217
TBM2003014601,020,27.936433,-82.413733
TBM2003014602,020,27.935467,-82.415617
TBM2003014603,020,27.931517,-82.4146
TBM2003014604,020,27.928967,-82.41545
TBM2003014605,020,27.927917,-82.42335
TBM2003014606,020,27.944183,-82.431217
TBM2003014607,020,27.9457,-82.429683
TBM2003014608,020,27.946833,-82.427
TBM2003014609,020,27.942817,-82.418633
TBM2003014610,020,27.943033,-82.414683
TBM2003020203,020,27.896483,-82.641583
TBM2003020205,020,27.964217,-82.66785
TBM2003020207,020,27.99275,-82.62275
TBM2003020301,020,27.72195,-82.736833
TBM2003020302,020,27.67955,-82.717033
TBM2003020303,020,27.689533,-82.68085
TBM2003020304,020,27.67535,-82.69015
TBM2003020401,020,27.740267,-82.638517
TBM2003020601,020,27.845183,-82.421583
TBM2003020602,020,27.839483,-82.39825
TBM2003020603,020,27.805317,-82.417783
TBM2003020607,020,27.877317,-82.483367
TBM2003020701,020,27.712133,-82.4907
TBM2003020706,020,27.894017,-82.4204
TBM2003020802,020,27.8288,-82.5289
TBM2003020805,020,27.828833,-82.6082
TBM2003020807,020,27.853267,-82.611483
TBM2003020901,020,27.557683,-82.59865
TBM2003020902,020,27.550767,-82.619283
TBM2003020905,020,27.498483,-82.580883
TBM2003020906,020,27.524767,-82.64305
TBM2003021103,020,27.561817,-82.625933
TBM2003021201,020,27.868283,-82.542117
TBM2003021202,020,27.896817,-82.5366
TBM2003021203,020,27.926533,-82.5338
TBM2003021301,020,27.915433,-82.638183
TBM2003021302,020,27.912033,-82.64625
TBM2003021309,020,27.92115,-82.683533
TBM2003021310,020,27.921883,-82.68315
TBM2003021407,020,27.87775,-82.60365
TBM2003021408,020,27.877767,-82.602817
TBM2003021411,020,27.954017,-82.547383
TBM2003021412,020,27.960217,-82.548617
TBM2003021507,020,27.845167,-82.548967
TBM2003021508,020,27.847467,-82.5505
TBM2003021603,020,27.781433,-82.620683
TBM2003021604,020,27.782567,-82.619167
TBM2003021609,020,27.806217,-82.5977
TBM2003021610,020,27.8054,-82.5977
TBM2003021707,020,27.81955,-82.404
TBM2003021708,020,27.822717,-82.4051
TBM2003021709,020,27.8202,-82.40165
TBM2003021710,020,27.821033,-82.400717
TBM2003024501,020,27.940183,-82.415083
TBM2003024502,020,27.9427,-82.417783
TBM2003024503,020,27.942667,-82.425017
TBM2003024504,020,27.947,-82.426567
TBM2003024505,020,27.945767,-82.42955
TBM2003024506,020,27.943417,-82.431733
TBM2003024509,020,27.935183,-82.415167
TBM2003024510,020,27.932267,-82.417367
TBM2003024511,020,27.930333,-82.415467
TBM2003024512,020,27.928217,-82.41865
TBM2003030201,020,27.5889,-82.607867
TBM2003030202,020,27.612033,-82.568883
TBM2003030204,020,27.6624,-82.549583
TBM2003030607,020,27.712333,-82.482217
TBM2003030701,020,27.522617,-82.621667
TBM2003030702,020,27.529883,-82.626917
TBM2003030902,020,27.9408,-82.45935
TBM2003030903,020,27.9122,-82.4507
TBM2003030904,020,27.872933,-82.486783
TBM2003030905,020,27.847517,-82.4704
TBM2003031002,020,27.679117,-82.66565
TBM2003031003,020,27.6865,-82.646017
TBM2003031006,020,27.726817,-82.736733
TBM2003031007,020,27.723317,-82.73345
TBM2003031008,020,27.728967,-82.737433
TBM2003031101,020,27.795733,-82.6072
TBM2003031103,020,27.837333,-82.584033
TBM2003031104,020,27.836983,-82.5829
TBM2003031105,020,27.836333,-82.582783
TBM2003031202,020,27.937917,-82.71865
TBM2003031205,020,28.0081,-82.677067
TBM2003031206,020,28.000517,-82.62715
TBM2003031305,020,27.922983,-82.683633
TBM2003031306,020,27.917833,-82.682817
TBM2003031309,020,27.91115,-82.646883
TBM2003031310,020,27.911417,-82.646167
TBM2003031401,020,27.937117,-82.532833
TBM2003031406,020,27.960083,-82.54875
TBM2003031407,020,27.954,-82.548317
TBM2003031408,020,27.88095,-82.614733
TBM2003031409,020,27.8801,-82.612367
TBM2003031507,020,27.844517,-82.548167
TBM2003031508,020,27.848333,-82.551183
TBM2003031605,020,27.809483,-82.595183
TBM2003031606,020,27.807333,-82.5969
TBM2003031609,020,27.785567,-82.618467
TBM2003031610,020,27.780533,-82.619583
TBM2003031702,020,27.823583,-82.40495
TBM2003031703,020,27.823633,-82.404567
TBM2003031704,020,27.82205,-82.398683
TBM2003031705,020,27.821283,-82.402017
TBM2003034201,020,27.94435,-82.430567
TBM2003034202,020,27.945417,-82.426367
TBM2003034203,020,27.94125,-82.42475
TBM2003034204,020,27.941833,-82.420317
TBM2003034205,020,27.940483,-82.414267
TBM2003034206,020,27.93455,-82.4158
TBM2003034211,020,27.925433,-82.420167
TBM2003034212,020,27.928683,-82.416033
TBM2003034213,020,27.93795,-82.416167
TBM2003034214,020,27.939167,-82.415567
TBM2003040102,020,27.656417,-82.719767
TBM2003040103,020,27.633083,-82.728767
TBM2003040107,020,27.700083,-82.653667
TBM2003040108,020,27.683333,-82.650617
TBM2003040204,020,27.60655,-82.583583
TBM2003040301,020,27.499133,-82.580867
TBM2003040302,020,27.505683,-82.6078
TBM2003040303,020,27.519833,-82.635167
TBM2003040306,020,27.572233,-82.560917
TBM2003041002,020,27.793467,-82.627217
TBM2003041003,020,27.815783,-82.616067
TBM2003041101,020,27.939417,-82.458967
TBM2003041102,020,27.864083,-82.411
TBM2003041103,020,27.845967,-82.423917
TBM2003041201,020,27.973017,-82.575183
TBM2003041203,020,27.995683,-82.622683
TBM2003041204,020,27.963517,-82.694317
TBM2003041206,020,27.950967,-82.723
TBM2003041305,020,27.917867,-82.6831
TBM2003041306,020,27.920183,-82.68305
TBM2003041309,020,27.912417,-82.641783
TBM2003041310,020,27.9124,-82.642683
TBM2003041401,020,27.8773,-82.602183
TBM2003041402,020,27.880067,-82.612017
TBM2003041411,020,27.954283,-82.547733
TBM2003041412,020,27.955933,-82.547867
TBM2003041507,020,27.844517,-82.550317
TBM2003041508,020,27.84625,-82.5476
TBM2003041509,020,27.82835,-82.522967
TBM2003041605,020,27.810417,-82.595433
TBM2003041606,020,27.810417,-82.595433
TBM2003041607,020,27.7828,-82.62005
TBM2003041608,020,27.782117,-82.618367
TBM2003041609,020,27.779767,-82.621933
TBM2003041703,020,27.820767,-82.40165
TBM2003041704,020,27.82125,-82.401567
TBM2003041705,020,27.8201,-82.404233
TBM2003041706,020,27.819783,-82.405067
TBM2003041707,020,27.820733,-82.394583
TBM2003044601,020,27.94,-82.414533
TBM2003044602,020,27.94195,-82.4227
TBM2003044603,020,27.944867,-82.4231
TBM2003044604,020,27.946833,-82.426617
TBM2003044605,020,27.9426,-82.423517
TBM2003044606,020,27.9435,-82.43145
TBM2003044607,020,27.928183,-82.423633
TBM2003044608,020,27.925617,-82.420683
TBM2003044609,020,27.9272,-82.418883
TBM2003044610,020,27.934233,-82.415183
TBM2003050101,020,27.823167,-82.4074
TBM2003050102,020,27.8047,-82.415867
TBM2003050201,020,27.715417,-82.4752
TBM2003050202,020,27.709483,-82.492467
TBM2003050205,020,27.6737,-82.512933
TBM2003050302,020,27.8249,-82.604833
TBM2003050303,020,27.83215,-82.603033
TBM2003050304,020,27.8348,-82.601467
TBM2003050401,020,27.7189,-82.69845
TBM2003050402,020,27.735083,-82.69265
TBM2003050405,020,27.632667,-82.724817
TBM2003050503,020,27.81885,-82.499117
TBM2003050602,020,27.510183,-82.621133
TBM2003050603,020,27.531683,-82.6533
TBM2003050606,020,27.528067,-82.711433
TBM2003050701,020,27.883333,-82.536667
TBM2003050702,020,27.882733,-82.53525
TBM2003050803,020,27.968217,-82.69205
TBM2003050805,020,27.987283,-82.68605
TBM2003050806,020,28.017617,-82.641283
TBM2003050902,020,27.608083,-82.56885
TBM2003051001,020,27.714233,-82.61825
TBM2003051005,020,27.666233,-82.7171
TBM2003051305,020,27.917083,-82.683533
TBM2003051306,020,27.9211,-82.681683
TBM2003051307,020,27.911783,-82.6439
TBM2003051308,020,27.911233,-82.6446
TBM2003051401,020,27.9625,-82.572717
TBM2003051402,020,27.959867,-82.548883
TBM2003051403,020,27.957883,-82.54825
TBM2003051408,020,27.87775,-82.602583
TBM2003051409,020,27.878517,-82.6061
TBM2003051507,020,27.843933,-82.547333
TBM2003051508,020,27.84745,-82.5497
TBM2003051605,020,27.782133,-82.618617
TBM2003051606,020,27.783467,-82.617817
TBM2003051609,020,27.809133,-82.5957
TBM2003051610,020,27.809533,-82.595933
TBM2003051705,020,27.82225,-82.397883
TBM2003051706,020,27.821233,-82.402133
TBM2003051707,020,27.82225,-82.404267
TBM2003051708,020,27.821967,-82.40485
TBM2003054301,020,27.9286,-82.423817
TBM2003054302,020,27.946183,-82.429633
TBM2003054303,020,27.94705,-82.424567
TBM2003054304,020,27.942867,-82.4203
TBM2003054305,020,27.941967000000002,-82.41895
TBM2003054306,020,27.935667,-82.416083
TBM2003054307,020,27.9319,-82.415117
TBM2003054308,020,27.927033,-82.41475
TBM2003054309,020,27.9332,-82.415517
TBM2003054310,020,27.937617,-82.414833
TBM2003060105,020,27.636,-82.72575
TBM2003060203,020,27.51015,-82.679733
TBM2003060204,020,27.530983,-82.72735
TBM2003060205,020,27.515617,-82.59285
TBM2003060402,020,27.681917,-82.502483
TBM2003060403,020,27.654983,-82.548717
TBM2003060502,020,27.6842,-82.674567
TBM2003060505,020,27.707233,-82.705433
TBM2003060506,020,27.7425,-82.742433
TBM2003060601,020,27.955767,-82.546467
TBM2003060605,020,28.020617,-82.665867
TBM2003060606,020,27.990133,-82.614333
TBM2003060802,020,27.741233,-82.624183
TBM2003060803,020,27.74545,-82.630183
TBM2003060804,020,27.74,-82.638633
TBM2003060805,020,27.754417,-82.627167
TBM2003060903,020,27.75445,-82.45625
TBM2003060904,020,27.775667,-82.4354
TBM2003061202,020,27.824217,-82.401917
TBM2003061204,020,27.867283,-82.425717
TBM2003061206,020,27.868667,-82.426517
TBM2003061303,020,27.703483,-82.454233
TBM2003061401,020,27.910367,-82.628767
TBM2003061402,020,27.918,-82.6489
TBM2003061505,020,27.917983,-82.682617
TBM2003061506,020,27.9176,-82.682367
TBM2003061507,020,27.912533,-82.6428
TBM2003061508,020,27.912133,-82.643483
TBM2003061603,020,27.95475,-82.548783
TBM2003061604,020,27.9556,-82.5482
TBM2003061607,020,27.880583,-82.613483
TBM2003061608,020,27.880233,-82.612067
TBM2003061701,020,27.846483,-82.5515
TBM2003061702,020,27.84515,-82.5496
TBM2003061703,020,27.843133,-82.5425
TBM2003061803,020,27.809133,-82.595367
TBM2003061806,020,27.80555,-82.597883
TBM2003061809,020,27.784983,-82.617482999999993
TBM2003061810,020,27.78065,-82.6206
TBM2003061901,020,27.822117,-82.4051
TBM2003061902,020,27.819533,-82.404983
TBM2003061903,020,27.82115,-82.401983
TBM2003061904,020,27.82235,-82.397983
TBM2003064305,020,27.9345,-82.416717
TBM2003064306,020,27.935083,-82.414183
TBM2003064307,020,27.927583,-82.416683
TBM2003064308,020,27.926117,-82.419767
TBM2003064309,020,27.943,-82.422733
TBM2003064310,020,27.942917,-82.4319
TBM2003064311,020,27.94615,-82.42805
TBM2003064312,020,27.943533,-82.424383
TBM2003064313,020,27.9427,-82.418067
TBM2003064314,020,27.943117,-82.412517
TBM2003070102,020,27.74275,-82.729333
TBM2003070104,020,27.6373,-82.7351
TBM2003070105,020,27.638067,-82.722067
TBM2003070107,020,27.63145,-82.705733
TBM2003070203,020,27.75165,-82.627217
TBM2003070303,020,27.832017,-82.56325
TBM2003070304,020,27.828183,-82.526617
TBM2003070305,020,27.833683,-82.527383
TBM2003070306,020,27.91415,-82.5354
TBM2003070307,020,27.923917,-82.531917000000007
TBM2003070308,020,27.923767,-82.530783
TBM2003070501,020,27.867733,-82.537217
TBM2003070605,020,27.560783,-82.625867
TBM2003070701,020,27.6949,-82.512983
TBM2003071104,020,27.828,-82.471117
TBM2003071105,020,27.829933,-82.4418
TBM2003071106,020,27.787833,-82.414067
TBM2003071107,020,27.792,-82.408983
TBM2003071202,020,27.551,-82.609817
TBM2003071204,020,27.517167,-82.6929
TBM2003071205,020,27.524967,-82.640683
TBM2003071302,020,27.917183,-82.682117
TBM2003071306,020,28.0188,-82.666367
TBM2003071401,020,27.921167,-82.682367
TBM2003071402,020,27.918433,-82.68385
TBM2003071407,020,27.911167,-82.647833
TBM2003071408,020,27.91315,-82.643833
TBM2003071501,020,27.877683,-82.6023
TBM2003071502,020,27.880733,-82.614417
TBM2003071507,020,27.959217,-82.548833
TBM2003071508,020,27.959033,-82.548733
TBM2003071607,020,27.8454,-82.549017
TBM2003071608,020,27.848667,-82.549917
TBM2003071705,020,27.80565,-82.597683
TBM2003071706,020,27.8065,-82.596583
TBM2003071711,020,27.78555,-82.617683
TBM2003071712,020,27.78605,-82.618083
TBM2003071807,020,27.81905,-82.404567
TBM2003071808,020,27.819733,-82.405233
TBM2003071809,020,27.822,-82.401767
TBM2003071810,020,27.823383,-82.400133
TBM2003074105,020,27.938333,-82.41425
TBM2003074106,020,27.935767,-82.415833
TBM2003074107,020,27.927117,-82.41495
TBM2003074108,020,27.930017,-82.416417
TBM2003074109,020,27.92575,-82.420667
TBM2003074110,020,27.931583,-82.4262
TBM2003074111,020,27.943183,-82.4226
TBM2003074112,020,27.947367,-82.425783
TBM2003074113,020,27.946233,-82.4296
TBM2003074114,020,27.941517,-82.4328
TBM2003080101,020,27.834467,-82.47005
TBM2003080102,020,27.8031,-82.414617
TBM2003080103,020,27.837117,-82.386383
TBM2003080203,020,27.68595,-82.698633
TBM2003080206,020,27.684967,-82.717833
TBM2003080207,020,27.73785,-82.697317
TBM2003080303,020,27.616,-82.570383
TBM2003080306,020,27.708183,-82.466833
TBM2003080307,020,27.740717,-82.487383
TBM2003080605,020,27.6199,-82.715967
TBM2003080803,020,27.91685,-82.683133
TBM2003080804,020,27.9173,-82.6831
TBM2003080809,020,27.911217,-82.645383
TBM2003080810,020,27.91415,-82.639383
TBM2003080811,020,27.91765,-82.681767
TBM2003080901,020,27.9378,-82.720817
TBM2003080903,020,27.97395,-82.6013
TBM2003080904,020,28.031017,-82.679667
TBM2003080906,020,28.019233,-82.666633
TBM2003081101,020,27.8301,-82.581033
TBM2003081102,020,27.842517,-82.614233
TBM2003081103,020,27.854083,-82.630167
TBM2003081205,020,27.95765,-82.549683
TBM2003081206,020,27.95765,-82.549517
TBM2003081207,020,27.848133,-82.5453
TBM2003081210,020,27.8207,-82.619183
TBM2003081401,020,27.538967,-82.61565
TBM2003081403,020,27.571283,-82.588883
TBM2003081405,020,27.5548,-82.574
TBM2003081407,020,27.504467000000002,-82.600067
TBM2003081502,020,27.82225,-82.404433
TBM2003081503,020,27.824383,-82.405383
TBM2003081504,020,27.814517,-82.3959
TBM2003084301,020,27.943267,-82.423033
TBM2003084302,020,27.935567,-82.41535
TBM2003084303,020,27.9314,-82.425267
TBM2003084304,020,27.935433,-82.432467
TBM2003084305,020,27.946283,-82.428183
TBM2003084306,020,27.942867,-82.42
TBM2003084307,020,27.942683,-82.418467
TBM2003084308,020,27.93555,-82.413733
TBM2003084309,020,27.9282,-82.414833
TBM2003084310,020,27.9279,-82.416917
TBM2003090202,020,27.700583,-82.519333
TBM2003090203,020,27.72645,-82.478183
TBM2003090305,020,27.78025,-82.620533
TBM2003090306,020,27.785267,-82.617417
TBM2003090307,020,27.80725,-82.596967
TBM2003090308,020,27.806833,-82.59735
TBM2003090405,020,27.99295,-82.622133
TBM2003090406,020,27.9792,-82.595417
TBM2003090407,020,27.9168,-82.674533
TBM2003090501,020,27.58525,-82.619083
TBM2003090506,020,27.64685,-82.557117
TBM2003090702,020,27.7612,-82.440833
TBM2003090704,020,27.788883,-82.413033
TBM2003090706,020,27.875483,-82.408483
TBM2003090804,020,27.673367,-82.690433
TBM2003090805,020,27.70005,-82.6577
TBM2003090806,020,27.703417,-82.668833
TBM2003090902,020,27.624183,-82.70735
TBM2003091005,020,27.954217,-82.5488
TBM2003091006,020,27.958133,-82.549017
TBM2003091007,020,27.9014,-82.63575
TBM2003091012,020,27.878917,-82.607067
TBM2003091013,020,27.877833,-82.603267
TBM2003091101,020,27.5771,-82.609617
TBM2003091102,020,27.568283,-82.570833
TBM2003091107,020,27.532017,-82.728933
TBM2003091201,020,27.822667,-82.40535
TBM2003091202,020,27.82015,-82.404567
TBM2003091203,020,27.820433,-82.401433
TBM2003091204,020,27.8214,-82.401083
TBM2003091301,020,27.849683,-82.55515
TBM2003091302,020,27.84165,-82.542433
TBM2003091304,020,27.826667,-82.582367
TBM2003091501,020,27.92315,-82.6974
TBM2003091506,020,27.920433,-82.682633
TBM2003091507,020,27.921233,-82.6835
TBM2003091508,020,27.912833,-82.642983
TBM2003091509,020,27.912733,-82.641667
TBM2003091607,020,27.847583,-82.549717
TBM2003091608,020,27.848233,-82.549283
TBM2003094201,020,27.941067,-82.43305
TBM2003094202,020,27.946533,-82.42755
TBM2003094203,020,27.9432,-82.4317
TBM2003094204,020,27.946767,-82.423033
TBM2003094205,020,27.943133,-82.422783
TBM2003094210,020,27.936883,-82.415117
TBM2003094211,020,27.927667,-82.414733
TBM2003094212,020,27.926833,-82.4188
TBM2003094213,020,27.932233,-82.413517
TBM2003094214,020,27.931267,-82.425533
TBM2003100203,020,27.5605,-82.589117
TBM2003100204,020,27.575633,-82.560733
TBM2003100207,020,27.748567,-82.469667
TBM2003100208,020,27.744067,-82.480017
TBM2003100301,020,27.5309,-82.5977
TBM2003100401,020,27.953483,-82.547517
TBM2003100402,020,27.95795,-82.549067
TBM2003100403,020,27.9634,-82.550733
TBM2003100408,020,27.851683,-82.590833
TBM2003100602,020,27.996417,-82.6225
TBM2003100603,020,27.972117,-82.694367
TBM2003100604,020,27.97395,-82.688833
TBM2003100706,020,27.87615,-82.53135
TBM2003100904,020,27.514083,-82.685183
TBM2003101002,020,27.646417,-82.742167
TBM2003101004,020,27.71285,-82.72235
TBM2003101006,020,27.70045,-82.661033
TBM2003101103,020,27.826417,-82.606867
TBM2003101104,020,27.822217,-82.620067
TBM2003101106,020,27.77465,-82.626583
TBM2003101205,020,27.8654,-82.4872
TBM2003101303,020,27.92645,-82.478583
TBM2003101304,020,27.921183,-82.486533
TBM2003101403,020,27.647667,-82.675883
TBM2003101507,020,27.805017,-82.4167
TBM2003101508,020,27.821733,-82.405083
TBM2003101509,020,27.819033,-82.403583
TBM2003101703,020,27.91335,-82.64145
TBM2003101704,020,27.912783,-82.642867
TBM2003101705,020,27.917917,-82.676133
TBM2003101706,020,27.91815,-82.68235
TBM2003101707,020,27.917,-82.68345
TBM2003101802,020,27.66605,-82.541267
TBM2003104301,020,27.9288,-82.4152
TBM2003104302,020,27.929917,-82.416783
TBM2003104303,020,27.930217,-82.417433
TBM2003104304,020,27.935383,-82.414883
TBM2003104305,020,27.937583,-82.416367
TBM2003104307,020,27.944983,-82.422817
TBM2003104308,020,27.946883,-82.42405
TBM2003104309,020,27.946183,-82.428883
TBM2003104310,020,27.942033,-82.43095
TBM2003104312,020,27.936667,-82.4329
TBM2003110101,020,27.780383,-82.6202
TBM2003110102,020,27.780767,-82.620267
TBM2003110111,020,27.806617,-82.59725
TBM2003110112,020,27.811,-82.594983
TBM2003110113,020,27.809033,-82.592567
TBM2003110203,020,27.606983,-82.5792
TBM2003110302,020,27.780217,-82.620767
TBM2003110407,020,27.820467,-82.401633
TBM2003110408,020,27.821383,-82.401883
TBM2003110409,020,27.819367,-82.404117
TBM2003110410,020,27.823217,-82.404933
TBM2003110503,020,27.819083,-82.399867
TBM2003110804,020,27.665533,-82.695417
TBM2003110805,020,27.703233,-82.6978
TBM2003110806,020,27.737367,-82.706033
TBM2003110807,020,27.726583,-82.73675
TBM2003110906,020,27.713983,-82.5064
TBM2003110907,020,27.699283,-82.51005
TBM2003111001,020,27.888567,-82.627133
TBM2003111004,020,27.9123,-82.6426
TBM2003111005,020,27.9143,-82.63845
TBM2003111011,020,27.9179,-82.682267
TBM2003111012,020,27.917617,-82.682467
TBM2003111103,020,27.56475,-82.585983
TBM2003111301,020,27.885317,-82.531317
TBM2003111303,020,27.865433,-82.546217
TBM2003111405,020,27.566733,-82.568167
TBM2003111407,020,27.5186,-82.595783
TBM2003111501,020,27.899567,-82.426717
TBM2003111502,020,27.8982,-82.435217
TBM2003111504,020,27.899083,-82.4864
TBM2003111603,020,27.846467,-82.618783
TBM2003111604,020,27.845917,-82.547967
TBM2003111605,020,27.84715,-82.55115
TBM2003111706,020,27.880883,-82.614767
TBM2003111707,020,27.881067,-82.615033
TBM2003111708,020,27.877783,-82.61195
TBM2003111709,020,27.9536,-82.547533
TBM2003111710,020,27.960317,-82.54945
TBM2003111801,020,27.9685,-82.576617
TBM2003111803,020,27.95775,-82.702433
TBM2003111805,020,27.976283,-82.692017
TBM2003111901,020,27.60755,-82.550733
TBM2003111902,020,27.606833,-82.54995
TBM2003111903,020,27.6055,-82.5499
TBM2003111904,020,27.60305,-82.549233
TBM2003111905,020,27.603633,-82.549833
TBM2003111906,020,27.6065,-82.555417
TBM2003111907,020,27.608133,-82.558033
TBM2003111908,020,27.612083,-82.558067
TBM2003111909,020,27.614017,-82.559583
TBM2003111910,020,27.616083,-82.560633
TBM2003111911,020,27.61855,-82.56005
TBM2003111915,020,27.602817,-82.559683
TBM2003111916,020,27.60295,-82.561083
TBM2003112001,020,27.6045,-82.562933
TBM2003112002,020,27.60975,-82.562233
TBM2003112003,020,27.609533,-82.5638
TBM2003112004,020,27.61125,-82.564433
TBM2003112005,020,27.607533,-82.567467
TBM2003112007,020,27.602983,-82.5575
TBM2003112008,020,27.599417,-82.554167
TBM2003114103,020,27.941333,-82.432733
TBM2003114104,020,27.945217,-82.4302
TBM2003114105,020,27.945533,-82.42555
TBM2003114107,020,27.940117,-82.421083
TBM2003114108,020,27.942217,-82.419667
TBM2003114110,020,27.933267,-82.415517
TBM2003114111,020,27.926,-82.419917
TBM2003114112,020,27.9284,-82.4162
TBM2003114113,020,27.942983,-82.415417
TBM2003114114,020,27.931833,-82.425967
TBM2003120205,020,27.9653,-82.692917
TBM2003120206,020,27.979817,-82.688483
TBM2003120207,020,28.017717,-82.651067
TBM2003120403,020,27.846417,-82.5888
TBM2003120404,020,27.870633,-82.590867
TBM2003120405,020,27.883533,-82.61005
TBM2003120406,020,27.953033,-82.548583
TBM2003120407,020,27.957817,-82.549183
TBM2003120504,020,27.8476,-82.554433
TBM2003120505,020,27.801967,-82.6019
TBM2003120601,020,27.933833,-82.710317
TBM2003120602,020,27.920767,-82.682783
TBM2003120603,020,27.919483,-82.682817
TBM2003120604,020,27.913083,-82.642983
TBM2003120605,020,27.911983,-82.64615
TBM2003120706,020,27.521167,-82.606617
TBM2003120801,020,27.83745,-82.387883
TBM2003120802,020,27.84205,-82.405317
TBM2003120803,020,27.823867,-82.404867
TBM2003120804,020,27.819733,-82.404033
TBM2003120906,020,27.7391,-82.632267
TBM2003121201,020,27.877967,-82.436833
TBM2003121203,020,27.70465,-82.530517
TBM2003121301,020,27.645133,-82.718467
TBM2003121303,020,27.679983,-82.688317
TBM2003121304,020,27.740017,-82.690983
TBM2003121305,020,27.74165,-82.7269
TBM2003121402,020,27.520983,-82.668667
TBM2003121403,020,27.52865,-82.687967
TBM2003121405,020,27.574333,-82.559967
TBM2003121407,020,27.534833,-82.606917
TBM2003121502,020,27.615367,-82.559883
TBM2003121503,020,27.614817,-82.560267
TBM2003121504,020,27.614383,-82.559767
TBM2003121505,020,27.6137,-82.557933
TBM2003121507,020,27.607733,-82.555667
TBM2003121508,020,27.609567,-82.551683
TBM2003121509,020,27.607033,-82.5506
TBM2003121510,020,27.605767,-82.5499
TBM2003121511,020,27.606317,-82.556283
TBM2003121512,020,27.602567,-82.558683
TBM2003121513,020,27.6031,-82.561417
TBM2003121514,020,27.60425,-82.5621
TBM2003121515,020,27.604833,-82.566317
TBM2003121601,020,27.60315,-82.549133
TBM2003121602,020,27.603683,-82.551633
TBM2003121603,020,27.6035,-82.552233
TBM2003121604,020,27.60875,-82.5616
TBM2003121605,020,27.6107,-82.562283
TBM2003121606,020,27.610367,-82.56585
TBM2003121607,020,27.60635,-82.567
TBM2003124305,020,27.930817,-82.4244
TBM2003124306,020,27.926767,-82.4169
TBM2003124307,020,27.930017,-82.41405
TBM2003124308,020,27.94025,-82.41415
TBM2003124309,020,27.942667,-82.420367
TBM2003124310,020,27.936567,-82.416067
TBM2003124311,020,27.945967,-82.42295
TBM2003124312,020,27.945317,-82.430217
TBM2003124313,020,27.942067,-82.430883
TBM2003124314,020,27.940933,-82.4323
TBM2004010201,020,27.822217,-82.40565
TBM2004010202,020,27.823117,-82.404333
TBM2004010209,020,27.821083,-82.401633
TBM2004010210,020,27.82325,-82.398217
TBM2004010501,020,27.8627,-82.59125
TBM2004010503,020,27.735533,-82.6388
TBM2004010701,020,27.8549,-82.617617
TBM2004010708,020,27.851083,-82.555917
TBM2004010709,020,27.84795,-82.54935
TBM2004010710,020,27.84765,-82.55135
TBM2004010801,020,27.924017,-82.5322
TBM2004010802,020,27.932617,-82.537467
TBM2004010807,020,27.959467,-82.549217
TBM2004010808,020,27.9583,-82.548883
TBM2004010809,020,27.8778,-82.6032
TBM2004010810,020,27.878,-82.6033
TBM2004010901,020,27.954717,-82.720317
TBM2004010902,020,28.016683,-82.6827
TBM2004010904,020,27.99085,-82.620317
TBM2004011005,020,27.69965,-82.64165
TBM2004011101,020,27.727167,-82.72935
TBM2004011103,020,27.673667,-82.7212
TBM2004011105,020,27.662933,-82.6788
TBM2004011106,020,27.6244,-82.704333
TBM2004011304,020,27.911917,-82.450667
TBM2004011305,020,27.9228,-82.4825
TBM2004011307,020,27.855567,-82.4042
TBM2004011401,020,27.530717,-82.724233
TBM2004011402,020,27.52445,-82.722417
TBM2004011403,020,27.527417,-82.681383
TBM2004011404,020,27.52385,-82.666617
TBM2004011501,020,27.91845,-82.682917
TBM2004011502,020,27.9215,-82.683167
TBM2004011509,020,27.913467,-82.6426
TBM2004011510,020,27.911767,-82.644517
TBM2004011605,020,27.785667,-82.618467
TBM2004011606,020,27.78095,-82.619033
TBM2004011607,020,27.808617,-82.59615
TBM2004011608,020,27.811067,-82.5949
TBM2004011703,020,27.754367,-82.4567
TBM2004011704,020,27.7283,-82.477283
TBM2004011705,020,27.657767,-82.546967
TBM2004011801,020,27.606933,-82.550967
TBM2004011802,020,27.608483,-82.55145
TBM2004011803,020,27.609033,-82.551633
TBM2004011804,020,27.60775,-82.557383
TBM2004011805,020,27.60925,-82.559917
TBM2004011806,020,27.6127,-82.559483
TBM2004011807,020,27.61775,-82.559467
TBM2004011808,020,27.617283,-82.559
TBM2004011809,020,27.616783,-82.563367
TBM2004011810,020,27.607083,-82.563633
TBM2004011811,020,27.604883,-82.56735
TBM2004011812,020,27.604717,-82.5663
TBM2004011813,020,27.604483,-82.564683
TBM2004011814,020,27.6033,-82.5641
TBM2004011815,020,27.604217,-82.562333
TBM2004011816,020,27.602783,-82.560017
TBM2004011902,020,27.60085,-82.554383
TBM2004011907,020,27.605667,-82.556183
TBM2004011908,020,27.603767,-82.55215
TBM2004011909,020,27.6078,-82.552533
TBM2004014101,020,27.9382,-82.415283
TBM2004014102,020,27.935983,-82.41535
TBM2004014103,020,27.932917,-82.414183
TBM2004014104,020,27.928517,-82.41585
TBM2004014105,020,27.9273,-82.415433
TBM2004014106,020,27.9431,-82.41495
TBM2004014107,020,27.9427,-82.42045
TBM2004014108,020,27.94335,-82.423133000000007
TBM2004014109,020,27.946517,-82.4244
TBM2004014110,020,27.9462,-82.4289
TBM2004020101,020,27.9564,-82.7121
TBM2004020102,020,27.9703,-82.617683
TBM2004020103,020,27.990933,-82.623283
TBM2004020105,020,28.0056,-82.6645
TBM2004020205,020,27.736067,-82.6243
TBM2004020206,020,27.756633,-82.62845
TBM2004020301,020,27.67865,-82.6659
TBM2004020303,020,27.73685,-82.69445
TBM2004020304,020,27.696,-82.7157
TBM2004020308,020,27.630767,-82.733483
TBM2004020405,020,27.920767,-82.683833
TBM2004020406,020,27.917433,-82.682817
TBM2004020407,020,27.92,-82.649
TBM2004020410,020,27.913167,-82.641783
TBM2004020411,020,27.911433,-82.645983
TBM2004020601,020,27.525367,-82.701583
TBM2004020605,020,27.554817,-82.6306
TBM2004020801,020,27.709933,-82.476067
TBM2004020803,020,27.73955,-82.486867
TBM2004020905,020,27.908033,-82.446967
TBM2004021003,020,27.862233,-82.613267
TBM2004021006,020,27.87785,-82.53215
TBM2004021105,020,27.820117,-82.40505
TBM2004021106,020,27.819483,-82.4045
TBM2004021107,020,27.8241,-82.398267
TBM2004021201,020,27.51825,-82.5968
TBM2004021203,020,27.549917,-82.580083
TBM2004021208,020,27.5313,-82.631133
TBM2004021403,020,27.859733,-82.595467
TBM2004021404,020,27.953867,-82.548583
TBM2004021405,020,27.9555,-82.5487
TBM2004021501,020,27.601483,-82.551733
TBM2004021502,020,27.609,-82.554267
TBM2004021503,020,27.609933,-82.560717
TBM2004021504,020,27.605617,-82.563817
TBM2004021505,020,27.606867,-82.56665
TBM2004021506,020,27.608183,-82.568233
TBM2004021507,020,27.607517,-82.571483
TBM2004021508,020,27.6066,-82.570383
TBM2004021509,020,27.611917,-82.564967
TBM2004021510,020,27.610267,-82.563
TBM2004021511,020,27.61135,-82.56025
TBM2004021512,020,27.615017,-82.558033
TBM2004021513,020,27.61535,-82.559783
TBM2004021514,020,27.6172,-82.56
TBM2004021515,020,27.607733,-82.5615
TBM2004021516,020,27.60545,-82.55505
TBM2004021517,020,27.603817,-82.55195
TBM2004021518,020,27.603717,-82.553783
TBM2004021602,020,27.599767,-82.556733
TBM2004021605,020,27.604183,-82.549867
TBM2004024601,020,27.922183,-82.4201
TBM2004024602,020,27.93265,-82.423983
TBM2004024603,020,27.941783,-82.421883
TBM2004024604,020,27.945667,-82.423467
TBM2004024605,020,27.946233,-82.423883
TBM2004024606,020,27.943383,-82.4318
TBM2004024607,020,27.936067,-82.432983
TBM2004024608,020,27.927083,-82.422217
TBM2004024609,020,27.929617,-82.418183
TBM2004024610,020,27.928867,-82.415
TBM2004024611,020,27.930067,-82.4172
TBM2004030105,020,27.785333,-82.6179
TBM2004030106,020,27.784683,-82.617983
TBM2004030107,020,27.780633,-82.624867
TBM2004030112,020,27.80685,-82.597233
TBM2004030113,020,27.808767,-82.595317
TBM2004030204,020,27.774733,-82.4348
TBM2004030303,020,27.9125,-82.64285
TBM2004030304,020,27.911683,-82.645083
TBM2004030305,020,27.917967,-82.682833
TBM2004030306,020,27.921183,-82.683833
TBM2004030311,020,27.9024,-82.641767
TBM2004030312,020,27.8892,-82.628367
TBM2004030501,020,27.629367,-82.699483
TBM2004030503,020,27.7135,-82.7216
TBM2004030504,020,27.700167,-82.721067
TBM2004030506,020,27.705817,-82.676417
TBM2004030602,020,27.7001,-82.64165
TBM2004030604,020,27.68145,-82.535417
TBM2004030606,020,27.6373,-82.576267
TBM2004030701,020,27.823233,-82.440367
TBM2004030703,020,27.776967,-82.43535
TBM2004030704,020,27.8129,-82.402883
TBM2004031005,020,27.8789,-82.606917
TBM2004031006,020,27.87925,-82.6077
TBM2004031011,020,27.9594,-82.549333
TBM2004031012,020,27.96015,-82.549417
TBM2004031201,020,28.00065,-82.655383
TBM2004031202,020,28.018217,-82.66725
TBM2004031203,020,27.975283,-82.695167
TBM2004031407,020,27.820467,-82.401633
TBM2004031408,020,27.8202,-82.401333
TBM2004031409,020,27.822067,-82.405733
TBM2004031410,020,27.824133,-82.404667
TBM2004031411,020,27.839017,-82.403033
TBM2004031412,020,27.8413,-82.395233
TBM2004031502,020,27.5548,-82.60295
TBM2004031505,020,27.532417,-82.5986
TBM2004031506,020,27.51605,-82.604667
TBM2004031603,020,27.848067,-82.54965
TBM2004031604,020,27.848117,-82.548767
TBM2004031605,020,27.84285,-82.549533
TBM2004031610,020,27.8661,-82.53965
TBM2004031611,020,27.866533,-82.5382
TBM2004031801,020,27.601733,-82.557917
TBM2004031802,020,27.605283,-82.565683
TBM2004031803,020,27.606417,-82.568567
TBM2004031804,020,27.606667,-82.565567
TBM2004031805,020,27.604933,-82.5672
TBM2004031806,020,27.6115,-82.565
TBM2004031807,020,27.61185,-82.563367
TBM2004031808,020,27.613267,-82.557333
TBM2004031809,020,27.615367,-82.56055
TBM2004031810,020,27.617133,-82.563333
TBM2004031811,020,27.6095,-82.559233
TBM2004031812,020,27.60815,-82.55695
TBM2004031813,020,27.609083,-82.553583
TBM2004031814,020,27.608817,-82.552733
TBM2004031815,020,27.6084,-82.551067
TBM2004031816,020,27.602933,-82.548217
TBM2004031903,020,27.6009,-82.556867
TBM2004031907,020,27.5983,-82.55325
TBM2004031908,020,27.603467,-82.55095
TBM2004031909,020,27.607217,-82.549033
TBM2004034101,020,27.927967,-82.423067
TBM2004034102,020,27.935633,-82.418717
TBM2004034103,020,27.942617,-82.422433
TBM2004034104,020,27.946517,-82.4229
TBM2004034105,020,27.945683,-82.4301
TBM2004034106,020,27.942767,-82.413383
TBM2004034107,020,27.938283,-82.41445
TBM2004034108,020,27.9317,-82.415733
TBM2004034109,020,27.932667,-82.414567
TBM2004034110,020,27.928083,-82.41675
TBM2004040104,020,27.88925,-82.61635
TBM2004040105,020,27.882767,-82.616733
TBM2004040404,020,27.9767,-82.577983
TBM2004040405,020,28.001617,-82.632633
TBM2004040601,020,27.511567,-82.573783
TBM2004040606,020,27.544617,-82.585383
TBM2004040801,020,27.623717,-82.733467
TBM2004040805,020,27.728917,-82.737367
TBM2004040806,020,27.685683,-82.693667
TBM2004040807,020,27.690817,-82.675767
TBM2004040904,020,27.91185,-82.535533
TBM2004040905,020,27.927417,-82.533133
TBM2004041001,020,27.8415,-82.4032
TBM2004041002,020,27.7848,-82.418117
TBM2004041003,020,27.7881,-82.415283
TBM2004041004,020,27.822933,-82.438633
TBM2004041007,020,27.87715,-82.4037
TBM2004041102,020,27.57545,-82.6175
TBM2004041105,020,27.55935,-82.58985
TBM2004041201,020,27.640133,-82.5612
TBM2004041202,020,27.81455,-82.397033
TBM2004041302,020,27.842133,-82.555767
TBM2004041401,020,27.83905,-82.541267
TBM2004041402,020,27.841317,-82.536667
TBM2004041407,020,27.835367,-82.582833
TBM2004041501,020,27.607867,-82.552667
TBM2004041502,020,27.607483,-82.5508
TBM2004041503,020,27.608383,-82.551517
TBM2004041504,020,27.608683,-82.5576
TBM2004041505,020,27.61055,-82.562433
TBM2004041506,020,27.609667,-82.564583
TBM2004041507,020,27.61035,-82.564517
TBM2004041508,020,27.612033,-82.565733
TBM2004041509,020,27.615033,-82.558133
TBM2004041510,020,27.616933,-82.561683
TBM2004041511,020,27.617183,-82.560817
TBM2004041512,020,27.605067,-82.556683
TBM2004041513,020,27.600667,-82.55615
TBM2004041514,020,27.6006,-82.555283
TBM2004041515,020,27.600983,-82.553933
TBM2004041516,020,27.5994,-82.555283
TBM2004041517,020,27.60285,-82.548083
TBM2004041518,020,27.601467,-82.54915
TBM2004041601,020,27.60595,-82.57005
TBM2004041605,020,27.604633,-82.568067
TBM2004044501,020,27.9263,-82.420067
TBM2004044502,020,27.931983,-82.418683
TBM2004044505,020,27.942717,-82.415233
TBM2004044506,020,27.9426,-82.4228
TBM2004044507,020,27.94315,-82.424333
TBM2004044508,020,27.946633,-82.424233
TBM2004044509,020,27.940017,-82.429567
TBM2004044510,020,27.940367,-82.433383
TBM2004044511,020,27.938683,-82.415567
TBM2004044512,020,27.935683,-82.41465
TBM2004050302,020,27.569183,-82.609133
TBM2004050304,020,27.5117,-82.581467
TBM2004050402,020,27.641767,-82.69585
TBM2004050405,020,27.674117,-82.707917
TBM2004050406,020,27.70335,-82.721767
TBM2004050407,020,27.717,-82.706033
TBM2004050501,020,27.993233,-82.683333
TBM2004050502,020,28.01285,-82.681333
TBM2004050503,020,28.029967,-82.669633
TBM2004050601,020,27.86675,-82.542033
TBM2004050602,020,27.855867,-82.546483
TBM2004050603,020,27.82335,-82.49535
TBM2004050604,020,27.953617,-82.7219
TBM2004050605,020,27.95565,-82.719333
TBM2004050701,020,27.90815,-82.460417
TBM2004050704,020,27.845417,-82.394767
TBM2004050707,020,27.75515,-82.457617
TBM2004050801,020,27.791717,-82.6084
TBM2004050806,020,27.732333,-82.621083
TBM2004050807,020,27.75265,-82.627017
TBM2004050903,020,27.839717,-82.438233
TBM2004050905,020,27.718133,-82.502133
TBM2004051201,020,27.52385,-82.6707
TBM2004051203,020,27.518883,-82.689117
TBM2004051204,020,27.543417,-82.6435
TBM2004051301,020,27.601367,-82.5491
TBM2004051302,020,27.605617,-82.551083
TBM2004051303,020,27.60755,-82.55165
TBM2004051304,020,27.607067,-82.550383
TBM2004051305,020,27.607333,-82.548883
TBM2004051306,020,27.6066,-82.547983
TBM2004051307,020,27.609217,-82.556233
TBM2004051308,020,27.611033,-82.559967
TBM2004051309,020,27.61295,-82.558767
TBM2004051310,020,27.61185,-82.557633
TBM2004051311,020,27.616467,-82.563567
TBM2004051312,020,27.6117,-82.56555
TBM2004051313,020,27.609017,-82.567783
TBM2004051314,020,27.60835,-82.568333
TBM2004051315,020,27.606617,-82.570217
TBM2004051316,020,27.606683,-82.570133
TBM2004051317,020,27.610533,-82.568283
TBM2004051318,020,27.6096,-82.560217
TBM2004051319,020,27.59825,-82.55315
TBM2004051403,020,27.60285,-82.56055
TBM2004054301,020,27.937033,-82.433383
TBM2004054302,020,27.945533,-82.429167
TBM2004054303,020,27.94165,-82.423867
TBM2004054304,020,27.946183,-82.422833
TBM2004054305,020,27.946833,-82.4246
TBM2004054306,020,27.942483,-82.4223
TBM2004054307,020,27.94305,-82.414133
TBM2004054308,020,27.93765,-82.4162
TBM2004054309,020,27.933733,-82.417783
TBM2004054310,020,27.93255,-82.414017
TBM2004060101,020,28.008133,-82.676867
TBM2004060102,020,27.998,-82.656133
TBM2004060104,020,27.976767,-82.687533
TBM2004060105,020,27.96025,-82.701483
TBM2004060202,020,27.672383,-82.72255
TBM2004060203,020,27.673383,-82.737167
TBM2004060204,020,27.656183,-82.727467
TBM2004060404,020,27.896217,-82.487567
TBM2004060406,020,27.827417,-82.394567
TBM2004060501,020,27.724217,-82.489033
TBM2004060504,020,27.768183,-82.434483
TBM2004060604,020,27.542817,-82.643033
TBM2004060606,020,27.5483,-82.581917
TBM2004060703,020,27.5887,-82.591683
TBM2004060705,020,27.596183,-82.582017
TBM2004060815,020,27.727383,-82.4772
TBM2004060901,020,27.854017,-82.611933
TBM2004060902,020,27.91025,-82.644533
TBM2004061002,020,27.80055,-82.597633
TBM2004061003,020,27.804567,-82.608083
TBM2004061006,020,27.855483,-82.5527
TBM2004061105,020,27.679433,-82.665517
TBM2004061303,020,27.692467,-82.645667
TBM2004061401,020,27.609033,-82.5522
TBM2004061402,020,27.610533,-82.551333
TBM2004061403,020,27.608783,-82.55465
TBM2004061404,020,27.616533,-82.559883
TBM2004061405,020,27.616967,-82.560817
TBM2004061406,020,27.6171,-82.562367
TBM2004061407,020,27.61555,-82.56315
TBM2004061408,020,27.609383,-82.56025
TBM2004061409,020,27.609317,-82.562633
TBM2004061410,020,27.6102,-82.565833
TBM2004061411,020,27.6089,-82.568133
TBM2004061412,020,27.6067,-82.56975
TBM2004061413,020,27.6062,-82.5683
TBM2004061414,020,27.604733,-82.56795
TBM2004061415,020,27.603,-82.561
TBM2004061506,020,27.599967,-82.557317
TBM2004061507,020,27.59855,-82.553317
TBM2004061508,020,27.600333,-82.554417
TBM2004061509,020,27.6044,-82.554367
TBM2004061510,020,27.605117,-82.55465
TBM2004064301,020,27.925667,-82.420533
TBM2004064302,020,27.931717,-82.423833
TBM2004064303,020,27.93625,-82.433033
TBM2004064304,020,27.946083,-82.4295
TBM2004064305,020,27.946583,-82.423483
TBM2004064306,020,27.943283,-82.42365
TBM2004064307,020,27.940083,-82.413933
TBM2004064308,020,27.9366,-82.416933
TBM2004064309,020,27.932033,-82.413317
TBM2004064310,020,27.929667,-82.414517
TBM2004070104,020,27.672867,-82.731133
TBM2004070501,020,28.008067,-82.67685
TBM2004070502,020,28.015617,-82.655533
TBM2004070603,020,27.742517,-82.487433
TBM2004070702,020,27.88055,-82.424217
TBM2004070703,020,27.923083,-82.484383
TBM2004070704,020,27.7916,-82.4203
TBM2004070801,020,27.676333,-82.506683
TBM2004070803,020,27.698233,-82.517433
TBM2004070804,020,27.715267,-82.485583
TBM2004070806,020,27.65245,-82.554833
TBM2004070903,020,27.654633,-82.74475
TBM2004070904,020,27.626467,-82.714483
TBM2004070905,020,27.646167,-82.690817
TBM2004070906,020,27.697733,-82.646267
TBM2004071001,020,27.885067,-82.61685
TBM2004071003,020,27.883083,-82.620267
TBM2004071004,020,27.828733,-82.607433
TBM2004071005,020,27.8264,-82.606817
TBM2004071101,020,27.89595,-82.532517
TBM2004071103,020,27.848533,-82.5549
TBM2004071104,020,27.885683,-82.53135
TBM2004071301,020,27.530233,-82.72535
TBM2004071302,020,27.566883,-82.6187
TBM2004071401,020,27.583383,-82.557383
TBM2004071402,020,27.5983,-82.552967
TBM2004071403,020,27.602817,-82.560167
TBM2004071404,020,27.603133,-82.554133
TBM2004071405,020,27.6059,-82.563117
TBM2004071406,020,27.609833,-82.551717
TBM2004071407,020,27.608483,-82.553983
TBM2004071408,020,27.615017,-82.556833
TBM2004071409,020,27.61555,-82.559583
TBM2004071410,020,27.612033,-82.5603
TBM2004071411,020,27.612183,-82.5633
TBM2004071412,020,27.61085,-82.564783
TBM2004071413,020,27.606383,-82.56865
TBM2004071414,020,27.602817,-82.557783
TBM2004071415,020,27.60385,-82.5567
TBM2004071416,020,27.609533,-82.5596
TBM2004071417,020,27.603717,-82.55325
TBM2004071506,020,27.607133,-82.562183
TBM2004071507,020,27.606867,-82.563983
TBM2004071508,020,27.608717,-82.561767
TBM2004071601,020,27.8196,-82.499067
TBM2004071602,020,27.822617,-82.509867
TBM2004071603,020,27.831983,-82.52145
TBM2004071604,020,27.830667,-82.5184
TBM2004071701,020,27.853567,-82.59675
TBM2004071706,020,27.850483,-82.58995
TBM2004071707,020,27.846683,-82.5944
TBM2004071708,020,27.831333,-82.581433
TBM2004074504,020,27.943167,-82.414567
TBM2004074505,020,27.937467,-82.415967
TBM2004074506,020,27.932533,-82.414317
TBM2004074507,020,27.927567,-82.416117
TBM2004074508,020,27.925967,-82.420617
TBM2004074509,020,27.93,-82.424717
TBM2004074510,020,27.930267,-82.424
TBM2004074511,020,27.94475,-82.430283
TBM2004074512,020,27.9391,-82.433467
TBM2004074513,020,27.931233,-82.4148
TBM2004080201,020,27.88645,-82.613283
TBM2004080202,020,27.869017,-82.603
TBM2004080204,020,27.802983,-82.61855
TBM2004080205,020,27.8054,-82.595017
TBM2004080206,020,27.8344,-82.5362
TBM2004080303,020,27.715083,-82.715417
TBM2004080304,020,27.744583,-82.727883
TBM2004080305,020,27.710683,-82.727233
TBM2004080602,020,27.834417,-82.40395
TBM2004080604,020,27.845117,-82.421233
TBM2004080605,020,27.850217,-82.4719
TBM2004080701,020,27.589333,-82.624033
TBM2004080703,020,27.644333,-82.557867
TBM2004080704,020,27.694983,-82.51575
TBM2004080901,020,27.51545,-82.5928
TBM2004080903,020,27.5049,-82.603267
TBM2004081006,020,27.652583,-82.716017
TBM2004081102,020,27.749367,-82.461117
TBM2004081103,020,27.753417,-82.479817
TBM2004081202,020,27.966867,-82.55405
TBM2004081204,020,27.956717,-82.712417
TBM2004081205,020,28.025517,-82.665267
TBM2004081206,020,27.9996,-82.66795
TBM2004081301,020,27.604567,-82.562667
TBM2004081302,020,27.605333,-82.564567
TBM2004081303,020,27.604833,-82.565267
TBM2004081304,020,27.60595,-82.568667
TBM2004081305,020,27.608917,-82.568417
TBM2004081306,020,27.611883,-82.564817
TBM2004081307,020,27.611467,-82.5642
TBM2004081308,020,27.61485,-82.556633
TBM2004081309,020,27.610783,-82.558133
TBM2004081310,020,27.600367,-82.553517
TBM2004081311,020,27.598567,-82.553133
TBM2004081312,020,27.59855,-82.553233
TBM2004081313,020,27.599667,-82.5553
TBM2004081314,020,27.60315,-82.549067
TBM2004081315,020,27.603517,-82.549783
TBM2004081403,020,27.613633,-82.5597
TBM2004081404,020,27.609033,-82.551833
TBM2004081407,020,27.61565,-82.563417
TBM2004081409,020,27.607183,-82.5506
TBM2004081410,020,27.604267,-82.550083
TBM2004081502,020,27.833,-82.522117
TBM2004081504,020,27.829483,-82.518583
TBM2004081506,020,27.82385,-82.50135
TBM2004081508,020,27.8242,-82.4927
TBM2004081601,020,27.829483,-82.589267
TBM2004081602,020,27.8388,-82.5853
TBM2004081603,020,27.8382,-82.591883
TBM2004081604,020,27.840683,-82.591467
TBM2004081605,020,27.850667,-82.5969
TBM2004084301,020,27.931067,-82.425633
TBM2004084302,020,27.926067,-82.4198
TBM2004084303,020,27.93125,-82.414183
TBM2004084304,020,27.933567,-82.41715
TBM2004084305,020,27.936583,-82.415967
TBM2004084307,020,27.9417,-82.41995
TBM2004084308,020,27.944,-82.42305
TBM2004084309,020,27.94675,-82.42415
TBM2004084311,020,27.943917,-82.431367
TBM2004084312,020,27.941933,-82.432467
TBM2004084314,020,27.936133,-82.433217
TBM2004090101,020,27.64675,-82.703967
TBM2004090102,020,27.699517,-82.68895
TBM2004090103,020,27.703683,-82.697917
TBM2004090105,020,27.723533,-82.7264
TBM2004090304,020,27.726133,-82.478467
TBM2004090305,020,27.72165,-82.483883
TBM2004090501,020,27.774533,-82.62655
TBM2004090502,020,27.72185,-82.625983
TBM2004090504,020,27.81465,-82.49455
TBM2004090505,020,27.846983,-82.549633
TBM2004090506,020,27.84305,-82.54815
TBM2004090702,020,27.853533,-82.59665
TBM2004090705,020,27.93715,-82.559017
TBM2004090706,020,27.923717,-82.5316
TBM2004091004,020,27.871567,-82.403833
TBM2004091005,020,27.9285,-82.476333
TBM2004091006,020,27.865917,-82.487783
TBM2004091102,020,27.590517,-82.604167
TBM2004091104,020,27.596733,-82.584167
TBM2004091105,020,27.607383,-82.574367
TBM2004091201,020,27.573333,-82.55965
TBM2004091203,020,27.533283,-82.596217
TBM2004091301,020,27.9725,-82.58535
TBM2004091306,020,27.973533,-82.687667
TBM2004091307,020,28.002517,-82.656383
TBM2004091401,020,27.617233,-82.562967
TBM2004091402,020,27.61695,-82.563433
TBM2004091403,020,27.6157,-82.563383
TBM2004091404,020,27.611683,-82.563317
TBM2004091405,020,27.611083,-82.560733
TBM2004091406,020,27.611117,-82.564783
TBM2004091407,020,27.60885,-82.5582
TBM2004091408,020,27.607617,-82.55635
TBM2004091409,020,27.60635,-82.5546
TBM2004091410,020,27.604767,-82.555167
TBM2004091411,020,27.608783,-82.552733
TBM2004091412,020,27.607117,-82.551283
TBM2004091413,020,27.60525,-82.550533
TBM2004091414,020,27.6036,-82.550483
TBM2004091505,020,27.826167,-82.503417
TBM2004091506,020,27.8268,-82.507417
TBM2004091507,020,27.822667,-82.50355
TBM2004091508,020,27.82635,-82.522517
TBM2004091602,020,27.8557,-82.597567
TBM2004091604,020,27.851983,-82.595917
TBM2004091606,020,27.843167,-82.595533
TBM2004091608,020,27.833833,-82.58615
TBM2004091702,020,27.603083,-82.549933
TBM2004091704,020,27.608817,-82.57045
TBM2004091705,020,27.608167,-82.568817
TBM2004091709,020,27.604217,-82.562367
TBM2004091710,020,27.6032,-82.56085
TBM2004091711,020,27.6032,-82.5562
TBM2004094501,020,27.931033,-82.425167
TBM2004094506,020,27.946867,-82.42375
TBM2004094507,020,27.945917,-82.429467
TBM2004094508,020,27.9439,-82.430833
TBM2004094509,020,27.94525,-82.422917
TBM2004094510,020,27.941867,-82.419367
TBM2004094511,020,27.939567,-82.414233
TBM2004094512,020,27.933533,-82.415367
TBM2004094513,020,27.928783,-82.417383
TBM2004094514,020,27.925733,-82.420367
TBM2004100102,020,27.9703,-82.618033
TBM2004100105,020,27.895817,-82.5369
TBM2004100106,020,27.863717,-82.542167
TBM2004100202,020,27.6967,-82.679917
TBM2004100203,020,27.686467,-82.681517
TBM2004100206,020,27.651967,-82.715917
TBM2004100303,020,27.802567,-82.617433
TBM2004100304,020,27.825783,-82.6006
TBM2004100305,020,27.825317,-82.591767
TBM2004100308,020,27.8474,-82.618283
TBM2004100401,020,27.711933,-82.69085
TBM2004100501,020,27.569183,-82.608683
TBM2004100506,020,27.498367,-82.581217
TBM2004100604,020,27.890217,-82.480517
TBM2004100605,020,27.846867,-82.4697
TBM2004100606,020,27.822967,-82.4394
TBM2004100801,020,27.74965,-82.459983
TBM2004100802,020,27.72715,-82.477817
TBM2004101101,020,28.0034,-82.637617
TBM2004101105,020,27.937883,-82.722267
TBM2004101106,020,27.9341,-82.716033
TBM2004101303,020,27.533683,-82.732467
TBM2004101304,020,27.528967,-82.693933
TBM2004101305,020,27.528167,-82.706667
TBM2004101601,020,27.618333,-82.5602
TBM2004101602,020,27.617867,-82.559583
TBM2004101603,020,27.6141,-82.5595
TBM2004101604,020,27.6136,-82.557167
TBM2004101605,020,27.610283,-82.558167
TBM2004101606,020,27.609367,-82.559667
TBM2004101607,020,27.60305,-82.549
TBM2004101608,020,27.605617,-82.5499
TBM2004101609,020,27.6077,-82.550317
TBM2004101610,020,27.599717,-82.557083
TBM2004101611,020,27.60265,-82.557417
TBM2004101612,020,27.604333,-82.562983
TBM2004101613,020,27.606683,-82.568517
TBM2004101614,020,27.610233,-82.565833
TBM2004101615,020,27.60555,-82.560867
TBM2004101702,020,27.6087,-82.557433
TBM2004101707,020,27.606267,-82.57
TBM2004101708,020,27.605783,-82.5688
TBM2004101709,020,27.603933,-82.55145
TBM2004101710,020,27.603717,-82.552567
TBM2004101805,020,27.8232,-82.490417
TBM2004101806,020,27.823517,-82.499167
TBM2004101807,020,27.823983,-82.512617
TBM2004101808,020,27.8328,-82.526067
TBM2004101905,020,27.837767,-82.58645
TBM2004101906,020,27.845833,-82.594133
TBM2004101907,020,27.848417,-82.59555
TBM2004101908,020,27.854217,-82.596067
TBM2004104101,020,27.928983,-82.4238
TBM2004104102,020,27.925817,-82.4197
TBM2004104104,020,27.93005,-82.41775
TBM2004104105,020,27.934583,-82.415783
TBM2004104107,020,27.940167,-82.414383
TBM2004104108,020,27.94265,-82.418583
TBM2004104109,020,27.944283,-82.423
TBM2004104110,020,27.94585,-82.4295
TBM2004104111,020,27.946983,-82.42765
TBM2004104113,020,27.938967,-82.431967
TBM2004104705,020,27.858583,-82.438183
TBM2004104707,020,27.839567,-82.435783
TBM2004104709,020,27.851883,-82.400133
TBM2004104710,020,27.854483,-82.398683
TBM2004110104,020,27.606167,-82.583383
TBM2004110106,020,27.516633,-82.60345
TBM2004110202,020,27.802533,-82.617817
TBM2004110205,020,27.8209,-82.498117
TBM2004110207,020,27.831833,-82.520817
TBM2004110503,020,27.703717,-82.520083
TBM2004110504,020,27.69475,-82.520133
TBM2004110603,020,27.5016,-82.688033
TBM2004110706,020,27.6476,-82.675467
TBM2004110801,020,27.926467,-82.42145
TBM2004110802,020,27.891667,-82.41315
TBM2004110902,020,27.8508,-82.548417
TBM2004110904,020,27.829533,-82.553817
TBM2004110905,020,27.832417,-82.58325
TBM2004111001,020,27.661467,-82.693433
TBM2004111002,020,27.679733,-82.663717
TBM2004111003,020,27.6825,-82.684683
TBM2004111101,020,27.940317,-82.5503
TBM2004111202,020,27.998483,-82.676783
TBM2004111203,020,27.9693,-82.691633
TBM2004111206,020,27.9646,-82.552133
TBM2004111207,020,27.975933,-82.600217
TBM2004111304,020,27.863833,-82.429317
TBM2004111504,020,27.576467,-82.563767
TBM2004111601,020,27.82645,-82.52025
TBM2004111602,020,27.824267,-82.50295
TBM2004111607,020,27.826733,-82.505567
TBM2004111608,020,27.823883,-82.4927
TBM2004111704,020,27.858,-82.59875
TBM2004111705,020,27.85755,-82.591217
TBM2004111706,020,27.838017,-82.592317
TBM2004111707,020,27.841933,-82.591683
TBM2004114101,020,27.931783,-82.42805
TBM2004114102,020,27.9264,-82.42145
TBM2004114103,020,27.927833,-82.413683
TBM2004114104,020,27.934667,-82.413067
TBM2004114105,020,27.938717,-82.415417
TBM2004114106,020,27.940617,-82.414017
TBM2004114107,020,27.94255,-82.417733
TBM2004114108,020,27.946183,-82.428983
TBM2004114109,020,27.942733,-82.430483
TBM2004114113,020,27.933032999999998,-82.416283
TBM2004114701,020,27.834183,-82.394917
TBM2004114702,020,27.849417,-82.404217
TBM2004114703,020,27.8759,-82.40495
TBM2004114706,020,27.863167,-82.410167
TBM2004114708,020,27.84635,-82.412933
TBM2004120101,020,27.985317,-82.6854
TBM2004120103,020,27.926783,-82.704417
TBM2004120204,020,27.929,-82.534133
TBM2004120205,020,27.914533,-82.532967
TBM2004120206,020,27.893867,-82.540783
TBM2004120302,020,27.55005,-82.619533
TBM2004120303,020,27.550033,-82.628717
TBM2004120501,020,27.682233,-82.649967
TBM2004120502,020,27.683217,-82.6507
TBM2004120504,020,27.6237,-82.733767
TBM2004120507,020,27.645183,-82.7116
TBM2004120703,020,27.57365,-82.620783
TBM2004120704,020,27.5747,-82.610367
TBM2004120707,020,27.544583,-82.605817
TBM2004120802,020,27.758633,-82.459617
TBM2004120803,020,27.70605,-82.5256
TBM2004120901,020,27.736083,-82.710833
TBM2004121003,020,27.7423,-82.626383
TBM2004121004,020,27.809733,-82.591317
TBM2004121202,020,27.827917,-82.589567
TBM2004121203,020,27.8598,-82.5963
TBM2004121303,020,27.886917,-82.435283
TBM2004121405,020,27.82625,-82.5041
TBM2004121406,020,27.82655,-82.505
TBM2004121407,020,27.8208,-82.50555
TBM2004121408,020,27.818233,-82.491767
TBM2004121502,020,27.8532,-82.596667
TBM2004121505,020,27.84325,-82.5947
TBM2004121506,020,27.841817,-82.586717
TBM2004121508,020,27.8278,-82.5829
TBM2004124301,020,27.927183,-82.419033
TBM2004124302,020,27.943467,-82.430833
TBM2004124303,020,27.941333,-82.431883
TBM2004124304,020,27.9365,-82.4329
TBM2004124305,020,27.941167,-82.4319
TBM2004124310,020,27.939667,-82.415817
TBM2004124311,020,27.928383,-82.418233
TBM2004124312,020,27.93195,-82.428267
TBM2004124313,020,27.935167,-82.4324
TBM2004124314,020,27.928583,-82.4238
TBM2004124315,020,27.942333,-82.419033
TBM2004124601,020,27.868033,-82.428833
TBM2004124606,020,27.835583,-82.408783
TBM2004124607,020,27.84725,-82.420683
TBM2004124608,020,27.846617,-82.422517
TBM2005010203,020,27.529517,-82.719167
TBM2005010204,020,27.523983,-82.719367
TBM2005010303,020,27.697883,-82.717433
TBM2005010304,020,27.700583,-82.719417000000007
TBM2005010305,020,27.736983,-82.714983
TBM2005010306,020,27.7396,-82.691617
TBM2005010307,020,27.730283,-82.690917
TBM2005010401,020,27.686367,-82.522417
TBM2005010402,020,27.766717,-82.439583
TBM2005010403,020,27.756483,-82.453767
TBM2005010405,020,27.679683,-82.520033
TBM2005010604,020,28.00555,-82.6177
TBM2005010606,020,27.9817,-82.603433
TBM2005010702,020,27.93635,-82.466
TBM2005010703,020,27.876833,-82.483517
TBM2005010805,020,27.834867,-82.601383
TBM2005010806,020,27.82715,-82.607233
TBM2005010807,020,27.8126,-82.59775
TBM2005010905,020,27.5913,-82.586
TBM2005010906,020,27.625567,-82.570467
TBM2005010907,020,27.6532,-82.550033
TBM2005011101,020,27.938017,-82.723283
TBM2005011102,020,27.927633,-82.706583
TBM2005011103,020,27.913533,-82.6684
TBM2005011104,020,27.921517,-82.665217
TBM2005011107,020,27.95605,-82.567067
TBM2005011202,020,27.864333,-82.6107
TBM2005011204,020,27.852483,-82.628883
TBM2005011205,020,27.8475,-82.621483
TBM2005011301,020,27.829517,-82.528833
TBM2005011302,020,27.819917,-82.497867
TBM2005011303,020,27.824717,-82.4982
TBM2005011304,020,27.832683,-82.5333
TBM2005011401,020,27.857867,-82.59615
TBM2005011402,020,27.8349,-82.583067
TBM2005011406,020,27.847917,-82.596617
TBM2005011408,020,27.85305,-82.597917
TBM2005014201,020,27.93015,-82.412883
TBM2005014202,020,27.932833,-82.417483
TBM2005014203,020,27.935133,-82.416083
TBM2005014204,020,27.937983,-82.41615
TBM2005014205,020,27.94245,-82.417917
TBM2005014206,020,27.94375,-82.422533
TBM2005014207,020,27.946933,-82.427083
TBM2005014208,020,27.944183,-82.4307
TBM2005014209,020,27.93855,-82.433467
TBM2005014210,020,27.937467,-82.43355
TBM2005014501,020,27.868533,-82.426317
TBM2005014504,020,27.84755,-82.418217
TBM2005014505,020,27.865217,-82.404183
TBM2005014508,020,27.843183,-82.419817
TBM2005014509,020,27.8225,-82.434317
TBM2005014510,020,27.839867,-82.4377
TBM2005014511,020,27.860033,-82.4078
TBM2005020101,020,27.876633000000002,-82.5964
TBM2005020106,020,27.864967,-82.603433
TBM2005020301,020,27.708783,-82.682033
TBM2005020302,020,27.736867,-82.701083
TBM2005020304,020,27.672483,-82.740583
TBM2005020305,020,27.673633,-82.728633
TBM2005020307,020,27.627967,-82.72335
TBM2005020403,020,27.965617,-82.657033
TBM2005020405,020,28.017,-82.667533
TBM2005020501,020,27.522467,-82.6732
TBM2005020502,020,27.548733,-82.581033
TBM2005020505,020,27.56055,-82.625417
TBM2005020601,020,27.518067,-82.691567
TBM2005020605,020,27.626183,-82.566417
TBM2005020606,020,27.620417,-82.5665
TBM2005020607,020,27.605367,-82.585883
TBM2005020703,020,27.940583,-82.542733
TBM2005020704,020,27.95585,-82.544867
TBM2005020706,020,27.935017,-82.715833
TBM2005020707,020,27.908417,-82.628283
TBM2005020708,020,27.88675,-82.613433
TBM2005020801,020,27.744983,-82.464633
TBM2005020806,020,27.798033,-82.60665
TBM2005020807,020,27.7794,-82.623117
TBM2005020901,020,27.94,-82.446467
TBM2005020902,020,27.924417,-82.483283
TBM2005020903,020,27.856083,-82.48235
TBM2005020904,020,27.877517,-82.48155
TBM2005020906,020,27.833133,-82.43105
TBM2005020907,020,27.814117,-82.398433
TBM2005021103,020,27.821767,-82.3933
TBM2005021201,020,27.679117,-82.64725
TBM2005021301,020,27.833033,-82.530467
TBM2005021302,020,27.821583,-82.5055
TBM2005021303,020,27.826867,-82.507283
TBM2005021304,020,27.826433,-82.504667
TBM2005021305,020,27.82585,-82.4962
TBM2005021401,020,27.836667,-82.58865
TBM2005021402,020,27.839017,-82.592917
TBM2005021403,020,27.848517,-82.595483
TBM2005021404,020,27.85275,-82.59675
TBM2005024203,020,27.864,-82.436133
TBM2005024206,020,27.833817,-82.399667
TBM2005024207,020,27.84755,-82.4099
TBM2005024208,020,27.848333,-82.414333
TBM2005024601,020,27.9357,-82.419133
TBM2005024604,020,27.938483,-82.433967
TBM2005024605,020,27.94065,-82.433383
TBM2005024607,020,27.941483,-82.4309
TBM2005024608,020,27.943083,-82.424767
TBM2005024609,020,27.942133,-82.419067
TBM2005024610,020,27.943133,-82.411683
TBM2005024611,020,27.934383,-82.415383
TBM2005024612,020,27.927983,-82.41515
TBM2005024613,020,27.92735,-82.416733
TBM2005030104,020,27.739067,-82.737117
TBM2005030105,020,27.689633,-82.719883
TBM2005030202,020,27.855267,-82.552967
TBM2005030204,020,27.8414,-82.619067
TBM2005030206,020,27.852183,-82.624167
TBM2005030301,020,27.718,-82.4882
TBM2005030303,020,27.674217,-82.517417
TBM2005030304,020,27.63725,-82.576383
TBM2005030402,020,27.8993,-82.539533
TBM2005030403,020,27.9368,-82.540783
TBM2005030406,020,27.938017,-82.723567
TBM2005030407,020,27.9069,-82.630167
TBM2005030701,020,27.83255,-82.431117
TBM2005030702,020,27.8441,-82.420617
TBM2005030703,020,27.86725,-82.42615
TBM2005030706,020,27.85275,-82.398533
TBM2005030801,020,27.702533,-82.6232
TBM2005030802,020,27.710417,-82.618917
TBM2005030804,020,27.75275,-82.62675
TBM2005030902,020,27.9621,-82.685817
TBM2005030903,020,27.969567,-82.6906
TBM2005030904,020,27.990583,-82.684717
TBM2005031001,020,27.5199,-82.636033
TBM2005031002,020,27.5516,-82.634833
TBM2005031005,020,27.596417,-82.580867
TBM2005031105,020,27.790183,-82.4223
TBM2005031106,020,27.8146,-82.39505
TBM2005031202,020,27.514483,-82.688033
TBM2005031204,020,27.51205,-82.68085
TBM2005031301,020,27.626717,-82.723967
TBM2005031302,020,27.643733,-82.735417
TBM2005031305,020,27.669967,-82.73735
TBM2005031401,020,27.830517,-82.586083
TBM2005031403,020,27.838617,-82.587633
TBM2005031404,020,27.845833,-82.5941
TBM2005031408,020,27.858367,-82.5985
TBM2005031501,020,27.825117,-82.51645
TBM2005031502,020,27.830383,-82.526717
TBM2005031503,020,27.83025,-82.526167
TBM2005031504,020,27.833617,-82.528
TBM2005031506,020,27.828283,-82.512067
TBM2005034101,020,27.935967,-82.433383
TBM2005034102,020,27.9394,-82.433683
TBM2005034107,020,27.946933,-82.423533
TBM2005034108,020,27.94755,-82.425483
TBM2005034109,020,27.934817,-82.417367
TBM2005034110,020,27.932883,-82.41585
TBM2005034111,020,27.93,-82.413767000000007
TBM2005034112,020,27.927167,-82.415583
TBM2005034113,020,27.9262,-82.4209
TBM2005034114,020,27.93775,-82.434133
TBM2005034503,020,27.838967,-82.431433
TBM2005034506,020,27.833333,-82.40295
TBM2005034507,020,27.841683,-82.39545
TBM2005034508,020,27.8484,-82.40525
TBM2005040102,020,27.71705,-82.5007
TBM2005040103,020,27.5979,-82.57785
TBM2005040104,020,27.609417,-82.5703
TBM2005040201,020,27.8749,-82.606767
TBM2005040202,020,27.887833,-82.541233
TBM2005040205,020,27.84475,-82.55325
TBM2005040301,020,27.506067,-82.696083
TBM2005040302,020,27.5581,-82.627783
TBM2005040306,020,27.53355,-82.732183
TBM2005040403,020,27.548083,-82.582533
TBM2005040405,020,27.588517,-82.62495
TBM2005040501,020,27.970083,-82.580233
TBM2005040502,020,27.959967,-82.571683
TBM2005040506,020,28.017117,-82.643383
TBM2005040603,020,27.709983,-82.635583
TBM2005040604,020,27.699367,-82.720783
TBM2005040606,020,27.6744,-82.7311
TBM2005040701,020,27.653083,-82.745733
TBM2005040702,020,27.648967,-82.730517
TBM2005040706,020,27.628467,-82.701467
TBM2005040903,020,27.927,-82.533317
TBM2005040905,020,27.9249,-82.700817
TBM2005040906,020,27.9271,-82.705717
TBM2005040907,020,27.830683,-82.581283
TBM2005041103,020,27.90125,-82.434333
TBM2005041104,020,27.9002,-82.416017
TBM2005041202,020,27.832883,-82.470617
TBM2005041204,020,27.775417,-82.43555
TBM2005041206,020,27.78775,-82.414783
TBM2005041207,020,27.7952,-82.415967
TBM2005041208,020,27.811233,-82.412383
TBM2005041301,020,27.832,-82.521183
TBM2005041302,020,27.83265,-82.521967
TBM2005041303,020,27.825483,-82.505967
TBM2005041304,020,27.82155,-82.505517
TBM2005041401,020,27.8518,-82.5947
TBM2005041402,020,27.8282,-82.581117
TBM2005041404,020,27.836383,-82.588417
TBM2005041405,020,27.843233,-82.5957
TBM2005041408,020,27.8523,-82.5974
TBM2005044201,020,27.931183,-82.425567
TBM2005044202,020,27.942983,-82.4312
TBM2005044203,020,27.942783,-82.423933
TBM2005044204,020,27.9447,-82.422967
TBM2005044205,020,27.942783,-82.415067
TBM2005044206,020,27.9375,-82.41355
TBM2005044207,020,27.931983,-82.41375
TBM2005044208,020,27.9297,-82.41735
TBM2005044209,020,27.9301,-82.417217
TBM2005044210,020,27.92725,-82.422617
TBM2005044301,020,27.851583,-82.407033
TBM2005044302,020,27.837283,-82.4015
TBM2005044303,020,27.835933,-82.430917
TBM2005044309,020,27.860483,-82.400467
TBM2005050101,020,27.8397,-82.43825
TBM2005050105,020,27.812633,-82.411017
TBM2005050106,020,27.79575,-82.414017
TBM2005050107,020,27.7821,-82.429817
TBM2005050109,020,27.7482,-82.460033
TBM2005050110,020,27.685017,-82.5279
TBM2005050202,020,27.702267,-82.697667
TBM2005050204,020,27.689567,-82.644767
TBM2005050206,020,27.704683,-82.639967
TBM2005050207,020,27.74335,-82.6337
TBM2005050302,020,27.833117,-82.554283
TBM2005050303,020,27.844567,-82.552667
TBM2005050304,020,27.8444,-82.5435
TBM2005050403,020,27.988533,-82.688417
TBM2005050405,020,28.027717,-82.665383
TBM2005050406,020,28.0027,-82.627667
TBM2005050501,020,27.5688,-82.582017
TBM2005050502,020,27.594867,-82.5992
TBM2005050503,020,27.540467,-82.631833
TBM2005050504,020,27.5328,-82.642117
TBM2005050508,020,27.527033,-82.712233
TBM2005050601,020,27.630417,-82.6991
TBM2005050603,020,27.666033,-82.738083
TBM2005050606,020,27.661567,-82.733717
TBM2005050607,020,27.699733,-82.721533
TBM2005050803,020,27.923867,-82.4843
TBM2005050806,020,27.8338,-82.398617
TBM2005050914,020,27.500667,-82.57715
TBM2005051001,020,27.883467,-82.53765
TBM2005051003,020,27.915967,-82.683533
TBM2005051004,020,27.91475,-82.675217
TBM2005051006,020,27.909283,-82.532083
TBM2005051201,020,27.826717,-82.52075
TBM2005051202,020,27.8242,-82.50445
TBM2005051204,020,27.827833,-82.509167
TBM2005051206,020,27.82805,-82.511417
TBM2005051301,020,27.829217,-82.58945
TBM2005051302,020,27.8307,-82.5887
TBM2005051303,020,27.8334,-82.588017
TBM2005051304,020,27.840767,-82.588
TBM2005054205,020,27.870367,-82.428667
TBM2005054206,020,27.884517,-82.42565
TBM2005054207,020,27.867617,-82.407883
TBM2005054208,020,27.863517,-82.401617
TBM2005054209,020,27.861117,-82.40135
TBM2005054210,020,27.849867,-82.40765
TBM2005054501,020,27.943183,-82.411783
TBM2005054502,020,27.942633,-82.418117
TBM2005054503,020,27.94715,-82.424167
TBM2005054504,020,27.94665,-82.424583
TBM2005054505,020,27.945517,-82.43025
TBM2005054506,020,27.939567,-82.433617
TBM2005054507,020,27.932117,-82.428883
TBM2005054508,020,27.926,-82.419917
TBM2005054509,020,27.93295,-82.416483
TBM2005054510,020,27.938467,-82.41515
TBM2005060103,020,27.645383,-82.737983
TBM2005060104,020,27.64155,-82.695983
TBM2005060203,020,27.863617,-82.434783
TBM2005060302,020,27.9237,-82.530683
TBM2005060305,020,27.918633,-82.687383
TBM2005060306,020,27.9059,-82.649983
TBM2005060307,020,27.901667,-82.643983
TBM2005060308,020,27.882133,-82.6213
TBM2005060501,020,27.983,-82.616933
TBM2005060505,020,27.9134,-82.668467
TBM2005060507,020,28.008533,-82.629817
TBM2005060601,020,27.580033,-82.61205
TBM2005060604,020,27.686867,-82.530317
TBM2005060702,020,27.70015,-82.6512
TBM2005060703,020,27.700233,-82.65585
TBM2005060704,020,27.698283,-82.71725
TBM2005060802,020,27.538117,-82.628233
TBM2005060805,020,27.546583,-82.58305
TBM2005061003,020,27.823183,-82.440033
TBM2005061004,020,27.826233,-82.441883
TBM2005061005,020,27.862917,-82.4868
TBM2005061006,020,27.877633,-82.48245
TBM2005061007,020,27.917083,-82.490733
TBM2005061104,020,27.522383,-82.673533
TBM2005061105,020,27.516817,-82.593417
TBM2005061106,020,27.524617,-82.615117
TBM2005061201,020,27.828433,-82.588833
TBM2005061202,020,27.804867,-82.60035
TBM2005061206,020,27.865383,-82.54505
TBM2005061301,020,27.819667,-82.616933
TBM2005061306,020,27.82625,-82.606867
TBM2005061401,020,27.8251,-82.5036
TBM2005061402,020,27.82075,-82.49245
TBM2005061404,020,27.825483,-82.500367
TBM2005061406,020,27.827483,-82.508683
TBM2005061501,020,27.829783,-82.587717
TBM2005061502,020,27.828483,-82.581367
TBM2005061503,020,27.83465,-82.589333
TBM2005061504,020,27.847267,-82.594817
TBM2005061602,020,27.91,-82.44555
TBM2005064201,020,27.850133,-82.403017
TBM2005064202,020,27.846183,-82.399083
TBM2005064203,020,27.864183,-82.40185
TBM2005064204,020,27.864167,-82.4365
TBM2005064209,020,27.832867,-82.431217
TBM2005064601,020,27.93575,-82.433117
TBM2005064602,020,27.937067,-82.433667
TBM2005064603,020,27.940567,-82.43305
TBM2005064604,020,27.945733,-82.4298
TBM2005064605,020,27.944,-82.42295
TBM2005064606,020,27.944033,-82.422917
TBM2005064607,020,27.942933,-82.42075
TBM2005064608,020,27.928367,-82.417683
TBM2005064609,020,27.928233,-82.415717
TBM2005064610,020,27.925667,-82.420733
TBM2005064611,020,27.928717,-82.424283
TBM2005070201,020,27.971333,-82.608517
TBM2005070203,020,27.8907,-82.6328
TBM2005070204,020,27.889383,-82.627667
TBM2005070205,020,27.94105,-82.547833
TBM2005070207,020,27.961467,-82.5692
TBM2005070301,020,27.722917,-82.47935
TBM2005070302,020,27.717583,-82.501
TBM2005070304,020,27.760817,-82.450267
TBM2005070307,020,27.783317,-82.4174
TBM2005070406,020,27.67995,-82.6578
TBM2005070501,020,27.524667,-82.614217
TBM2005070502,020,27.526283,-82.7193
TBM2005070503,020,27.523183,-82.70795
TBM2005070504,020,27.52425,-82.70285
TBM2005070505,020,27.528233,-82.684567
TBM2005070604,020,27.58275,-82.61305
TBM2005070605,020,27.575617,-82.567083
TBM2005070702,020,27.666433,-82.7427
TBM2005070703,020,27.63445,-82.697217
TBM2005070704,020,27.631583,-82.698567
TBM2005070705,020,27.662217,-82.69255
TBM2005070801,020,27.740217,-82.63865
TBM2005070802,020,27.758517,-82.628867
TBM2005070803,020,27.820133,-82.616933
TBM2005070902,020,27.834033,-82.527483
TBM2005070906,020,27.8368,-82.583067
TBM2005071001,020,27.990433,-82.685183
TBM2005071004,020,27.968433,-82.576317
TBM2005071201,020,27.858,-82.4084
TBM2005071203,020,27.883867,-82.424583
TBM2005071205,020,27.886483,-82.480767
TBM2005071301,020,27.83285,-82.5293
TBM2005071302,020,27.830533,-82.527567
TBM2005071303,020,27.827867,-82.52325
TBM2005071307,020,27.82805,-82.512133
TBM2005071309,020,27.832883,-82.522133
TBM2005071401,020,27.8305,-82.588683
TBM2005071402,020,27.832267,-82.583267
TBM2005071403,020,27.84235,-82.587567
TBM2005071406,020,27.8502,-82.597183
TBM2005074101,020,27.847633,-82.41185
TBM2005074102,020,27.841867,-82.398633
TBM2005074105,020,27.867433,-82.424783
TBM2005074106,020,27.863767,-82.410867
TBM2005074401,020,27.927417,-82.41535
TBM2005074402,020,27.935167,-82.413633
TBM2005074403,020,27.936717,-82.4148
TBM2005074404,020,27.944467,-82.422883
TBM2005074405,020,27.9475,-82.422933
TBM2005074406,020,27.94405,-82.431417
TBM2005074407,020,27.942167,-82.432433
TBM2005074408,020,27.937867,-82.433767
TBM2005074409,020,27.937267,-82.43395
TBM2005074410,020,27.9352,-82.432733
TBM2005074415,020,27.863833,-82.4315
TBM2005074416,020,27.839017,-82.431417
TBM2005080201,020,28.015567,-82.654717
TBM2005080202,020,28.0036,-82.61105
TBM2005080304,020,27.93085,-82.4483
TBM2005080305,020,27.92645,-82.47805
TBM2005080307,020,27.913433,-82.490883
TBM2005080308,020,27.9146,-82.49025
TBM2005080402,020,27.797867,-82.599
TBM2005080403,020,27.813017,-82.596317
TBM2005080404,020,27.83635,-82.605983
TBM2005080501,020,27.893483,-82.5412
TBM2005080502,020,27.931383,-82.535633
TBM2005080506,020,27.916833,-82.6159
TBM2005080507,020,27.8982,-82.627633
TBM2005080603,020,27.593717,-82.590967
TBM2005080604,020,27.553567,-82.6335
TBM2005080605,020,27.537467,-82.650383
TBM2005080606,020,27.551783,-82.617183
TBM2005080709,020,27.661083,-82.694383
TBM2005080801,020,27.740483,-82.73775
TBM2005080802,020,27.724167,-82.696817
TBM2005080804,020,27.673117,-82.695267
TBM2005080806,020,27.6503,-82.7304
TBM2005080912,020,27.7169,-82.46225
TBM2005081004,020,27.57195,-82.571567
TBM2005081006,020,27.56915,-82.5756
TBM2005081007,020,27.53855,-82.606117
TBM2005081103,020,27.775833,-82.435167
TBM2005081105,020,27.7484,-82.470567
TBM2005081106,020,27.747083,-82.478517
TBM2005081201,020,27.833733,-82.527317
TBM2005081202,020,27.82995,-82.5155
TBM2005081205,020,27.8283,-82.512783
TBM2005081208,020,27.8227,-82.509317
TBM2005081209,020,27.8283,-82.52725
TBM2005081301,020,27.829117,-82.5826
TBM2005081303,020,27.8374,-82.59
TBM2005081304,020,27.843567,-82.593483
TBM2005081306,020,27.85585,-82.5933
TBM2005081401,020,27.872717,-82.5331
TBM2005081402,020,27.84745,-82.552817
TBM2005081501,020,27.892067,-82.58735
TBM2005084110,020,27.935633,-82.433133
TBM2005084201,020,27.93175,-82.426783
TBM2005084202,020,27.931483,-82.413767000000007
TBM2005084203,020,27.934083,-82.413667
TBM2005084204,020,27.934233,-82.415817
TBM2005084207,020,27.942967,-82.41215
TBM2005084208,020,27.943067,-82.414483
TBM2005084209,020,27.943567,-82.4228
TBM2005084210,020,27.941483,-82.432917
TBM2005084211,020,27.9377,-82.434317
TBM2005084301,020,27.83875,-82.397617
TBM2005084306,020,27.864283,-82.43665
TBM2005084307,020,27.84905,-82.409667
TBM2005084308,020,27.849467,-82.40915
TBM2005084309,020,27.852817,-82.3995
TBM2005090102,020,27.6583,-82.677533
TBM2005090104,020,27.634883,-82.575483
TBM2005090105,020,27.64765,-82.572917
TBM2005090109,020,27.636633,-82.692783
TBM2005090202,020,27.867933,-82.42645
TBM2005090203,020,27.874917,-82.403333
TBM2005090204,020,27.898717,-82.416833
TBM2005090301,020,27.538533,-82.605883
TBM2005090302,020,27.547417,-82.582783
TBM2005090304,020,27.56355,-82.601383
TBM2005090307,020,27.505017,-82.602817
TBM2005090404,020,27.988883,-82.68545
TBM2005090406,020,28.021883,-82.665417
TBM2005090501,020,27.752467,-82.4638
TBM2005090502,020,27.74685,-82.4786
TBM2005090503,020,27.712367,-82.499533
TBM2005090507,020,27.678817,-82.501633
TBM2005090603,020,27.836833,-82.58315
TBM2005090605,020,27.88305,-82.6202
TBM2005090606,020,27.875317,-82.600583
TBM2005090607,020,27.898183,-82.532583
TBM2005090701,020,27.8613,-82.486783
TBM2005090704,020,27.884683,-82.434583
TBM2005090707,020,27.869383,-82.46675
TBM2005090903,020,27.9069,-82.633933
TBM2005090905,020,27.916433,-82.616633
TBM2005090906,020,27.886833,-82.613183
TBM2005090907,020,27.97035,-82.617567
TBM2005091004,020,27.803783,-82.598467
TBM2005091006,020,27.793483,-82.62735
TBM2005091102,020,27.666167,-82.742517
TBM2005091104,020,27.74325,-82.730717
TBM2005091105,020,27.709267,-82.72295
TBM2005091106,020,27.7014,-82.647583
TBM2005091303,020,27.827633,-82.511683
TBM2005091305,020,27.829667,-82.5185
TBM2005091307,020,27.831983,-82.521083
TBM2005091308,020,27.831267,-82.521733
TBM2005091403,020,27.84345,-82.588117
TBM2005091405,020,28.8392,-82.593067
TBM2005091406,020,27.838467,-82.593617
TBM2005091408,020,27.829383,-82.58945
TBM2005094201,020,27.846617,-82.4131
TBM2005094202,020,27.846567,-82.414517
TBM2005094207,020,27.838533,-82.43085
TBM2005094208,020,27.862783,-82.404633
TBM2005094501,020,27.940633,-82.433367
TBM2005094502,020,27.941317,-82.4327
TBM2005094503,020,27.944217,-82.4232
TBM2005094504,020,27.94275,-82.421817
TBM2005094505,020,27.940667,-82.4196
TBM2005094506,020,27.9425,-82.417383
TBM2005094507,020,27.9283,-82.418583
TBM2005094508,020,27.927017,-82.42165
TBM2005094509,020,27.934917,-82.418117
TBM2005094510,020,27.942333,-82.419183
TBM2005100102,020,27.814717,-82.4888
TBM2005100104,020,27.84335,-82.419
TBM2005100106,020,27.854383,-82.40335
TBM2005100201,020,27.7428,-82.725133
TBM2005100301,020,27.699283,-82.69275
TBM2005100302,020,27.710883,-82.69825
TBM2005100305,020,27.654483,-82.725417
TBM2005100307,020,27.637967,-82.733333
TBM2005100401,020,27.604783,-82.5666
TBM2005100402,020,27.615467,-82.569833
TBM2005100405,020,27.534517,-82.595117
TBM2005100406,020,27.5481,-82.573683
TBM2005100501,020,28.02445,-82.665167
TBM2005100503,020,27.987783,-82.610733
TBM2005100506,020,27.945917,-82.7216
TBM2005100507,020,27.918433,-82.63885
TBM2005100508,020,27.9167,-82.64355
TBM2005100601,020,27.9067,-82.63405
TBM2005100606,020,27.884533,-82.531017
TBM2005100703,020,27.86705,-82.6129
TBM2005100704,020,27.856883,-82.552417
TBM2005100705,020,27.851483,-82.5483
TBM2005100707,020,27.832283,-82.554
TBM2005100801,020,27.679617,-82.64665
TBM2005100802,020,27.6782,-82.647667
TBM2005100805,020,27.533333,-82.73185
TBM2005100806,020,27.521133,-82.65505
TBM2005101003,020,27.623317,-82.571633
TBM2005101004,020,27.719433,-82.493283
TBM2005101005,020,27.722517,-82.479567
TBM2005101007,020,27.734483,-82.476767
TBM2005101215,020,27.709817,-82.451967
TBM2005101304,020,27.85105,-82.59685
TBM2005101305,020,27.852983,-82.59675
TBM2005101307,020,27.83935,-82.584783
TBM2005101308,020,27.836717,-82.58285
TBM2005101405,020,27.816933,-82.497583
TBM2005101406,020,27.826283,-82.506167
TBM2005101407,020,27.83195,-82.52135
TBM2005101408,020,27.829,-82.528617
TBM2005104301,020,27.931833,-82.428167
TBM2005104302,020,27.937233,-82.433667
TBM2005104303,020,27.944867,-82.43065
TBM2005104304,020,27.940733,-82.4305
TBM2005104309,020,27.943,-82.412517
TBM2005104310,020,27.950017,-82.4152
TBM2005104311,020,27.940017,-82.41475
TBM2005104312,020,27.93865,-82.4154
TBM2005104313,020,27.931117,-82.413317
TBM2005104314,020,27.9274,-82.4229
TBM2005104315,020,27.942817,-82.420167
TBM2005104701,020,27.847667,-82.404067
TBM2005104702,020,27.840317,-82.406933
TBM2005104704,020,27.863267,-82.42975
TBM2005104708,020,27.854367,-82.39895
TBM2005110101,020,27.8431,-82.419117
TBM2005110104,020,27.755633,-82.456283
TBM2005110105,020,27.73365,-82.477
TBM2005110202,020,27.845617,-82.555033
TBM2005110203,020,27.892617,-82.541733
TBM2005110207,020,27.8485,-82.623317
TBM2005110401,020,27.724217,-82.696383
TBM2005110402,020,27.74205,-82.742933
TBM2005110404,020,27.64385,-82.732267
TBM2005110407,020,27.646083,-82.7043
TBM2005110504,020,28.00065,-82.627617
TBM2005110601,020,27.919983,-82.489317
TBM2005110602,020,27.884083,-82.479817
TBM2005110702,020,27.572333,-82.56165
TBM2005110703,020,27.549917,-82.580233
TBM2005110704,020,27.568217,-82.619717
TBM2005110705,020,27.64355,-82.557733
TBM2005110706,020,27.66315,-82.54695
TBM2005111002,020,27.533933,-82.732117
TBM2005111006,020,27.5211,-82.60615
TBM2005111102,020,27.79705,-82.599133
TBM2005111104,020,27.737867,-82.622967
TBM2005111105,020,27.7214,-82.618567
TBM2005111106,020,27.703383,-82.667133
TBM2005111201,020,28.005833,-82.6388
TBM2005111202,020,28.008783,-82.653767
TBM2005111203,020,28.03245,-82.677433
TBM2005111204,020,27.938133,-82.7236
TBM2005111205,020,27.933032999999998,-82.703917
TBM2005111301,020,27.827133,-82.508033
TBM2005111302,020,27.824333,-82.493917
TBM2005111305,020,27.83275,-82.533517
TBM2005111308,020,27.848817,-82.546317
TBM2005111309,020,27.847267,-82.544617
TBM2005114305,020,27.839867,-82.438017
TBM2005114306,020,27.850067,-82.40725
TBM2005114307,020,27.857267,-82.406167
TBM2005114308,020,27.8624,-82.409667
TBM2005114309,020,27.867833,-82.41015
TBM2005114310,020,27.864517,-82.429117
TBM2005114701,020,27.939283,-82.414467
TBM2005114702,020,27.93585,-82.41365
TBM2005114703,020,27.92775,-82.413283
TBM2005114704,020,27.928033,-82.413933
TBM2005114705,020,27.92885,-82.423967
TBM2005114706,020,27.94455,-82.430867
TBM2005114707,020,27.946233,-82.429717
TBM2005114708,020,27.946533,-82.426033
TBM2005114709,020,27.927017,-82.422167
TBM2005114710,020,27.942733,-82.420083
TBM2005114714,020,27.942333,-82.424933
TBM2005120101,020,27.852767,-82.399117
TBM2005120102,020,27.882483,-82.423817
TBM2005120103,020,27.900367,-82.425933
TBM2005120105,020,27.927533,-82.422717
TBM2005120107,020,27.864033,-82.436317
TBM2005120301,020,27.9752,-82.596067
TBM2005120306,020,27.9091,-82.6421
TBM2005120307,020,27.966283,-82.56575
TBM2005120401,020,27.711333,-82.48805
TBM2005120403,020,27.757017,-82.48355
TBM2005120404,020,27.749817,-82.46665
TBM2005120406,020,27.803783,-82.421183
TBM2005120502,020,27.691133,-82.73485
TBM2005120503,020,27.73755,-82.7019
TBM2005120504,020,27.73635,-82.694233
TBM2005120505,020,27.709517,-82.687983
TBM2005120602,020,27.507633,-82.6112
TBM2005120603,020,27.511167,-82.573617
TBM2005120604,020,27.5227,-82.652617
TBM2005120606,020,27.61305,-82.568183
TBM2005120607,020,27.62985,-82.699683
TBM2005120701,020,27.532567,-82.598717
TBM2005120702,020,27.57515,-82.560717
TBM2005120707,020,27.57305,-82.593117
TBM2005120801,020,27.82935,-82.553767
TBM2005120803,020,27.827033,-82.5833
TBM2005120804,020,27.839367,-82.605217
TBM2005120807,020,27.882117,-82.61715
TBM2005121002,020,27.874383,-82.596633
TBM2005121003,020,27.891633,-82.58815
TBM2005121004,020,27.934333,-82.708567
TBM2005121005,020,27.956267,-82.71305
TBM2005121006,020,27.945933,-82.721833
TBM2005121201,020,27.832767,-82.5341
TBM2005121202,020,27.84455,-82.545317
TBM2005121203,020,27.8488,-82.546
TBM2005121204,020,27.826833,-82.507567
TBM2005124301,020,27.86335,-82.4108
TBM2005124302,020,27.834033,-82.43095
TBM2005124303,020,27.847717,-82.411017
TBM2005124304,020,27.847967,-82.411733
TBM2005124701,020,27.938217,-82.4151
TBM2005124702,020,27.9314,-82.4161
TBM2005124703,020,27.926217,-82.420083
TBM2005124704,020,27.931767,-82.427617
TBM2005124705,020,27.93685,-82.433133
TBM2005124706,020,27.938067,-82.433983
TBM2005124707,020,27.946667,-82.4267
TBM2005124708,020,27.94225,-82.4179
TBM2005124709,020,27.942667,-82.419883
TBM2005124710,020,27.94235,-82.422933
TBM2006010303,020,27.832367,-82.603183
TBM2006010305,020,27.8114,-82.5987
TBM2006010306,020,27.858517,-82.54565
TBM2006010307,020,27.865133,-82.543183
TBM2006010405,020,27.639033,-82.72
TBM2006010406,020,27.627817,-82.714233
TBM2006010407,020,27.678917,-82.6655
TBM2006010408,020,27.69795,-82.64635
TBM2006010501,020,27.553383,-82.634233
TBM2006010503,020,27.523633,-82.708267
TBM2006010504,020,27.518233,-82.59825
TBM2006010601,020,27.6096,-82.562367
TBM2006010602,020,27.643483,-82.557867
TBM2006010603,020,27.652667,-82.556067
TBM2006010604,020,27.7169,-82.503533
TBM2006010605,020,27.745567,-82.4855
TBM2006010606,020,27.759217,-82.44985
TBM2006010607,020,27.69185,-82.521633
TBM2006010704,020,27.83365,-82.441117
TBM2006010705,020,27.878117,-82.436767
TBM2006010804,020,28.009117,-82.646467
TBM2006010805,020,28.004083,-82.622783
TBM2006010806,020,27.995067,-82.5945
TBM2006010901,020,27.736017,-82.623167
TBM2006010904,020,27.698583,-82.6774
TBM2006010905,020,27.681033,-82.693333
TBM2006011003,020,27.815933,-82.48915
TBM2006011004,020,27.854183,-82.479967
TBM2006011104,020,27.947233,-82.54615
TBM2006011105,020,27.925917,-82.692417
TBM2006011106,020,27.916617,-82.676867
TBM2006011107,020,27.919883,-82.610917
TBM2006011201,020,27.823183,-82.514217
TBM2006014301,020,27.853667,-82.4028
TBM2006014303,020,27.864433,-82.429317
TBM2006014304,020,27.86455,-82.437133
TBM2006014308,020,27.836933,-82.4025
TBM2006014309,020,27.855283,-82.405333
TBM2006014701,020,27.9354,-82.43285
TBM2006014702,020,27.93935,-82.4331
TBM2006014703,020,27.941433,-82.432967
TBM2006014704,020,27.9446,-82.430483
TBM2006014705,020,27.942333,-82.424167
TBM2006014706,020,27.9409,-82.42185
TBM2006014707,020,27.940083,-82.4147
TBM2006014708,020,27.934217,-82.4133
TBM2006014709,020,27.929517,-82.414933
TBM2006014710,020,27.9317,-82.427733
TBM2006020101,020,27.845983,-82.392867
TBM2006020201,020,28.002433,-82.633717
TBM2006020203,020,27.9965,-82.65715
TBM2006020206,020,27.928267,-82.692
TBM2006020301,020,27.903983,-82.535517
TBM2006020302,020,27.923933,-82.531367
TBM2006020402,020,27.6444,-82.558217
TBM2006020403,020,27.643783,-82.55815
TBM2006020404,020,27.65005,-82.551683
TBM2006020602,020,27.647883,-82.735517
TBM2006020603,020,27.6526,-82.713067
TBM2006020605,020,27.723683,-82.7287
TBM2006020702,020,27.7004,-82.660267
TBM2006020703,020,27.7004,-82.66025
TBM2006020802,020,27.874967,-82.5877
TBM2006020803,020,27.8734,-82.610033
TBM2006020804,020,27.88955,-82.633267
TBM2006020807,020,27.911633,-82.656267
TBM2006021001,020,27.823683,-82.5171
TBM2006021002,020,27.831417,-82.5635
TBM2006021005,020,27.82965,-82.60005
TBM2006021006,020,27.788633,-82.621433
TBM2006021102,020,27.521017,-82.64175
TBM2006021104,020,27.5381,-82.605717
TBM2006021106,020,27.551967,-82.608567
TBM2006021107,020,27.60965,-82.573483
TBM2006021201,020,27.74725,-82.4758
TBM2006021203,020,27.7495,-82.469767
TBM2006021204,020,27.74185,-82.488617
TBM2006021205,020,27.715483,-82.503567
TBM2006022102,020,27.822483,-82.4342
TBM2006022104,020,27.820583,-82.3938
TBM2006022105,020,27.900117,-82.416233
TBM2006024501,020,27.848367,-82.4133
TBM2006024502,020,27.84615,-82.417317
TBM2006024503,020,27.8631,-82.408883
TBM2006024508,020,27.8393,-82.394033
TBM2006024702,020,27.935483,-82.432883
TBM2006024703,020,27.937267,-82.433883
TBM2006024704,020,27.938433,-82.433583
TBM2006024705,020,27.94335,-82.431517
TBM2006024706,020,27.94375,-82.422817
TBM2006024707,020,27.942833,-82.419483
TBM2006024711,020,27.929383,-82.414333
TBM2006024712,020,27.927817,-82.413233
TBM2006024713,020,27.926317,-82.420583
TBM2006024714,020,27.928133,-82.4235
TBM2006024715,020,27.930983,-82.424633
TBM2006030201,020,27.602033,-82.5926
TBM2006030202,020,27.5731,-82.620033
TBM2006030205,020,27.4926,-82.579917
TBM2006030206,020,27.507717,-82.612533
TBM2006030301,020,28,-82.6165
TBM2006030302,020,28.009783,-82.6397
TBM2006030303,020,28.009433,-82.654617
TBM2006030304,020,27.992067,-82.660683
TBM2006030308,020,27.85285,-82.554283
TBM2006030401,020,27.768783,-82.443517
TBM2006030402,020,27.717733,-82.476817
TBM2006030404,020,27.704383,-82.5198
TBM2006030501,020,27.909017,-82.455217
TBM2006030502,020,27.88875,-82.480333
TBM2006030503,020,27.84,-82.437717
TBM2006030505,020,27.835417,-82.395767
TBM2006030608,020,27.83375,-82.527383
TBM2006030804,020,27.960383,-82.6999
TBM2006030806,020,27.916417,-82.68365
TBM2006030807,020,27.91495,-82.67545
TBM2006030902,020,27.6858,-82.716533
TBM2006030904,020,27.671783,-82.74185
TBM2006030905,020,27.64925,-82.7338
TBM2006031002,020,27.527667,-82.71305
TBM2006031003,020,27.5066,-82.711467
TBM2006031007,020,27.537633,-82.6062
TBM2006031102,020,27.653583,-82.740733
TBM2006031103,020,27.6579,-82.738967
TBM2006031201,020,27.740967,-82.638283
TBM2006031204,020,27.791183,-82.614483
TBM2006031205,020,27.811233,-82.59675
TBM2006031208,020,27.846483,-82.621117
TBM2006034201,020,27.93175,-82.427917
TBM2006034202,020,27.931733,-82.426833
TBM2006034204,020,27.942533,-82.430133
TBM2006034205,020,27.9469,-82.423883
TBM2006034208,020,27.9534,-82.418383
TBM2006034209,020,27.943,-82.412317
TBM2006034210,020,27.940417,-82.413833
TBM2006034211,020,27.927733,-82.414967
TBM2006034212,020,27.926967,-82.414667
TBM2006034213,020,27.92705,-82.417
TBM2006034214,020,27.925583,-82.420033
TBM2006034705,020,27.843033,-82.419283
TBM2006034706,020,27.835917,-82.39525
TBM2006034708,020,27.863867,-82.402483
TBM2006034709,020,27.850067,-82.404483
TBM2006040103,020,27.652333,-82.550033
TBM2006040104,020,27.644367,-82.55515
TBM2006040105,020,27.722167,-82.481467
TBM2006040106,020,27.75445,-82.46715
TBM2006040301,020,27.703433,-82.668450000000007
TBM2006040305,020,27.668867,-82.740133
TBM2006040306,020,27.653733,-82.716367
TBM2006040501,020,27.513317,-82.709417
TBM2006040502,020,27.5274,-82.7255
TBM2006040505,020,27.59495,-82.599083
TBM2006040506,020,27.636033,-82.700417
TBM2006040509,020,27.72245,-82.726417
TBM2006040601,020,27.9117,-82.446183
TBM2006040602,020,27.877417,-82.4833
TBM2006040603,020,27.876733,-82.484217
TBM2006040604,020,27.8546,-82.479867
TBM2006040606,020,27.89265,-82.40975
TBM2006040701,020,27.828183,-82.552267
TBM2006040702,020,27.843467,-82.551183
TBM2006040703,020,27.83505,-82.5275
TBM2006040706,020,27.857183,-82.551817
TBM2006040801,020,27.873833,-82.590617
TBM2006040802,020,27.873433,-82.610783
TBM2006040803,020,27.888117,-82.633567
TBM2006040807,020,27.9972,-82.639033
TBM2006040808,020,27.9733,-82.603033
TBM2006040809,020,27.96295,-82.572783
TBM2006040901,020,27.823383,-82.4068
TBM2006041001,020,27.537083,-82.651567
TBM2006041002,020,27.575667,-82.617333
TBM2006041103,020,27.947533,-82.723133
TBM2006041104,020,28.018083,-82.666633
TBM2006041105,020,28.010767,-82.639567
TBM2006044101,020,27.868933,-82.407967
TBM2006044102,020,27.863867,-82.434133
TBM2006044105,020,27.8482,-82.404817
TBM2006044106,020,27.84655,-82.398367
TBM2006044501,020,27.931817,-82.427867
TBM2006044502,020,27.929283,-82.423867
TBM2006044506,020,27.947183,-82.425133
TBM2006044507,020,27.943833,-82.4229
TBM2006044508,020,27.943133,-82.422483
TBM2006044509,020,27.943133,-82.41225
TBM2006044510,020,27.940483,-82.413667
TBM2006044512,020,27.932733,-82.4137
TBM2006044513,020,27.92775,-82.415017
TBM2006044514,020,27.928067,-82.417183
TBM2006050201,020,27.944417,-82.544767
TBM2006050202,020,27.958983,-82.551483
TBM2006050206,020,27.959533,-82.694383
TBM2006050207,020,27.97545,-82.688117
TBM2006050304,020,27.96545,-82.6941
TBM2006050306,020,28.030633,-82.669333
TBM2006050307,020,28.018267,-82.6499
TBM2006050401,020,27.843333,-82.539467
TBM2006050402,020,27.8462,-82.546233
TBM2006050404,020,27.877717,-82.530533
TBM2006050405,020,27.83655,-82.606283
TBM2006050502,020,27.651817,-82.550083
TBM2006050505,020,27.67445,-82.513183
TBM2006050506,020,27.67655,-82.51185
TBM2006050604,020,27.790217,-82.421917
TBM2006050607,020,27.824233,-82.51545
TBM2006050609,020,27.753267,-82.626817
TBM2006050801,020,27.60835,-82.551083
TBM2006050802,020,27.595367,-82.599133
TBM2006050804,020,27.537083,-82.640817
TBM2006050807,020,27.5025,-82.710233
TBM2006050902,020,27.730317,-82.6369
TBM2006050905,020,27.659933,-82.671183
TBM2006050906,020,27.64,-82.69845
TBM2006050907,020,27.626167,-82.7151
TBM2006051001,020,27.6975,-82.716883
TBM2006051006,020,27.699717,-82.691483
TBM2006051102,020,27.814983,-82.394733
TBM2006051103,020,27.8145,-82.406667
TBM2006051105,020,27.931767,-82.42965
TBM2006051107,020,27.884483,-82.425467
TBM2006054305,020,27.9464,-82.390283
TBM2006054401,020,27.931817,-82.428183
TBM2006054402,020,27.929633,-82.424267
TBM2006054403,020,27.926883,-82.4191
TBM2006054404,020,27.929467,-82.414417
TBM2006054405,020,27.927583,-82.415283
TBM2006054406,020,27.9294,-82.412983
TBM2006054407,020,27.940550000000002,-82.4139
TBM2006054408,020,27.946633,-82.42475
TBM2006054409,020,27.9398,-82.433733
TBM2006054410,020,27.937583,-82.43385
TBM2006054705,020,27.86715,-82.425483
TBM2006054706,020,27.867667,-82.403817
TBM2006054707,020,27.85815,-82.404083
TBM2006054708,020,27.850167,-82.408517
TBM2006060101,020,27.741233,-82.63805
TBM2006060103,020,27.701717,-82.647233
TBM2006060107,020,27.674883,-82.676983
TBM2006060108,020,27.691,-82.678233
TBM2006060201,020,27.537683,-82.605567
TBM2006060202,020,27.553483,-82.57505
TBM2006060301,020,27.6705,-82.7227
TBM2006060302,020,27.748233,-82.7405
TBM2006060303,020,27.7398,-82.691333
TBM2006060401,020,27.756767,-82.459467
TBM2006060402,020,27.7366,-82.474
TBM2006060403,020,27.726717,-82.485317
TBM2006060404,020,27.709867,-82.480233
TBM2006060408,020,27.8051,-82.444483
TBM2006060501,020,27.96265,-82.6824
TBM2006060502,020,27.9169,-82.671483
TBM2006060506,020,27.999533,-82.627083
TBM2006060507,020,28.01175,-82.620983
TBM2006060508,020,27.974333,-82.569617
TBM2006060605,020,28.001767,-82.678633
TBM2006060606,020,28.017917,-82.666833
TBM2006060701,020,27.49975,-82.575867
TBM2006060702,020,27.641617,-82.562033
TBM2006060703,020,27.699467,-82.516733
TBM2006060704,020,27.651033,-82.550583
TBM2006060705,020,27.63605,-82.576433
TBM2006060902,020,27.788317,-82.4096
TBM2006060903,020,27.784917,-82.416267
TBM2006060905,020,27.8195,-82.395733
TBM2006061101,020,27.846733,-82.541617
TBM2006061104,020,27.879583,-82.537583
TBM2006061201,020,27.802267,-82.605117
TBM2006061203,020,27.839633,-82.608633
TBM2006064101,020,27.84665,-82.397733
TBM2006064102,020,27.854683,-82.403633
TBM2006064103,020,27.8664,-82.404967
TBM2006064104,020,27.8639,-82.431917
TBM2006064601,020,27.937017,-82.433317
TBM2006064602,020,27.939317,-82.43405
TBM2006064603,020,27.943483,-82.4232
TBM2006064604,020,27.94215,-82.4221
TBM2006064605,020,27.94275,-82.418633
TBM2006064606,020,27.9405,-82.413833
TBM2006064607,020,27.935333,-82.4136
TBM2006064608,020,27.933283,-82.416017
TBM2006064609,020,27.932133,-82.416083
TBM2006064610,020,27.927433,-82.417017
TBM2006064611,020,27.92635,-82.42155
TBM2006070102,020,27.639983,-82.56085
TBM2006070103,020,27.621217,-82.564917
TBM2006070104,020,27.602583,-82.589617
TBM2006070105,020,27.572617,-82.62025
TBM2006070202,020,27.896733,-82.4341
TBM2006070203,020,27.8676,-82.4249
TBM2006070302,020,27.961917,-82.686667
TBM2006070305,020,28.024183,-82.664917
TBM2006070306,020,28.0077,-82.663833
TBM2006070401,020,27.692767,-82.64535
TBM2006070405,020,27.690717,-82.67795
TBM2006070501,020,27.534317,-82.644283
TBM2006070601,020,27.870883,-82.539283
TBM2006070603,020,27.851833,-82.554767
TBM2006070606,020,27.8518,-82.59245
TBM2006070702,020,27.645883,-82.739033
TBM2006070704,020,27.694617,-82.707467
TBM2006070705,020,27.699617,-82.693167
TBM2006070707,020,27.6542,-82.716583
TBM2006070903,020,27.8147,-82.394983
TBM2006070906,020,27.740133,-82.485317
TBM2006071102,020,27.877367,-82.592467
TBM2006071103,020,27.8806,-82.617617
TBM2006071104,020,27.88805,-82.626983
TBM2006071105,020,27.8914,-82.632483
TBM2006071106,020,27.908417,-82.640817
TBM2006071109,020,27.995917,-82.622167
TBM2006071205,020,27.52315,-82.7079
TBM2006071206,020,27.527217,-82.7135
TBM2006071302,020,27.820733,-82.394983
TBM2006071303,020,27.8333,-82.3954
TBM2006074401,020,27.86055,-82.406533
TBM2006074403,020,27.84615,-82.418883
TBM2006074404,020,27.86335,-82.430033
TBM2006074405,020,27.868517,-82.4263
TBM2006074601,020,27.92675,-82.4196
TBM2006074602,020,27.927433,-82.41705
TBM2006074603,020,27.932133,-82.413333
TBM2006074604,020,27.94065,-82.413817
TBM2006074605,020,27.943083,-82.4118
TBM2006074606,020,27.94465,-82.422617
TBM2006074607,020,27.944783,-82.4227
TBM2006074608,020,27.943317,-82.42305
TBM2006074609,020,27.94705,-82.423533
TBM2006074610,020,27.9422,-82.419183
TBM2006074611,020,27.927867,-82.415217
TBM2006080301,020,27.6855,-82.679383
TBM2006080302,020,27.672867,-82.67185
TBM2006080305,020,27.741817,-82.73905
TBM2006080307,020,27.710367,-82.684983
TBM2006080406,020,27.913567,-82.637633
TBM2006080503,020,27.57325,-82.55815
TBM2006080504,020,27.561333,-82.6061
TBM2006080507,020,27.549767,-82.620983
TBM2006080602,020,27.70425,-82.62205
TBM2006080603,020,27.716217,-82.631533
TBM2006080606,020,27.628933,-82.699883
TBM2006080704,020,27.798233,-82.4176
TBM2006080706,020,27.7106,-82.470633
TBM2006080707,020,27.684917,-82.524317
TBM2006080802,020,27.798033,-82.6055
TBM2006080902,020,27.6107,-82.558183
TBM2006080905,020,27.533467,-82.732117
TBM2006080906,020,27.5128,-82.678933
TBM2006081001,020,27.962967,-82.572833
TBM2006081002,020,27.96415,-82.552133
TBM2006081003,020,27.924533,-82.53145
TBM2006081004,020,27.881667,-82.5386
TBM2006081005,020,27.844117,-82.547383
TBM2006081006,020,27.835117,-82.5307
TBM2006081101,020,28.006717,-82.6166
TBM2006081103,020,28.015017,-82.667767
TBM2006081106,020,27.94615,-82.722817
TBM2006081201,020,27.940667,-82.45935
TBM2006081202,020,27.883483,-82.4805
TBM2006081206,020,27.746117,-82.468083
TBM2006081207,020,27.76425,-82.439617
TBM2006081208,020,27.8266,-82.393083
TBM2006081209,020,27.863983,-82.43245
TBM2006084201,020,27.943783,-82.423433
TBM2006084202,020,27.9446,-82.430567
TBM2006084203,020,27.946767,-82.428017
TBM2006084204,020,27.94735,-82.425483
TBM2006084205,020,27.945683,-82.422867
TBM2006084206,020,27.928767,-82.42405
TBM2006084207,020,27.9266,-82.4191
TBM2006084208,020,27.927533,-82.415917
TBM2006084209,020,27.93175,-82.426867
TBM2006084212,020,27.930983,-82.4144
TBM2006084701,020,27.85475,-82.4036
TBM2006084702,020,27.863733,-82.4063
TBM2006084703,020,27.860367,-82.40765
TBM2006084705,020,27.864167,-82.436717
TBM2006090206,020,27.687183,-82.730567
TBM2006090301,020,27.70845,-82.46365
TBM2006090302,020,27.711033,-82.47115
TBM2006090304,020,27.701567,-82.506233
TBM2006090403,020,27.66215,-82.723233
TBM2006090404,020,27.696717,-82.714233
TBM2006090406,020,27.655533,-82.675317
TBM2006090407,020,27.705817,-82.674233
TBM2006090504,020,27.679333,-82.518317
TBM2006090602,020,27.869033,-82.540667
TBM2006090605,020,27.84585,-82.5898
TBM2006090606,020,27.81305,-82.597333
TBM2006090801,020,27.912633,-82.445767
TBM2006090802,020,27.870083,-82.48845
TBM2006090803,020,27.844017,-82.417983
TBM2006090804,020,27.791383,-82.420467
TBM2006090902,020,27.938417,-82.533067
TBM2006090905,020,27.978167,-82.588117
TBM2006090907,020,28.012217,-82.639817
TBM2006091001,020,27.834467,-82.555533
TBM2006091002,020,27.831733,-82.525217
TBM2006091006,020,27.772433,-82.432133
TBM2006091103,020,28.0228,-82.686767
TBM2006091105,020,27.934117,-82.717133
TBM2006091106,020,27.985933,-82.610883
TBM2006091107,020,27.906283,-82.650733
TBM2006091108,020,27.864283,-82.596433
TBM2006091202,020,27.522567,-82.702183
TBM2006091205,020,27.574517,-82.614867
TBM2006091206,020,27.575683,-82.595333
TBM2006091207,020,27.574217,-82.568333
TBM2006091208,020,27.571667,-82.561917
TBM2006091401,020,27.6723,-82.541083
TBM2006094201,020,27.925683,-82.41985
TBM2006094202,020,27.928183,-82.41765
TBM2006094203,020,27.927917,-82.413583
TBM2006094204,020,27.927967,-82.4134
TBM2006094205,020,27.92965,-82.41475
TBM2006094207,020,27.93415,-82.418767
TBM2006094210,020,27.942667,-82.419267
TBM2006094211,020,27.9418,-82.42015
TBM2006094213,020,27.945817,-82.42865
TBM2006094214,020,27.941533,-82.432483
TBM2006094215,020,27.931817,-82.428
TBM2006094302,020,27.8396,-82.39785
TBM2006094306,020,27.863767,-82.435767
TBM2006094307,020,27.858017,-82.410067
TBM2006094308,020,27.850667,-82.402367
TBM2006100101,020,27.962383,-82.5722
TBM2006100102,020,27.935217,-82.53555
TBM2006100103,020,27.92455,-82.5315
TBM2006100106,020,27.96335,-82.68325
TBM2006100108,020,27.9951,-82.622733
TBM2006100401,020,27.579783,-82.5618
TBM2006100404,020,27.58535,-82.61515
TBM2006100405,020,27.537633,-82.650183
TBM2006100501,020,27.737333,-82.705067
TBM2006100505,020,27.64535,-82.738267
TBM2006100506,020,27.647133,-82.720517
TBM2006100507,020,27.6393,-82.70245
TBM2006100604,020,27.6701,-82.67715
TBM2006100605,020,27.678533,-82.647633
TBM2006100704,020,27.87775,-82.482833
TBM2006100706,020,27.714267,-82.5064
TBM2006100804,020,27.522067,-82.679183
TBM2006100805,020,27.522967,-82.707783
TBM2006100806,020,27.524867,-82.721517
TBM2006100807,020,27.509033,-82.6872
TBM2006100902,020,27.933367,-82.7145
TBM2006100904,020,28.025833,-82.6433
TBM2006101004,020,27.82685,-82.394617
TBM2006101005,020,27.768133,-82.43635
TBM2006101006,020,27.761067,-82.440883
TBM2006101007,020,27.74435,-82.462883
TBM2006101104,020,27.834283,-82.528267
TBM2006101105,020,27.84195,-82.54175
TBM2006101201,020,27.852867,-82.595917
TBM2006101205,020,27.807933,-82.600517
TBM2006101207,020,27.719767,-82.6306
TBM2006104203,020,27.847017,-82.408483
TBM2006104205,020,27.863783,-82.434933
TBM2006104207,020,27.865167,-82.408683
TBM2006104208,020,27.85555,-82.403883
TBM2006104501,020,27.942983,-82.41215
TBM2006104502,020,27.942183,-82.4254
TBM2006104507,020,27.932183,-82.428483
TBM2006104508,020,27.92815,-82.422967
TBM2006104509,020,27.92785,-82.418867
TBM2006104510,020,27.931017,-82.419217
TBM2006104511,020,27.937167,-82.417833
TBM2006104512,020,27.937917,-82.416367
TBM2006104513,020,27.935283,-82.4317
TBM2006104514,020,27.937517,-82.43365
TBM2006110102,020,27.673817,-82.536617
TBM2006110104,020,27.71635,-82.631517
TBM2006110106,020,27.678533,-82.6475
TBM2006110107,020,27.7024,-82.662967
TBM2006110202,020,27.973967,-82.595933
TBM2006110206,020,27.966883,-82.647283
TBM2006110207,020,27.967167,-82.6512
TBM2006110301,020,27.727483,-82.47745
TBM2006110302,020,27.71835,-82.495833
TBM2006110303,020,27.719533,-82.486267
TBM2006110401,020,27.81915,-82.408333
TBM2006110402,020,27.815533,-82.394933
TBM2006110406,020,27.877817,-82.482683
TBM2006110407,020,27.890683,-82.482617
TBM2006110602,020,27.933267,-82.536317
TBM2006110606,020,27.910833,-82.655183
TBM2006110607,020,27.916367,-82.6841
TBM2006110608,020,27.954133,-82.721567
TBM2006110701,020,27.882233,-82.539583
TBM2006110702,020,27.873817,-82.586517
TBM2006110703,020,27.835117,-82.581967
TBM2006110706,020,27.7883,-82.6216
TBM2006110803,020,27.553217,-82.633717
TBM2006110805,020,27.5293,-82.7191
TBM2006110806,020,27.520883,-82.708267
TBM2006110903,020,27.506083,-82.607817
TBM2006110904,020,27.574267,-82.559617
TBM2006110905,020,27.595667,-82.5815
TBM2006111001,020,27.636683,-82.695083
TBM2006111003,020,27.724867,-82.73185
TBM2006111004,020,27.736467,-82.727883
TBM2006111006,020,27.634683,-82.722217
TBM2006114401,020,27.946783,-82.427533
TBM2006114402,020,27.937,-82.416317
TBM2006114403,020,27.936133,-82.413767000000007
TBM2006114404,020,27.932483,-82.4135
TBM2006114405,020,27.927817,-82.412833
TBM2006114406,020,27.926817,-82.42195
TBM2006114407,020,27.928733,-82.424367
TBM2006114408,020,27.938267,-82.434033
TBM2006114412,020,27.942717,-82.417683
TBM2006114413,020,27.941283,-82.412383
TBM2006114505,020,27.83485,-82.400833
TBM2006114506,020,27.845317,-82.39765
TBM2006114507,020,27.859333,-82.403067
TBM2006114508,020,27.866683,-82.401983
TBM2006120201,020,27.5481,-82.63515
TBM2006120202,020,27.58945,-82.623917
TBM2006120301,020,27.811817,-82.409967
TBM2006120302,020,27.805633,-82.430817
TBM2006120306,020,27.822533,-82.488317
TBM2006120501,020,27.681383,-82.5169
TBM2006120504,020,27.746967,-82.462233
TBM2006120506,020,27.717983,-82.474883
TBM2006120601,020,27.8497,-82.62435
TBM2006120602,020,27.844033,-82.616867
TBM2006120604,020,27.8041,-82.626717
TBM2006120605,020,27.801933,-82.618367
TBM2006120701,020,27.97345,-82.569983
TBM2006120702,020,27.981567,-82.6151
TBM2006120704,020,27.999517,-82.657167
TBM2006120802,020,27.737083,-82.694633
TBM2006120803,020,27.73885,-82.714967
TBM2006120804,020,27.722617,-82.7262
TBM2006120805,020,27.715867,-82.712367
TBM2006120807,020,27.637233,-82.707217
TBM2006120902,020,27.5109,-82.581767
TBM2006120903,020,27.558683,-82.58985
TBM2006120904,020,27.576767,-82.565483
TBM2006120905,020,27.525667,-82.710667
TBM2006121003,020,27.884017,-82.535633
TBM2006121004,020,27.929583,-82.533983
TBM2006121006,020,27.952833,-82.548317
TBM2006121007,020,27.965467,-82.565967
TBM2006121102,020,27.865,-82.59065
TBM2006121104,020,27.833333,-82.528567
TBM2006121204,020,27.917983,-82.490183
TBM2006121205,020,27.912967,-82.445583
TBM2006124110,020,27.939367,-82.433783
TBM2006124201,020,27.937467,-82.43385
TBM2006124202,020,27.941983,-82.432567
TBM2006124203,020,27.9458,-82.429467
TBM2006124204,020,27.946683,-82.424333
TBM2006124205,020,27.941367,-82.422317
TBM2006124206,020,27.94265,-82.4182
TBM2006124207,020,27.9421,-82.419017
TBM2006124208,020,27.940433,-82.414933
TBM2006124212,020,27.929383,-82.423417
TBM2006124213,020,27.9303,-82.424067
TBM2006124401,020,27.84,-82.437567
TBM2006124402,020,27.858,-82.404233
TBM2006124403,020,27.88395,-82.424517
TBM2006124404,020,27.864483,-82.429233
TBM2006124407,020,27.843417,-82.396767
TBM2007010101,020,27.79665,-82.599133
TBM2007010105,020,27.705467,-82.67425
TBM2007010106,020,27.709967,-82.711417
TBM2007010403,020,27.55265,-82.63415
TBM2007010404,020,27.644383,-82.558983
TBM2007010501,020,27.515017,-82.63005
TBM2007010503,020,27.551567,-82.606683
TBM2007010505,020,27.52385,-82.657967
TBM2007010506,020,27.51215,-82.681467
TBM2007010605,020,27.924967,-82.484
TBM2007010606,020,27.909667,-82.489533
TBM2007010608,020,27.7412,-82.48475
TBM2007010801,020,27.771733,-82.440783
TBM2007010804,020,27.897983,-82.431267
TBM2007010805,020,27.895833,-82.41365
TBM2007010806,020,27.8868,-82.40725
TBM2007010903,020,27.867767,-82.542433
TBM2007010904,020,27.931583,-82.533917
TBM2007010905,020,27.90395,-82.5355
TBM2007010907,020,27.895617,-82.5332
TBM2007011003,020,27.939733,-82.722533
TBM2007011004,020,27.962,-82.560517
TBM2007011005,020,27.981983,-82.618017
TBM2007011006,020,27.975017,-82.600483
TBM2007011101,020,27.881667,-82.61835
TBM2007011103,020,27.855567,-82.617567
TBM2007011104,020,27.80615,-82.600667
TBM2007011105,020,27.81945,-82.61705
TBM2007011201,020,27.6128,-82.7322
TBM2007011203,020,27.660717000000002,-82.695017000000007
TBM2007011206,020,27.6915,-82.734517
TBM2007011207,020,27.675833,-82.701867
TBM2007014205,020,27.844167,-82.40375
TBM2007014206,020,27.868217,-82.426383
TBM2007014207,020,27.864583,-82.4067
TBM2007014208,020,27.847933,-82.416917
TBM2007014401,020,27.936733,-82.4322
TBM2007014402,020,27.93515,-82.432417
TBM2007014403,020,27.9395,-82.4323
TBM2007014404,020,27.942467,-82.43175
TBM2007014405,020,27.941067,-82.420867
TBM2007014406,020,27.931867,-82.42415
TBM2007014411,020,27.943083,-82.411933
TBM2007014412,020,27.940183,-82.414067
TBM2007014413,020,27.93865,-82.415067
TBM2007014414,020,27.934367,-82.4158
TBM2007014415,020,27.94635,-82.423867
TBM2007020102,020,27.709683,-82.68895
TBM2007020103,020,27.696467,-82.714333
TBM2007020104,020,27.68255,-82.69605
TBM2007020105,020,27.640617,-82.696633
TBM2007020301,020,27.888383,-82.480067
TBM2007020302,020,27.86695,-82.4884
TBM2007020303,020,27.864,-82.436483
TBM2007020401,020,27.505433,-82.6068
TBM2007020405,020,27.603383,-82.552133
TBM2007020406,020,27.60325,-82.54945
TBM2007020407,020,27.549517,-82.5798
TBM2007020408,020,27.528067,-82.599783
TBM2007020503,020,27.83355,-82.526117
TBM2007020504,020,27.824567,-82.501883
TBM2007020505,020,27.80475,-82.417817
TBM2007020509,020,27.7507,-82.474633
TBM2007020601,020,27.855117,-82.55315
TBM2007020604,020,27.87385,-82.532017
TBM2007020701,020,27.553417,-82.598817
TBM2007020704,020,27.55025,-82.5774
TBM2007020903,020,27.994167,-82.666783
TBM2007020906,020,28.016667,-82.641283
TBM2007020907,020,28.0066,-82.637617
TBM2007021004,020,27.94005,-82.537417
TBM2007021005,020,27.90665,-82.630433
TBM2007021006,020,27.926633,-82.705033
TBM2007021007,020,27.9602,-82.701167
TBM2007021101,020,27.846067,-82.555367
TBM2007021102,020,27.863717,-82.568917
TBM2007021203,020,27.711767,-82.618617
TBM2007021205,020,27.644067,-82.672883
TBM2007021301,020,27.70655,-82.4608
TBM2007024201,020,27.891367,-82.414117
TBM2007024202,020,27.884517,-82.427617
TBM2007024207,020,27.847017,-82.409017
TBM2007024208,020,27.836217,-82.4045
TBM2007024209,020,27.839317,-82.43295
TBM2007024210,020,27.857883,-82.404917
TBM2007024701,020,27.92975,-82.416867
TBM2007024702,020,27.9324,-82.4139
TBM2007024703,020,27.94315,-82.412167
TBM2007024704,020,27.943533,-82.42265
TBM2007024705,020,27.941483,-82.43125
TBM2007024706,020,27.93745,-82.4337
TBM2007024707,020,27.930717,-82.425083
TBM2007024708,020,27.9276,-82.422467
TBM2007024713,020,27.946867,-82.42315
TBM2007024714,020,27.932667,-82.413433
TBM2007030102,020,27.57365,-82.61935
TBM2007030104,020,27.6454,-82.559117
TBM2007030107,020,27.574417,-82.586217
TBM2007030301,020,27.501533,-82.7001
TBM2007030302,020,27.523267,-82.7079
TBM2007030303,020,27.5181,-82.677283
TBM2007030403,020,27.672833,-82.720133
TBM2007030404,020,27.749433,-82.73515
TBM2007030405,020,27.7367,-82.702667
TBM2007030407,020,27.625833,-82.701883
TBM2007030501,020,27.8203,-82.483283
TBM2007030503,020,27.8833,-82.480967
TBM2007030506,020,27.883583,-82.424283
TBM2007030507,020,27.891633,-82.409567
TBM2007030603,020,27.832083,-82.553283
TBM2007030604,020,27.81635,-82.58825
TBM2007030605,020,27.796333,-82.599567
TBM2007030606,020,27.780983,-82.624567
TBM2007030701,020,27.679083,-82.6473
TBM2007030702,020,27.6986,-82.6429
TBM2007030705,020,27.672583,-82.707117
TBM2007030801,020,27.8987,-82.622717
TBM2007030805,020,27.9139,-82.5274
TBM2007030806,020,27.904617,-82.53285
TBM2007030807,020,27.903833,-82.5363
TBM2007030905,020,27.715333,-82.49965
TBM2007030906,020,27.8115,-82.408417
TBM2007030907,020,27.814667,-82.39565
TBM2007031002,020,27.993367,-82.619417
TBM2007031003,020,28.0048,-82.619733
TBM2007031006,020,28.005617,-82.650783
TBM2007031201,020,27.564217,-82.567833
TBM2007034105,020,27.9333,-82.415617
TBM2007034106,020,27.943033,-82.415133
TBM2007034107,020,27.942983,-82.412083
TBM2007034108,020,27.946017,-82.42845
TBM2007034109,020,27.943417,-82.431667
TBM2007034110,020,27.9376,-82.434083
TBM2007034111,020,27.937483,-82.434
TBM2007034112,020,27.931783,-82.4284
TBM2007034113,020,27.9276,-82.42275
TBM2007034114,020,27.927267,-82.415183
TBM2007034401,020,27.860283,-82.408
TBM2007034402,020,27.866283,-82.428917
TBM2007034406,020,27.8378,-82.400383
TBM2007034408,020,27.848983,-82.4097
TBM2007040101,020,27.833233,-82.534667
TBM2007040106,020,27.8269,-82.587583
TBM2007040107,020,27.80495,-82.594283
TBM2007040108,020,27.80475,-82.598883
TBM2007040201,020,27.73555,-82.620933
TBM2007040203,020,27.737117,-82.703433
TBM2007040301,020,27.943833,-82.5399
TBM2007040305,020,27.92495,-82.700883
TBM2007040306,020,27.88955,-82.618617
TBM2007040307,020,27.889167,-82.61665
TBM2007040308,020,27.881717,-82.61795
TBM2007040505,020,27.756267,-82.468933
TBM2007040602,020,27.8191,-82.491317
TBM2007040603,020,27.82275,-82.490033
TBM2007040606,020,27.8935,-82.413067
TBM2007040802,020,27.548467,-82.581683
TBM2007040803,020,27.57005,-82.564333
TBM2007040806,020,27.549217,-82.633483
TBM2007040901,020,27.730817,-82.6923
TBM2007040902,020,27.7174,-82.705167
TBM2007040905,020,27.664,-82.731483
TBM2007041002,020,27.97285,-82.570533
TBM2007041005,020,28.028683,-82.6659
TBM2007041007,020,27.982817,-82.692917
TBM2007041102,020,27.726267,-82.478233
TBM2007041103,020,27.62095,-82.568033
TBM2007041104,020,27.62035,-82.565167
TBM2007041105,020,27.60565,-82.549767
TBM2007041106,020,27.596083,-82.583633
TBM2007041401,020,27.692783,-82.652383
TBM2007044301,020,27.931667,-82.42795
TBM2007044302,020,27.93615,-82.43335
TBM2007044303,020,27.940550000000002,-82.433367
TBM2007044304,020,27.944067,-82.430667
TBM2007044305,020,27.94635,-82.4273
TBM2007044306,020,27.946033,-82.430083
TBM2007044307,020,27.94475,-82.422817
TBM2007044308,020,27.936967,-82.414633
TBM2007044309,020,27.9304,-82.41745
TBM2007044310,020,27.927033,-82.422033
TBM2007044311,020,27.93765,-82.433833
TBM2007044501,020,27.854883,-82.396517
TBM2007044502,020,27.847283,-82.39795
TBM2007044504,020,27.843683,-82.420933
TBM2007044508,020,27.8604,-82.405067
TBM2007044509,020,27.86265,-82.401183
TBM2007044510,020,27.83585,-82.39535
TBM2007044511,020,27.838183,-82.3967
TBM2007050101,020,27.90185,-82.434583
TBM2007050102,020,27.803133,-82.414783
TBM2007050105,020,27.896767,-82.411933
TBM2007050204,020,27.569417,-82.577567
TBM2007050205,020,27.554383,-82.5733
TBM2007050206,020,27.554333,-82.573317
TBM2007050207,020,27.550367,-82.572417
TBM2007050208,020,27.540217,-82.58895
TBM2007050209,020,27.530083,-82.599083
TBM2007050304,020,27.671,-82.742317
TBM2007050402,020,27.8936,-82.54125
TBM2007050403,020,27.93935,-82.5522
TBM2007050407,020,27.9104,-82.628383
TBM2007050501,020,27.7175,-82.70515
TBM2007050503,020,27.6998,-82.691167
TBM2007050504,020,27.659317,-82.67655
TBM2007050507,020,27.703717,-82.667233
TBM2007050601,020,27.8025,-82.617817
TBM2007050602,020,27.806433,-82.611267
TBM2007050604,020,27.825317,-82.501433
TBM2007050606,020,27.785917,-82.41675
TBM2007050607,020,27.759783,-82.443617
TBM2007050609,020,27.80465,-82.6079
TBM2007050801,020,28.0311,-82.693
TBM2007050802,020,28.0206,-82.685
TBM2007050803,020,27.976733,-82.695017000000007
TBM2007050805,020,27.936583,-82.716317
TBM2007050902,020,27.659,-82.546017
TBM2007051001,020,27.8295,-82.58765
TBM2007051002,020,27.835717,-82.528217
TBM2007051007,020,27.85535,-82.619717
TBM2007054201,020,27.847,-82.398833
TBM2007054202,020,27.8379,-82.400483
TBM2007054203,020,27.8349,-82.394733
TBM2007054204,020,27.847833,-82.405867
TBM2007054401,020,27.9292,-82.42375
TBM2007054402,020,27.935617,-82.43255
TBM2007054403,020,27.937267,-82.4339
TBM2007054404,020,27.9459,-82.429333
TBM2007054405,020,27.9453,-82.430483
TBM2007054406,020,27.9415,-82.4327
TBM2007054407,020,27.942783,-82.42
TBM2007054408,020,27.942783,-82.4198
TBM2007054409,020,27.94315,-82.4149
TBM2007054410,020,27.936517,-82.416183
TBM2007054510,020,27.945267,-82.41235
TBM2007054511,020,27.95195,-82.417217
TBM2007054512,020,27.932517,-82.414283
TBM2007060101,020,27.499667,-82.575983
TBM2007060102,020,27.58165,-82.609983
TBM2007060103,020,27.5897,-82.624383
TBM2007060104,020,27.603933,-82.58745
TBM2007060107,020,27.568083,-82.5697
TBM2007060301,020,27.923617,-82.53085
TBM2007060304,020,27.882367,-82.619683
TBM2007060307,020,27.852817,-82.6244
TBM2007060501,020,27.95395,-82.723183
TBM2007060502,020,27.918867,-82.647917
TBM2007060503,020,27.917917,-82.648217
TBM2007060504,020,27.908117,-82.655383
TBM2007060505,020,27.988117,-82.6174
TBM2007060603,020,27.970533,-82.616867
TBM2007060607,020,27.836583,-82.537583
TBM2007060608,020,27.827683,-82.5522
TBM2007060701,020,27.911367,-82.490267
TBM2007060706,020,27.757733,-82.446233
TBM2007060707,020,27.7125,-82.477917
TBM2007060708,020,27.709817,-82.476933
TBM2007060709,020,27.705767,-82.513567
TBM2007060803,020,27.81285,-82.4053
TBM2007060804,020,27.81475,-82.394933
TBM2007060806,020,27.8446,-82.4205
TBM2007060902,020,27.689217,-82.522967
TBM2007060905,020,27.55975,-82.590233
TBM2007061002,020,27.702683,-82.62315
TBM2007061004,020,27.699883,-82.653183
TBM2007061005,020,27.676217,-82.6694
TBM2007061103,020,27.71685,-82.631317
TBM2007061105,020,27.72325,-82.734667
TBM2007061107,020,27.6752,-82.733933
TBM2007061108,020,27.660883,-82.71765
TBM2007064404,020,27.859033,-82.403533
TBM2007064405,020,27.838867,-82.43115
TBM2007064406,020,27.84815,-82.407383
TBM2007064407,020,27.837467,-82.4
TBM2007064601,020,27.9315,-82.426317
TBM2007064602,020,27.92925,-82.424583
TBM2007064603,020,27.928067,-82.423183
TBM2007064604,020,27.9431,-82.411833
TBM2007064605,020,27.942983,-82.41225
TBM2007064606,020,27.94305,-82.415483
TBM2007064607,020,27.941983,-82.423583
TBM2007064608,020,27.946717,-82.422883
TBM2007064609,020,27.947083,-82.425933
TBM2007064610,020,27.938083,-82.433883
TBM2007070202,020,27.707417,-82.498283
TBM2007070203,020,27.644683,-82.554383
TBM2007070204,020,27.6578,-82.55385
TBM2007070402,020,27.87595,-82.485217
TBM2007070403,020,27.8157,-82.486533
TBM2007070503,020,28.018117,-82.650033
TBM2007070504,020,27.876583,-82.60025
TBM2007070506,020,27.90995,-82.62735
TBM2007070601,020,27.496367,-82.579517
TBM2007070703,020,27.525783,-82.709733
TBM2007070704,020,27.53065,-82.725967
TBM2007070705,020,27.588317,-82.587783
TBM2007070707,020,27.548217,-82.631183
TBM2007070802,020,27.701083,-82.7233
TBM2007070803,020,27.705433,-82.7255
TBM2007070804,020,27.718433,-82.700133
TBM2007070901,020,27.976367,-82.594633
TBM2007070905,020,27.965167,-82.5721
TBM2007070906,020,27.960883,-82.549433
TBM2007070907,020,27.9233,-82.53115
TBM2007070908,020,27.924167,-82.53105
TBM2007071002,020,27.703267,-82.6965
TBM2007071004,020,27.64575,-82.674117
TBM2007071006,020,27.67885,-82.647383
TBM2007071101,020,27.848767,-82.593083
TBM2007071102,020,27.833217,-82.561683
TBM2007071104,020,27.844967,-82.542133
TBM2007071107,020,27.882233,-82.538383
TBM2007071203,020,27.87955,-82.481833
TBM2007071204,020,27.843917,-82.469533
TBM2007071205,020,27.8638,-82.435717
TBM2007071206,020,27.839883,-82.436733
TBM2007074105,020,27.847683,-82.411783
TBM2007074106,020,27.833417,-82.398033
TBM2007074107,020,27.802667,-82.41625
TBM2007074108,020,27.827033,-82.431733
TBM2007074109,020,27.839933,-82.437167
TBM2007074110,020,27.854117,-82.403517
TBM2007074401,020,27.935417,-82.432833
TBM2007074402,020,27.946733,-82.427833
TBM2007074403,020,27.946683,-82.424383
TBM2007074404,020,27.944067,-82.431217
TBM2007074405,020,27.942733,-82.42115
TBM2007074406,020,27.943167,-82.41185
TBM2007074409,020,27.936317,-82.416283
TBM2007074410,020,27.933267,-82.415883
TBM2007074412,020,27.926617,-82.416333
TBM2007074413,020,27.93125,-82.42475
TBM2007080102,020,27.699917,-82.689933
TBM2007080103,020,27.6522,-82.675433
TBM2007080104,020,27.666333,-82.6949
TBM2007080107,020,27.745033,-82.73
TBM2007080201,020,27.997617,-82.6234
TBM2007080202,020,28.011367,-82.642367
TBM2007080203,020,27.99325,-82.66255
TBM2007080205,020,28.002283,-82.656067
TBM2007080402,020,27.834683,-82.470033
TBM2007080403,020,27.82755,-82.52215
TBM2007080405,020,27.829067,-82.581283
TBM2007080409,020,27.804567,-82.415783
TBM2007080501,020,27.598583,-82.554367
TBM2007080502,020,27.518083,-82.709483
TBM2007080504,020,27.513067,-82.58965
TBM2007080505,020,27.563883,-82.567767
TBM2007080604,020,27.625533,-82.70195
TBM2007080801,020,27.938217,-82.532833
TBM2007080802,020,27.966017,-82.5529
TBM2007080804,020,27.901083,-82.63105
TBM2007080807,020,27.8562,-82.5527
TBM2007080901,020,27.680667,-82.49915
TBM2007080904,020,27.761967,-82.450733
TBM2007080906,020,27.60585,-82.584467
TBM2007080907,020,27.626783,-82.577183
TBM2007081001,020,27.708967,-82.6199
TBM2007081002,020,27.757533,-82.628383
TBM2007081003,020,27.812367,-82.598
TBM2007081101,020,27.8701,-82.488417
TBM2007081106,020,27.931467,-82.448217
TBM2007084101,020,27.848833,-82.4123
TBM2007084102,020,27.852483,-82.398583
TBM2007084104,020,27.843733,-82.420067
TBM2007084107,020,27.83475,-82.398533
TBM2007084109,020,27.882083,-82.403017
TBM2007084110,020,27.864633,-82.40205
TBM2007084111,020,27.850317,-82.397817
TBM2007084701,020,27.931833,-82.428483
TBM2007084702,020,27.936383,-82.433033
TBM2007084703,020,27.940133,-82.432833
TBM2007084704,020,27.9375,-82.433733
TBM2007084705,020,27.946467,-82.426717
TBM2007084706,020,27.943917,-82.423067
TBM2007084709,020,27.942467,-82.417617
TBM2007084710,020,27.9432,-82.411917
TBM2007084711,020,27.94075,-82.413883
TBM2007084712,020,27.93795,-82.41445
TBM2007084713,020,27.93495,-82.414683
TBM2007090105,020,27.70905,-82.512233
TBM2007090106,020,27.712783,-82.503117
TBM2007090205,020,27.834317,-82.536283
TBM2007090206,020,27.87085,-82.5397
TBM2007090305,020,27.997983,-82.678017
TBM2007090306,020,27.9856,-82.691017
TBM2007090307,020,27.967233,-82.6508
TBM2007090505,020,27.58795,-82.621483
TBM2007090508,020,27.534117,-82.64655
TBM2007090601,020,27.5011,-82.578933
TBM2007090701,020,27.94395,-82.5393
TBM2007090703,020,27.982383,-82.603767
TBM2007090705,020,27.962033,-82.6954
TBM2007090706,020,27.913633,-82.667517
TBM2007090707,020,27.877117,-82.593783
TBM2007090903,020,27.633117,-82.73365
TBM2007090905,020,27.673133,-82.735667
TBM2007090906,020,27.691417,-82.734417
TBM2007090907,020,27.69095,-82.65035
TBM2007090908,020,27.705667,-82.674167
TBM2007091005,020,27.790533,-82.619917
TBM2007091006,020,27.811133,-82.594467
TBM2007091007,020,27.839833,-82.621433
TBM2007091101,020,27.937283,-82.446633
TBM2007091103,020,27.8908,-82.48265
TBM2007091104,020,27.87975,-82.481983
TBM2007091106,020,27.794183,-82.415317
TBM2007091108,020,27.897117,-82.434717
TBM2007091201,020,27.538367,-82.605667
TBM2007091202,020,27.553983,-82.57535
TBM2007091203,020,27.5743,-82.588867
TBM2007091205,020,27.5239,-82.659967
TBM2007094301,020,27.855483,-82.4042
TBM2007094302,020,27.847883,-82.4168
TBM2007094303,020,27.8463,-82.415933
TBM2007094308,020,27.884967,-82.408333
TBM2007094309,020,27.863517,-82.401483
TBM2007094310,020,27.83695,-82.39635
TBM2007094501,020,27.9375,-82.433917
TBM2007094502,020,27.93715,-82.434017
TBM2007094503,020,27.9436,-82.424333
TBM2007094507,020,27.9323,-82.41485
TBM2007094508,020,27.93165,-82.41445
TBM2007094509,020,27.9326,-82.4136
TBM2007094510,020,27.930867,-82.415767
TBM2007094511,020,27.9272,-82.4176
TBM2007094512,020,27.929067,-82.42425
TBM2007094513,020,27.931833,-82.427667
TBM2007100204,020,27.791983,-82.421033
TBM2007100205,020,27.8775,-82.437
TBM2007100207,020,27.901717,-82.4349
TBM2007100304,020,27.709917,-82.6853
TBM2007100305,020,27.700183,-82.66015
TBM2007100401,020,27.522117,-82.651617
TBM2007100403,020,27.569,-82.577883
TBM2007100404,020,27.566133,-82.567917
TBM2007100405,020,27.546667,-82.584233
TBM2007100501,020,27.715567,-82.631717
TBM2007100504,020,27.6995,-82.657617
TBM2007100506,020,27.676883,-82.681867
TBM2007100507,020,27.658233,-82.697433
TBM2007100603,020,27.844833,-82.544467
TBM2007100604,020,27.79895,-82.598683
TBM2007100606,020,27.782283,-82.624117
TBM2007100607,020,27.754117,-82.626633
TBM2007100701,020,27.527633,-82.70955
TBM2007100704,020,27.569433,-82.619483
TBM2007100902,020,27.88545,-82.621617
TBM2007100904,020,27.950967,-82.721467
TBM2007100907,020,28.006533,-82.655567
TBM2007100908,020,27.978733,-82.600617
TBM2007101003,020,27.752933,-82.45695
TBM2007101005,020,27.826717,-82.471617
TBM2007101007,020,27.897883,-82.488333
TBM2007101008,020,27.924067,-82.483883
TBM2007101104,020,27.888067,-82.642467
TBM2007101105,020,27.891067,-82.58675
TBM2007101106,020,27.89115,-82.586467
TBM2007101107,020,27.855283,-82.6212
TBM2007101201,020,27.7106,-82.481567
TBM2007101202,020,27.675983,-82.519883
TBM2007104101,020,27.852233,-82.4036
TBM2007104102,020,27.878533,-82.408133
TBM2007104104,020,27.83425,-82.39465
TBM2007104105,020,27.8392,-82.398533
TBM2007104108,020,27.848333,-82.404017
TBM2007104701,020,27.931817,-82.428183
TBM2007104702,020,27.931783,-82.4275
TBM2007104703,020,27.938883,-82.433983
TBM2007104704,020,27.937467,-82.434017
TBM2007104705,020,27.946467,-82.427883
TBM2007104706,020,27.946933,-82.422833
TBM2007104707,020,27.945317,-82.422933
TBM2007104710,020,27.939617,-82.41365
TBM2007104711,020,27.933767,-82.415633
TBM2007104712,020,27.931917,-82.413267
TBM2007110101,020,27.513533,-82.6881
TBM2007110102,020,27.527733,-82.694633
TBM2007110103,020,27.526,-82.71945
TBM2007110104,020,27.548833,-82.624683
TBM2007110105,020,27.538233,-82.6083
TBM2007110203,020,27.788717,-82.621733
TBM2007110204,020,27.781883,-82.6244
TBM2007110206,020,27.7058,-82.634933
TBM2007110207,020,27.72275,-82.6238
TBM2007110208,020,27.7395,-82.63935
TBM2007110302,020,27.678317,-82.532667
TBM2007110303,020,27.711183,-82.510233
TBM2007110401,020,27.774317,-82.434467
TBM2007110402,020,27.791333,-82.420933
TBM2007110403,020,27.814083,-82.39335
TBM2007110405,020,27.872617,-82.487033
TBM2007110407,020,27.921183,-82.485617
TBM2007110604,020,27.623933,-82.57085
TBM2007110701,020,27.967233,-82.650567
TBM2007110702,020,27.939667,-82.720167
TBM2007110704,020,27.962367,-82.6935
TBM2007110706,020,27.9989,-82.677633
TBM2007110802,020,27.872,-82.427067
TBM2007110803,020,27.89795,-82.413
TBM2007110901,020,27.737483,-82.6962
TBM2007110902,020,27.738717,-82.71455
TBM2007110903,020,27.7145,-82.717433
TBM2007110905,020,27.676017,-82.7076
TBM2007110906,020,27.684217,-82.692567
TBM2007111104,020,27.906883,-82.650133
TBM2007111105,020,27.879967,-82.533583
TBM2007111106,020,27.909517,-82.5372
TBM2007111107,020,27.9319,-82.5338
TBM2007114301,020,27.93185,-82.426917
TBM2007114302,020,27.9274,-82.42305
TBM2007114303,020,27.929833,-82.424283
TBM2007114304,020,27.926217,-82.421167
TBM2007114305,020,27.929567,-82.417583
TBM2007114306,020,27.934433,-82.415283
TBM2007114307,020,27.9373,-82.415817
TBM2007114308,020,27.943017,-82.411933
TBM2007114309,020,27.9419,-82.416617
TBM2007114310,020,27.941817,-82.421
TBM2007114601,020,27.856933,-82.404317
TBM2007114602,020,27.84915,-82.400817
TBM2007114603,020,27.848283,-82.405167
TBM2007114604,020,27.84065,-82.407183
TBM2007114607,020,27.86465,-82.429133
TBM2007120101,020,27.7159,-82.486183
TBM2007120102,020,27.744117,-82.48115
TBM2007120106,020,27.79325,-82.4189
TBM2007120201,020,27.681783,-82.4972
TBM2007120202,020,27.674733,-82.512783
TBM2007120206,020,27.704817,-82.501467
TBM2007120301,020,27.513,-82.585633
TBM2007120302,020,27.558983,-82.59515
TBM2007120304,020,27.593533,-82.586383
TBM2007120305,020,27.6058,-82.549867
TBM2007120307,020,27.646967,-82.557233
TBM2007120403,020,27.73975,-82.639033
TBM2007120405,020,27.864217,-82.547233
TBM2007120406,020,27.8668,-82.537983
TBM2007120501,020,27.872867,-82.598233
TBM2007120601,020,27.85405,-82.479817
TBM2007120604,020,27.884567,-82.426617
TBM2007120703,020,27.67505,-82.675683
TBM2007120704,020,27.69635,-82.71445
TBM2007120705,020,27.706083,-82.7114
TBM2007120706,020,27.7398,-82.723883
TBM2007120801,020,27.898933,-82.53745
TBM2007120802,020,27.916783,-82.535217
TBM2007120804,020,27.985283,-82.685433
TBM2007120805,020,27.980617,-82.692733
TBM2007121001,020,27.9613,-82.57325
TBM2007121003,020,28.002633,-82.624833
TBM2007121007,020,27.914833,-82.66235
TBM2007121202,020,27.681567,-82.646533
TBM2007121203,020,27.679083,-82.64735
TBM2007121204,020,27.648683,-82.673283
TBM2007124301,020,27.8536,-82.404
TBM2007124302,020,27.849967,-82.40945
TBM2007124303,020,27.866617,-82.401983
TBM2007124304,020,27.86825,-82.404283
TBM2007124306,020,27.8642,-82.42935
TBM2007124310,020,27.8483,-82.405217
TBM2007124401,020,27.937133,-82.4338
TBM2007124402,020,27.939917,-82.433667
TBM2007124403,020,27.938367,-82.433717
TBM2007124404,020,27.945433,-82.426883
TBM2007124405,020,27.94625,-82.42845
TBM2007124406,020,27.947267,-82.426117
TBM2007124407,020,27.9451,-82.423033
TBM2007124408,020,27.94275,-82.420167
TBM2007124412,020,27.927833,-82.41735
TBM2007124413,020,27.925833,-82.420433
TBM2008010201,020,27.60515,-82.587133
TBM2008010202,020,27.609983,-82.561417
TBM2008010203,020,27.604567,-82.57795
TBM2008010205,020,27.667633,-82.540583
TBM2008010207,020,27.680117,-82.5075
TBM2008010403,020,27.6791,-82.665117
TBM2008010404,020,27.70565,-82.674433
TBM2008010407,020,27.710683,-82.6333
TBM2008010502,020,27.856217,-82.43845
TBM2008010503,020,27.838083,-82.44015
TBM2008010504,020,27.831733,-82.441217
TBM2008010602,020,27.897467,-82.533067
TBM2008010605,020,27.883,-82.531767
TBM2008010701,020,27.9114,-82.627267
TBM2008010703,020,27.903033,-82.640333
TBM2008010704,020,27.916517,-82.637467
TBM2008010801,020,28.016167,-82.64065
TBM2008010802,020,28.0267,-82.69
TBM2008010901,020,27.711317,-82.490733
TBM2008010903,020,27.728567,-82.477333
TBM2008010907,020,27.894883,-82.486983
TBM2008011002,020,27.788117,-82.621333
TBM2008011003,020,27.7909,-82.607167
TBM2008011005,020,27.869683,-82.60565
TBM2008011006,020,27.883983,-82.609817
TBM2008011007,020,27.812917,-82.5974
TBM2008011101,020,27.528433,-82.6866
TBM2008011102,020,27.522467,-82.66545
TBM2008011201,020,27.710417,-82.706
TBM2008011205,020,27.641933,-82.696267
TBM2008011206,020,27.64705,-82.67485
TBM2008014401,020,27.932133,-82.4238
TBM2008014402,020,27.927733,-82.422783
TBM2008014403,020,27.926,-82.420117
TBM2008014404,020,27.931733,-82.417833
TBM2008014405,020,27.936567,-82.4156
TBM2008014406,020,27.9428,-82.4128
TBM2008014411,020,27.938017,-82.43375
TBM2008014412,020,27.93815,-82.433933
TBM2008014413,020,27.940533,-82.433483
TBM2008014414,020,27.94605,-82.428417
TBM2008014701,020,27.851517,-82.403167
TBM2008014702,020,27.863267,-82.41045
TBM2008014703,020,27.876067,-82.408033
TBM2008014704,020,27.869333,-82.42875
TBM2008014706,020,27.842967,-82.4194
TBM2008014710,020,27.840967,-82.39605
TBM2008020101,020,27.645417,-82.686767
TBM2008020106,020,27.739783,-82.638883
TBM2008020107,020,27.73985,-82.6287
TBM2008020108,020,27.7144,-82.632367
TBM2008020206,020,27.824117,-82.496683
TBM2008020207,020,27.87065,-82.48835
TBM2008020208,020,27.880433,-82.482
TBM2008020209,020,27.8904,-82.481517
TBM2008020305,020,27.938767,-82.555767
TBM2008020306,020,27.94,-82.545133
TBM2008020307,020,27.914583,-82.533167
TBM2008020308,020,27.893767,-82.54085
TBM2008020502,020,27.507567,-82.611333
TBM2008020505,020,27.5404,-82.65015
TBM2008020506,020,27.56785,-82.6161
TBM2008020507,020,27.577883,-82.593933
TBM2008020509,020,27.5388,-82.590483
TBM2008020602,020,27.9928,-82.6223
TBM2008020604,020,27.99995,-82.64065
TBM2008020606,020,27.960033,-82.701583
TBM2008020702,020,27.85165,-82.3983
TBM2008020705,020,27.813017,-82.4086
TBM2008020706,020,27.804867,-82.421683
TBM2008020708,020,27.725283,-82.490567
TBM2008020709,020,27.7415,-82.480833
TBM2008020803,020,27.8388,-82.604783
TBM2008020806,020,27.85115,-82.5902
TBM2008020807,020,27.7877,-82.6127
TBM2008020901,020,27.646867,-82.557033
TBM2008020904,020,27.607567,-82.573433
TBM2008021101,020,27.736667,-82.71
TBM2008021102,020,27.67745,-82.729767
TBM2008021104,020,27.623717,-82.733517
TBM2008021106,020,27.66755,-82.687083
TBM2008024101,020,27.937617,-82.433567
TBM2008024102,020,27.94145,-82.43255
TBM2008024103,020,27.942117,-82.4213
TBM2008024105,020,27.931067,-82.4248
TBM2008024108,020,27.935133,-82.413967
TBM2008024109,020,27.932933,-82.416967
TBM2008024110,020,27.9274,-82.4147
TBM2008024111,020,27.9285,-82.41795
TBM2008024112,020,27.926183,-82.4207
TBM2008024113,020,27.92595,-82.4191
TBM2008024501,020,27.851167,-82.405517
TBM2008024503,020,27.847667,-82.418450000000007
TBM2008024506,020,27.863533,-82.435233
TBM2008024507,020,27.8675,-82.409083
TBM2008030105,020,27.912083,-82.6244
TBM2008030107,020,27.937683,-82.532867
TBM2008030108,020,27.924667,-82.5305
TBM2008030109,020,27.912383,-82.53305
TBM2008030402,020,27.625633,-82.703367
TBM2008030405,020,27.72415,-82.633817
TBM2008030501,020,27.699483,-82.6892
TBM2008030503,020,27.6751,-82.737467
TBM2008030504,020,27.710533,-82.726783
TBM2008030506,020,27.736983,-82.708083
TBM2008030601,020,27.916767,-82.664383
TBM2008030604,020,28.022617,-82.6864
TBM2008030607,020,27.986683,-82.607583
TBM2008030702,020,27.563,-82.587117
TBM2008030703,020,27.575333,-82.566517
TBM2008030704,020,27.650133,-82.55105
TBM2008030706,020,27.652917,-82.555017
TBM2008030804,020,27.716417,-82.490817
TBM2008030805,020,27.741383,-82.481
TBM2008030809,020,27.8223,-82.494383
TBM2008030810,020,27.826267,-82.503733
TBM2008030901,020,27.862067,-82.6141
TBM2008030902,020,27.854283,-82.630267
TBM2008030903,020,27.795783,-82.631233
TBM2008030904,020,27.79245,-82.607383
TBM2008030905,020,27.785233,-82.612833
TBM2008031001,020,27.907117,-82.450433
TBM2008031002,020,27.814467,-82.395383
TBM2008031003,020,27.819867,-82.394283
TBM2008031004,020,27.820833,-82.398717
TBM2008031006,020,27.928033,-82.4147
TBM2008031102,020,27.54045,-82.589067
TBM2008031105,020,27.5048,-82.68815
TBM2008031107,020,27.524067,-82.671083
TBM2008034101,020,27.931783,-82.428
TBM2008034102,020,27.928017,-82.423183
TBM2008034103,020,27.92875,-82.417817
TBM2008034107,020,27.937317,-82.4335
TBM2008034109,020,27.94475,-82.423283
TBM2008034110,020,27.94245,-82.418033
TBM2008034111,020,27.943,-82.411733
TBM2008034112,020,27.940217,-82.413833
TBM2008034113,020,27.938733,-82.4138
TBM2008034210,020,27.929917,-82.41335
TBM2008034305,020,27.866717,-82.42605
TBM2008034306,020,27.8448,-82.4211
TBM2008034307,020,27.84405,-82.405167
TBM2008034308,020,27.868417,-82.408
TBM2008040101,020,27.558767,-82.57485
TBM2008040102,020,27.551733,-82.575017
TBM2008040104,020,27.69765,-82.511333
TBM2008040105,020,27.672317,-82.513767
TBM2008040203,020,27.6736,-82.73345
TBM2008040204,020,27.629283,-82.7127
TBM2008040301,020,27.841667,-82.609717
TBM2008040302,020,27.822483,-82.587717
TBM2008040303,020,27.842967,-82.615483
TBM2008040401,020,27.68665,-82.6459
TBM2008040403,020,27.648317,-82.673117
TBM2008040404,020,27.699667,-82.6914
TBM2008040405,020,27.697267,-82.714067
TBM2008040602,020,27.885,-82.433333
TBM2008040805,020,27.740633,-82.48735
TBM2008040806,020,27.7242,-82.4901
TBM2008040807,020,27.709867,-82.45415
TBM2008040808,020,27.715733,-82.486333
TBM2008040902,020,27.909083,-82.63985
TBM2008040903,020,27.8925,-82.637933
TBM2008040904,020,27.901567,-82.626233
TBM2008040906,020,27.938983,-82.557267
TBM2008040907,020,27.96705,-82.5653
TBM2008041001,020,27.857133,-82.55225
TBM2008041003,020,27.832483,-82.56275
TBM2008041004,020,27.823433,-82.497367
TBM2008041104,020,27.522983,-82.7079
TBM2008041106,020,27.529267,-82.6085
TBM2008041107,020,27.51195,-82.578167
TBM2008041204,020,28.005883,-82.644083
TBM2008041205,020,27.99235,-82.61785
TBM2008044101,020,27.937583,-82.4339
TBM2008044102,020,27.943083,-82.431933
TBM2008044103,020,27.938917,-82.433617
TBM2008044104,020,27.9466,-82.427217
TBM2008044105,020,27.944983,-82.423233
TBM2008044106,020,27.941917,-82.418683
TBM2008044109,020,27.935983,-82.4137
TBM2008044110,020,27.933283,-82.416433
TBM2008044111,020,27.93055,-82.413467
TBM2008044112,020,27.92785,-82.4147
TBM2008044210,020,27.943117,-82.406533
TBM2008044401,020,27.84985,-82.407533
TBM2008044402,020,27.865217,-82.407667
TBM2008044403,020,27.86825,-82.426283
TBM2008044404,020,27.866617,-82.42645
TBM2008044409,020,27.816467,-82.3928
TBM2008044410,020,27.850817,-82.40215
TBM2008050201,020,27.951017,-82.415383
TBM2008050203,020,27.8509,-82.47565
TBM2008050204,020,27.884567,-82.430633
TBM2008050206,020,27.889783,-82.407617
TBM2008050207,020,27.881683,-82.40355
TBM2008050302,020,27.791417,-82.60875
TBM2008050304,020,27.827233,-82.520383
TBM2008050306,020,27.877867,-82.532517
TBM2008050402,020,27.938933,-82.557417
TBM2008050403,020,27.96265,-82.572467
TBM2008050405,020,27.998333,-82.6806
TBM2008050407,020,27.99065,-82.611283
TBM2008050408,020,27.9808,-82.610817
TBM2008050602,020,27.689683,-82.719867
TBM2008050702,020,27.528267,-82.68535
TBM2008050704,020,27.504667,-82.70785
TBM2008050903,020,27.916633,-82.684067
TBM2008050904,020,27.937767,-82.714583
TBM2008051003,020,27.6464,-82.555267
TBM2008051101,020,27.57415,-82.56915
TBM2008051102,020,27.575317,-82.60315
TBM2008051104,020,27.538733,-82.635717
TBM2008051106,020,27.531467,-82.6308
TBM2008051202,020,27.69255,-82.6454
TBM2008051301,020,27.71085,-82.477117
TBM2008051302,020,27.704967,-82.51425
TBM2008051303,020,27.703567,-82.521783
TBM2008051405,020,27.711383,-82.632933
TBM2008051406,020,27.72885,-82.62115
TBM2008051501,020,27.7173,-82.705333
TBM2008051502,020,27.7364,-82.69265
TBM2008051503,020,27.736367,-82.71025
TBM2008051507,020,27.670683,-82.67315
TBM2008054305,020,27.82315,-82.3925
TBM2008054306,020,27.836083,-82.3952
TBM2008054307,020,27.8466,-82.412967
TBM2008054308,020,27.851617,-82.401267
TBM2008054309,020,27.865167,-82.40295
TBM2008054701,020,27.9268,-82.4219
TBM2008054702,020,27.928217,-82.423467
TBM2008054703,020,27.937167,-82.43375
TBM2008054704,020,27.941067,-82.433217
TBM2008054705,020,27.944183,-82.42295
TBM2008054706,020,27.942783,-82.4222
TBM2008054708,020,27.943067,-82.4145
TBM2008054710,020,27.938533,-82.413967
TBM2008054711,020,27.937233,-82.414733
TBM2008054714,020,27.929,-82.4165
TBM2008060103,020,27.714867,-82.61825
TBM2008060106,020,27.779383,-82.62305
TBM2008060201,020,27.711833,-82.504317
TBM2008060203,020,27.58935,-82.578933
TBM2008060204,020,27.614083,-82.5583
TBM2008060205,020,27.615117,-82.570783
TBM2008060303,020,27.651867,-82.688817
TBM2008060304,020,27.640717,-82.696317
TBM2008060305,020,27.64415,-82.699700000000007
TBM2008060307,020,27.70135,-82.6867
TBM2008060504,020,27.85175,-82.4782
TBM2008060506,020,27.83225,-82.4708
TBM2008060508,020,27.8328,-82.46945
TBM2008060509,020,27.82865,-82.512483
TBM2008060601,020,27.880733,-82.436217
TBM2008060602,020,27.82285,-82.4388
TBM2008060607,020,27.893533,-82.410433
TBM2008060702,020,27.960367,-82.693633
TBM2008060706,020,28.013083,-82.66645
TBM2008060707,020,28.016967,-82.683367
TBM2008060708,020,28.018467,-82.6412
TBM2008060709,020,27.989967,-82.607617
TBM2008060902,020,27.515867,-82.59325
TBM2008060905,020,27.5042,-82.68625
TBM2008061001,020,27.528583,-82.608567
TBM2008061003,020,27.568433,-82.62
TBM2008061103,020,27.736667,-82.71
TBM2008061201,020,27.8885,-82.541217
TBM2008061205,020,27.9164,-82.684967
TBM2008061206,020,27.843433,-82.53965
TBM2008061207,020,27.8331,-82.561617
TBM2008061209,020,27.85425,-82.612133
TBM2008061405,020,27.8748,-82.531433
TBM2008064201,020,27.849467,-82.408517
TBM2008064202,020,27.863083,-82.403
TBM2008064205,020,27.863483,-82.4296
TBM2008064208,020,27.84315,-82.398567
TBM2008064401,020,27.925633,-82.420283
TBM2008064402,020,27.93165,-82.426633
TBM2008064403,020,27.9316,-82.427833
TBM2008064404,020,27.941817,-82.432833
TBM2008064405,020,27.946467,-82.42785
TBM2008064406,020,27.9466,-82.422833
TBM2008064407,020,27.944467,-82.422867
TBM2008064408,020,27.942333,-82.419317
TBM2008064409,020,27.935983,-82.41365
TBM2008064410,020,27.927033,-82.419017
TBM2008064510,020,27.92955,-82.414767
TBM2008070101,020,27.547,-82.583167
TBM2008070201,020,27.728767,-82.47695
TBM2008070202,020,27.72055,-82.48715
TBM2008070203,020,27.709983,-82.48175
TBM2008070204,020,27.719433,-82.4938
TBM2008070206,020,27.791517,-82.4202
TBM2008070209,020,27.868567,-82.4375
TBM2008070301,020,27.806383,-82.611367
TBM2008070302,020,27.808167,-82.597267
TBM2008070303,020,27.858133,-82.598483
TBM2008070305,020,27.8652,-82.60405
TBM2008070401,020,27.966333,-82.650917
TBM2008070402,020,27.95545,-82.717817
TBM2008070404,020,28.023383,-82.641783
TBM2008070405,020,27.998017,-82.64085
TBM2008070501,020,27.961967,-82.5717
TBM2008070504,020,27.87735,-82.529983
TBM2008070702,020,27.641917,-82.696367
TBM2008070705,020,27.6456,-82.738917
TBM2008070806,020,27.57275,-82.620167
TBM2008071001,020,27.598217000000002,-82.553917
TBM2008071002,020,27.58905,-82.57875
TBM2008071003,020,27.593783,-82.581517
TBM2008071005,020,27.684383,-82.5249
TBM2008071006,020,27.66565,-82.54715
TBM2008071101,020,27.899,-82.488517
TBM2008071102,020,27.877517,-82.483033
TBM2008071105,020,27.748017,-82.459733
TBM2008071201,020,27.735683,-82.73235
TBM2008071203,020,27.688883,-82.680783
TBM2008071204,020,27.6798,-82.6638
TBM2008071402,020,27.97165,-82.602583
TBM2008071405,020,27.909633,-82.627717
TBM2008071406,020,27.87465,-82.603433
TBM2008074301,020,27.838167,-82.402367
TBM2008074302,020,27.843467,-82.403
TBM2008074303,020,27.847833,-82.411683
TBM2008074308,020,27.863317,-82.4303
TBM2008074601,020,27.93785,-82.434083
TBM2008074602,020,27.9318,-82.4274
TBM2008074603,020,27.928267,-82.424
TBM2008074604,020,27.925783,-82.420533
TBM2008074605,020,27.9265,-82.419017
TBM2008074606,020,27.927033,-82.417583
TBM2008074607,020,27.929667,-82.41305
TBM2008074608,020,27.936617,-82.414783
TBM2008074609,020,27.9457,-82.423167
TBM2008074610,020,27.94215,-82.432117
TBM2008080107,020,27.525917,-82.711017
TBM2008080201,020,27.8625,-82.569367
TBM2008080203,020,27.86595,-82.5434
TBM2008080206,020,27.79695,-82.599533
TBM2008080207,020,27.800167,-82.632867
TBM2008080401,020,27.86765,-82.5374
TBM2008080402,020,27.856633,-82.5525
TBM2008080503,020,27.687183,-82.71385
TBM2008080506,020,27.724717,-82.729433
TBM2008080507,020,27.72515,-82.740317
TBM2008080508,020,27.73735,-82.70085
TBM2008080602,020,27.599917,-82.55555
TBM2008080603,020,27.603033,-82.558517
TBM2008080604,020,27.614467,-82.55665
TBM2008080805,020,27.656383,-82.704533
TBM2008080901,020,27.790567,-82.40785
TBM2008081003,020,27.923533,-82.697967
TBM2008081005,020,28.024217,-82.665317
TBM2008081006,020,28.028367,-82.665633
TBM2008081103,020,27.521367,-82.655133
TBM2008081104,020,27.513433,-82.6268
TBM2008081106,020,27.504933,-82.605417
TBM2008081201,020,27.8455,-82.391767
TBM2008081202,020,27.848117,-82.40535
TBM2008081204,020,27.8676,-82.4248
TBM2008081205,020,27.929167,-82.413317
TBM2008081303,020,27.7458,-82.47985
TBM2008081501,020,27.933333,-82.716017
TBM2008081503,020,27.90515,-82.531617
TBM2008081505,020,27.937917,-82.557833
TBM2008081506,020,27.966467,-82.55535
TBM2008081602,020,27.805633,-82.445133
TBM2008081606,020,27.8659,-82.486867
TBM2008081607,020,27.867333,-82.488533
TBM2008084101,020,27.8563,-82.4041
TBM2008084102,020,27.856533,-82.408783
TBM2008084103,020,27.865767,-82.404283
TBM2008084105,020,27.867967,-82.426583
TBM2008084701,020,27.9316,-82.425833
TBM2008084703,020,27.926667,-82.416367
TBM2008084704,020,27.926717,-82.415967
TBM2008084706,020,27.93325,-82.415833
TBM2008084707,020,27.938317,-82.4149
TBM2008084708,020,27.940183,-82.414317
TBM2008084709,020,27.942483,-82.417667
TBM2008084710,020,27.9456,-82.423233
TBM2008084711,020,27.941217,-82.42055
TBM2008084712,020,27.942183,-82.432467
TBM2008090101,020,27.944217,-82.54425
TBM2008090102,020,27.93675,-82.722583
TBM2008090103,020,27.945917,-82.723633
TBM2008090205,020,27.673517,-82.721467
TBM2008090302,020,27.89025,-82.4815
TBM2008090303,020,27.841633,-82.469083
TBM2008090304,020,27.81625,-82.49805
TBM2008090305,020,27.82475,-82.517583
TBM2008090307,020,27.822433,-82.433167
TBM2008090308,020,27.884683,-82.41065
TBM2008090402,020,27.667733,-82.741133
TBM2008090403,020,27.661133,-82.730167
TBM2008090506,020,27.5134,-82.6268
TBM2008090601,020,27.6725,-82.513733
TBM2008090602,020,27.686333,-82.52375
TBM2008090603,020,27.652467,-82.557233
TBM2008090701,020,27.506733,-82.711467
TBM2008090703,020,27.524517,-82.643117
TBM2008090901,020,27.8902,-82.629683
TBM2008090902,020,27.877383,-82.605433
TBM2008090903,020,27.874883,-82.595583
TBM2008090904,020,27.802583,-82.61795
TBM2008091005,020,27.65635,-82.671633
TBM2008091006,020,27.70575,-82.685067
TBM2008091101,020,27.96765,-82.640617
TBM2008091104,020,27.9938,-82.6598
TBM2008091105,020,27.996317,-82.630067
TBM2008091201,020,27.823517,-82.388717
TBM2008091202,020,27.8191,-82.39635
TBM2008091301,020,27.851017,-82.555583
TBM2008091304,020,27.790833,-82.609733
TBM2008091501,020,27.551733,-82.572083
TBM2008094201,020,27.857283,-82.40465
TBM2008094202,020,27.86265,-82.401567
TBM2008094203,020,27.860483,-82.404983
TBM2008094204,020,27.863667,-82.43065
TBM2008094208,020,27.840933,-82.394633
TBM2008094210,020,27.839167,-82.431633
TBM2008094611,020,27.9362,-82.41605
TBM2008094701,020,27.9317,-82.42845
TBM2008094703,020,27.94235,-82.432267
TBM2008094704,020,27.944633,-82.430783
TBM2008094705,020,27.94665,-82.422933
TBM2008094706,020,27.945317,-82.42305
TBM2008094708,020,27.942717,-82.419467
TBM2008094710,020,27.936183,-82.415267
TBM2008094711,020,27.925883,-82.420967
TBM2008094712,020,27.9266,-82.421867
TBM2008100103,020,27.66725,-82.686717
TBM2008100106,020,27.699217,-82.691933
TBM2008100301,020,27.913433,-82.667367
TBM2008100304,020,27.945817,-82.723767
TBM2008100305,020,27.9383,-82.715783
TBM2008100501,020,27.89075,-82.4101
TBM2008100502,020,27.900083,-82.415617
TBM2008100504,020,27.86365,-82.434783
TBM2008100506,020,27.805367,-82.444833
TBM2008100605,020,27.832083,-82.470617
TBM2008100606,020,27.8439,-82.468583
TBM2008100607,020,27.858383,-82.4827
TBM2008100608,020,27.874083,-82.4867
TBM2008100703,020,27.840933,-82.606317
TBM2008100705,020,27.864683,-82.544117
TBM2008100707,020,27.881283,-82.539583
TBM2008100802,020,28.017067,-82.648583
TBM2008100803,020,27.999517,-82.6624
TBM2008100805,020,28.028483,-82.665667
TBM2008100806,020,27.9869,-82.690167
TBM2008100909,020,27.509933,-82.616617
TBM2008101005,020,27.7912,-82.6093
TBM2008101006,020,27.788467,-82.621617
TBM2008101007,020,27.802533,-82.604933
TBM2008101101,020,27.734083,-82.6924
TBM2008101102,020,27.721483,-82.73455
TBM2008101104,020,27.657333,-82.732433
TBM2008101301,020,27.575067,-82.618117
TBM2008101303,020,27.589417,-82.593367
TBM2008101304,020,27.608,-82.5548
TBM2008101306,020,27.650817,-82.556867
TBM2008101307,020,27.606917,-82.570217
TBM2008101401,020,27.573517,-82.56015
TBM2008104101,020,27.937283,-82.433333
TBM2008104102,020,27.93965,-82.43375
TBM2008104103,020,27.9431,-82.429817
TBM2008104104,020,27.942967,-82.431917
TBM2008104105,020,27.945633,-82.43
TBM2008104106,020,27.946167,-82.425317
TBM2008104107,020,27.9372,-82.41635
TBM2008104108,020,27.934083,-82.4139
TBM2008104109,020,27.92715,-82.415683
TBM2008104110,020,27.92735,-82.422717
TBM2008104111,020,27.929017,-82.423717
TBM2008104504,020,27.848917,-82.41355
TBM2008104505,020,27.8508,-82.407433
TBM2008104506,020,27.8459,-82.41815
TBM2008104507,020,27.858567,-82.408667
TBM2008110103,020,27.938233,-82.53295
TBM2008110104,020,27.953933,-82.547483
TBM2008110106,020,27.965533,-82.658067
TBM2008110107,020,27.9253,-82.69305
TBM2008110305,020,27.70375,-82.522183
TBM2008110306,020,27.738883,-82.494117
TBM2008110307,020,27.808,-82.445883
TBM2008110308,020,27.86665,-82.42435
TBM2008110401,020,27.876883,-82.60115
TBM2008110402,020,27.83555,-82.583317
TBM2008110406,020,27.723817,-82.63345
TBM2008110505,020,27.67475,-82.6711
TBM2008110507,020,27.630333,-82.69805
TBM2008110601,020,27.539317,-82.638267
TBM2008110604,020,27.534583,-82.7333
TBM2008110605,020,27.524117,-82.721233
TBM2008110606,020,27.526617,-82.665983
TBM2008110801,020,27.68725,-82.521183
TBM2008110902,020,27.771733,-82.43135
TBM2008110906,020,27.90895,-82.445433
TBM2008111001,020,27.70475,-82.69305
TBM2008111006,020,27.657983,-82.677733
TBM2008111009,020,27.73585,-82.71275
TBM2008111203,020,27.999817,-82.6797
TBM2008111204,020,28.000717,-82.657067
TBM2008111206,020,27.9597,-82.7054
TBM2008111303,020,27.863983,-82.546867
TBM2008111305,020,27.832983,-82.56195
TBM2008111306,020,27.832517,-82.526933
TBM2008111307,020,27.825217,-82.496683
TBM2008111402,020,27.573283,-82.599983
TBM2008111409,020,27.520083,-82.605233
TBM2008114102,020,27.856067,-82.4083
TBM2008114106,020,27.848583,-82.412567
TBM2008114107,020,27.8463,-82.414667
TBM2008114108,020,27.854367,-82.404667
TBM2008114401,020,27.930867,-82.425033
TBM2008114402,020,27.931517,-82.42415
TBM2008114403,020,27.942867,-82.430517
TBM2008114404,020,27.94445,-82.42585
TBM2008114405,020,27.94265,-82.4202
TBM2008114406,020,27.939817,-82.41515
TBM2008114407,020,27.940483,-82.413817
TBM2008114408,020,27.93945,-82.415017
TBM2008114413,020,27.93755,-82.43415
TBM2008114414,020,27.936317,-82.43335
TBM2008120105,020,27.976867,-82.578467
TBM2008120201,020,27.746967,-82.466633
TBM2008120202,020,27.77085,-82.437617
TBM2008120206,020,27.815767,-82.484833
TBM2008120208,020,27.752583,-82.483683
TBM2008120301,020,27.840683,-82.5424
TBM2008120402,020,27.826883,-82.4419
TBM2008120404,020,27.9235,-82.425
TBM2008120405,020,27.939467,-82.458233
TBM2008120406,020,27.90565,-82.488967
TBM2008120407,020,27.90715,-82.449067
TBM2008120502,020,27.681033,-82.498267
TBM2008120601,020,27.8833,-82.531433
TBM2008120602,020,27.897583,-82.5332
TBM2008120604,020,27.878983,-82.5954
TBM2008120605,020,27.81315,-82.59095
TBM2008120606,020,27.81295,-82.616017
TBM2008120804,020,27.5146,-82.708483
TBM2008120805,020,27.525917,-82.719233
TBM2008120902,020,27.633217,-82.69625
TBM2008120903,020,27.64395,-82.672783
TBM2008120906,020,27.730067,-82.62035
TBM2008121002,020,27.5746,-82.6111
TBM2008121003,020,27.578583,-82.60945
TBM2008121005,020,27.648483,-82.55335
TBM2008121006,020,27.64515,-82.55415
TBM2008121201,020,27.7235,-82.73315
TBM2008121202,020,27.699133,-82.72225
TBM2008121203,020,27.69875,-82.690767
TBM2008121301,020,28.0104,-82.657067
TBM2008121302,020,28.02775,-82.6898
TBM2008121303,020,27.96285,-82.68045
TBM2008121304,020,27.922867,-82.688317
TBM2008121307,020,27.967783,-82.63815
TBM2008124203,020,27.853083,-82.3985
TBM2008124204,020,27.850767,-82.403467
TBM2008124205,020,27.850117,-82.406867
TBM2008124206,020,27.849117,-82.41065
TBM2008124401,020,27.92695,-82.41565
TBM2008124402,020,27.939033,-82.415017
TBM2008124403,020,27.942817,-82.4159
TBM2008124404,020,27.942683,-82.418967
TBM2008124405,020,27.9428,-82.422117
TBM2008124406,020,27.941417,-82.4234
TBM2008124407,020,27.9459,-82.424633
TBM2008124408,020,27.946683,-82.425133
TBM2008124409,020,27.944933,-82.42775
TBM2008124411,020,27.940117,-82.41525
TBM2009010103,020,27.747483,-82.46665
TBM2009010104,020,27.75385,-82.464683
TBM2009010105,020,27.787783,-82.415667
TBM2009010106,020,27.81425,-82.396067
TBM2009010201,020,27.50315,-82.589483
TBM2009010202,020,27.5388,-82.63595
TBM2009010206,020,27.507483,-82.618483
TBM2009010301,020,27.603183,-82.592783
TBM2009010303,020,27.6611,-82.55185
TBM2009010305,020,27.70875,-82.513367
TBM2009010401,020,27.510183,-82.706167
TBM2009010402,020,27.513567,-82.6884
TBM2009010502,020,27.71475,-82.717067
TBM2009010503,020,27.715567,-82.728867
TBM2009010504,020,27.745733,-82.741017
TBM2009010505,020,27.718433,-82.699483
TBM2009010702,020,27.88005,-82.533317
TBM2009010703,020,27.8115,-82.594533
TBM2009010704,020,27.821583,-82.60565
TBM2009010707,020,27.850417,-82.625117
TBM2009010802,020,27.914883,-82.677817
TBM2009010804,020,27.970283,-82.685283
TBM2009010806,020,28.022967,-82.684717
TBM2009011002,020,27.698417,-82.645917
TBM2009011003,020,27.76075,-82.623717
TBM2009011106,020,27.642783,-82.711733
TBM2009011204,020,27.9683,-82.63435
TBM2009011205,020,28.021183,-82.6666
TBM2009011206,020,28.00945,-82.648867
TBM2009011207,020,27.970267,-82.571817
TBM2009011301,020,27.806383,-82.427683
TBM2009011304,020,27.8806,-82.480950000000007
TBM2009011305,020,27.86755,-82.488667
TBM2009014305,020,27.846417,-82.413533
TBM2009014306,020,27.84785,-82.407917
TBM2009014307,020,27.847133,-82.419017
TBM2009014308,020,27.859733,-82.40585
TBM2009014405,020,27.934967,-82.4172
TBM2009014406,020,27.93805,-82.434
TBM2009014407,020,27.9377,-82.434033
TBM2009014408,020,27.94455,-82.430733
TBM2009014409,020,27.9463,-82.42415
TBM2009014410,020,27.935833,-82.43295
TBM2009014411,020,27.94035,-82.41395
TBM2009014412,020,27.936067,-82.414033
TBM2009014413,020,27.927533,-82.414667
TBM2009014414,020,27.927783,-82.415267
TBM2009020101,020,27.86285,-82.56955
TBM2009020102,020,27.79015,-82.612133
TBM2009020106,020,27.77395,-82.6261
TBM2009020203,020,27.86485,-82.437517
TBM2009020204,020,27.843017,-82.467483
TBM2009020206,020,27.82665,-82.522533
TBM2009020207,020,27.831133,-82.401367
TBM2009020208,020,27.829867,-82.39705
TBM2009020402,020,27.77325,-82.432717
TBM2009020601,020,27.678217,-82.647933
TBM2009020602,020,27.6843,-82.651217
TBM2009020703,020,27.533,-82.608117
TBM2009020704,020,27.57365,-82.618983
TBM2009020705,020,27.575967,-82.601217
TBM2009020707,020,27.574333,-82.588917
TBM2009020802,020,27.81295,-82.590867
TBM2009020905,020,27.99655,-82.638633
TBM2009020906,020,28.002817,-82.67455
TBM2009020907,020,28.0023,-82.665933
TBM2009021002,020,27.662883,-82.547633
TBM2009021004,020,27.7446,-82.464467
TBM2009021006,020,27.68425,-82.527283
TBM2009021008,020,27.67635,-82.5166
TBM2009021101,020,27.740383,-82.741
TBM2009021104,020,27.711717,-82.7082
TBM2009021105,020,27.673333,-82.719517
TBM2009021107,020,27.675767,-82.676833
TBM2009021204,020,27.924117,-82.53315
TBM2009021205,020,27.916717,-82.535167
TBM2009021206,020,27.915967,-82.533867
TBM2009021207,020,27.905883,-82.531617
TBM2009024101,020,27.936283,-82.4334
TBM2009024102,020,27.931283,-82.426283
TBM2009024103,020,27.926517,-82.4216
TBM2009024104,020,27.9269,-82.4171
TBM2009024105,020,27.927233,-82.414967
TBM2009024106,020,27.9346,-82.414833
TBM2009024107,020,27.938433,-82.414267
TBM2009024108,020,27.94315,-82.411717
TBM2009024109,020,27.9423,-82.419017
TBM2009024110,020,27.944083,-82.423083
TBM2009024111,020,27.946633,-82.422417
TBM2009024112,020,27.946733,-82.427333
TBM2009024201,020,27.848233,-82.41545
TBM2009024202,020,27.846483,-82.413483
TBM2009024206,020,27.85055,-82.402783
TBM2009024207,020,27.850367,-82.400083
TBM2009030103,020,27.85225,-82.4788
TBM2009030104,020,27.863667,-82.43515
TBM2009030107,020,27.750117,-82.4659
TBM2009030108,020,27.750033,-82.469117
TBM2009030301,020,27.971817,-82.570633
TBM2009030302,020,27.976783,-82.578267
TBM2009030304,020,27.99965,-82.654983
TBM2009030401,020,27.737167,-82.728217
TBM2009030403,020,27.686233,-82.687533
TBM2009030404,020,27.690550000000002,-82.67765
TBM2009030405,020,27.68175,-82.645933
TBM2009030408,020,27.64695,-82.740283
TBM2009030409,020,27.65405,-82.730933
TBM2009030501,020,27.544817,-82.624183
TBM2009030502,020,27.54095,-82.605217
TBM2009030503,020,27.555167,-82.604233
TBM2009030601,020,27.722117,-82.624733
TBM2009030602,020,27.745317,-82.623183
TBM2009030701,020,27.6037,-82.590417
TBM2009030704,020,27.601583,-82.55645
TBM2009030706,020,27.56935,-82.6052
TBM2009030801,020,27.973383,-82.603583
TBM2009030804,020,27.921867,-82.676033
TBM2009030808,020,27.836767,-82.537483
TBM2009030901,020,27.890083,-82.5422
TBM2009030902,020,27.938367,-82.536
TBM2009030903,020,27.84905,-82.589683
TBM2009030904,020,27.841133,-82.619833
TBM2009031101,020,27.9408,-82.44795
TBM2009031102,020,27.93925,-82.416783
TBM2009031103,020,27.904317,-82.407733
TBM2009031201,020,27.677833,-82.51225
TBM2009031203,020,27.7249,-82.4818
TBM2009031204,020,27.7239,-82.493567
TBM2009034101,020,27.936233,-82.416533
TBM2009034102,020,27.92835,-82.423233
TBM2009034103,020,27.936117,-82.4335
TBM2009034104,020,27.941483,-82.426633
TBM2009034105,020,27.9442,-82.42685
TBM2009034106,020,27.942467,-82.4176
TBM2009034111,020,27.936733,-82.41465
TBM2009034112,020,27.934567,-82.4145
TBM2009034113,020,27.929367,-82.414733
TBM2009034114,020,27.927383,-82.41545
TBM2009034402,020,27.850817,-82.406183
TBM2009034405,020,27.846483,-82.413117
TBM2009034406,020,27.847017,-82.397933
TBM2009034407,020,27.8562,-82.40855
TBM2009040102,020,27.908983,-82.627683
TBM2009040103,020,27.916433,-82.678683
TBM2009040104,020,27.965666,-82.657033
TBM2009040108,020,27.984416,-82.692183
TBM2009040202,020,27.874833,-82.4841
TBM2009040203,020,27.816283,-82.39295
TBM2009040402,020,27.70755,-82.637433
TBM2009040403,020,27.705733,-82.6772
TBM2009040404,020,27.661733,-82.697816
TBM2009040405,020,27.646,-82.71335
TBM2009040406,020,27.6206,-82.734383
TBM2009040504,020,27.691016,-82.676816
TBM2009040702,020,27.884766,-82.434016
TBM2009040703,020,27.897133,-82.412083
TBM2009040704,020,27.7969,-82.417983
TBM2009040708,020,27.890433,-82.481866
TBM2009040802,020,27.820966,-82.6167
TBM2009040803,020,27.841016,-82.60865
TBM2009040804,020,27.8308,-82.607566
TBM2009040805,020,27.8295,-82.604483
TBM2009040808,020,27.927033,-82.532783
TBM2009040809,020,27.920416,-82.534283
TBM2009040903,020,27.548183,-82.582316
TBM2009040906,020,27.657966,-82.548366
TBM2009041001,020,27.5258,-82.7195
TBM2009041004,020,27.57535,-82.617783
TBM2009041005,020,27.6123,-82.57335
TBM2009041006,020,27.608666,-82.552233
TBM2009041007,020,27.6029,-82.549766
TBM2009041102,020,27.881366,-82.534933
TBM2009041103,020,27.8963,-82.534766
TBM2009044505,020,27.8589,-82.40335
TBM2009044506,020,27.84915,-82.409433
TBM2009044508,020,27.844533,-82.401116
TBM2009044509,020,27.847133,-82.39797
TBM2009044601,020,27.928366,-82.41835
TBM2009044602,020,27.93281,-82.413183
TBM2009044603,020,27.934766,-82.414033
TBM2009044604,020,27.935166,-82.41545
TBM2009044605,020,27.937733,-82.41555
TBM2009044606,020,27.94265,-82.4179
TBM2009044607,020,27.950383,-82.414416
TBM2009044608,020,27.943566,-82.42403
TBM2009044609,020,27.94735,-82.422883
TBM2009044610,020,27.9459,-82.428316
TBM2009044611,020,27.941133,-82.43243
TBM2009044612,020,27.940116,-82.4337
TBM2009044617,020,27.909833,-82.42585
TBM2009050102,020,27.999966,-82.664416
TBM2009050103,020,28.029916,-82.669083
TBM2009050105,020,28.0086,-82.628966
TBM2009050106,020,27.978883,-82.58295
TBM2009050201,020,27.681966,-82.516566
TBM2009050202,020,27.6793,-82.53005
TBM2009050203,020,27.67895,-82.53605
TBM2009050205,020,27.60745,-82.573466
TBM2009050301,020,27.7481,-82.7406
TBM2009050401,020,27.905716,-82.538416
TBM2009050403,020,27.9279,-82.7062
TBM2009050405,020,27.91165,-82.655033
TBM2009050407,020,27.868833,-82.61235
TBM2009050502,020,27.844666,-82.6136
TBM2009050504,020,27.84055,-82.540733
TBM2009050506,020,27.845966,-82.54135
TBM2009050507,020,27.8026,-82.61755
TBM2009050702,020,27.518983,-82.604833
TBM2009050705,020,27.573166,-82.61885
TBM2009050901,020,27.74865,-82.6248
TBM2009050902,020,27.68905,-82.675916
TBM2009050904,020,27.7033,-82.721983
TBM2009051006,020,27.537666,-82.63765
TBM2009051102,020,27.895,-82.487316
TBM2009051103,020,27.888366,-82.479416
TBM2009051104,020,27.865766,-82.487533
TBM2009051106,020,27.826966,-82.441616
TBM2009051109,020,27.863666,-82.434066
TBM2009051110,020,27.848733,-82.4047
TBM2009051202,020,27.672066,-82.736566
TBM2009051203,020,27.643783,-82.73235
TBM2009051302,020,27.798216,-82.417466
TBM2009051304,020,27.75435,-82.4716
TBM2009054101,020,27.93182,-82.427883
TBM2009054102,020,27.94659,-82.42768
TBM2009054103,020,27.93762,-82.434133
TBM2009054104,020,27.940466,-82.433533
TBM2009054105,020,27.947416,-82.425416
TBM2009054106,020,27.947233,-82.423066
TBM2009054107,020,27.943983,-82.423083
TBM2009054111,020,27.941183,-82.412533
TBM2009054112,020,27.93405,-82.413683
TBM2009054113,020,27.928433,-82.415916
TBM2009054114,020,27.926733,-82.42175
TBM2009054604,020,27.85833,-82.407566
TBM2009054605,020,27.855533,-82.403883
TBM2009054606,020,27.854016,-82.402516
TBM2009054607,020,27.845066,-82.4035
TBM2009060103,020,27.7117,-82.456883
TBM2009060104,020,27.711416,-82.491716
TBM2009060201,020,27.619933,-82.73365
TBM2009060301,020,27.516883,-82.6315
TBM2009060302,020,27.533433,-82.657883
TBM2009060402,020,27.587816,-82.578616
TBM2009060406,020,27.532416,-82.595333
TBM2009060502,020,27.505616,-82.614083
TBM2009060504,020,27.50355,-82.591666
TBM2009060505,020,27.4985,-82.581016
TBM2009060601,020,27.806516,-82.611016
TBM2009060603,020,27.83665,-82.603733
TBM2009060605,020,27.844016,-82.550333
TBM2009060606,020,27.8333,-82.534933
TBM2009060607,020,27.834183,-82.5316
TBM2009060801,020,27.7024,-82.663033
TBM2009060901,020,27.8759,-82.482983
TBM2009060905,020,27.775733,-82.435466
TBM2009060906,020,27.78275,-82.429283
TBM2009060907,020,27.815333,-82.402366
TBM2009061001,020,28.001266,-82.639316
TBM2009061002,020,27.996866,-82.63455
TBM2009061004,020,27.927233,-82.703366
TBM2009061006,020,27.92975,-82.53465
TBM2009061007,020,27.95465,-82.546333
TBM2009061104,020,27.853533,-82.553566
TBM2009061201,020,27.72295,-82.6973
TBM2009061202,020,27.740716,-82.730266
TBM2009061203,020,27.728983,-82.737216
TBM2009061303,020,28.012183,-82.621116
TBM2009061305,020,27.995166,-82.683366
TBM2009061405,020,27.750033,-82.4748
TBM2009061406,020,27.7534,-82.456466
TBM2009061407,020,27.718716,-82.49145
TBM2009064101,020,27.941033,-82.433166
TBM2009064102,020,27.9424,-82.432283
TBM2009064103,020,27.9421,-82.432633
TBM2009064104,020,27.945766,-82.428883
TBM2009064105,020,27.943233,-82.422916
TBM2009064106,020,27.944266,-82.422983
TBM2009064107,020,27.942866,-82.420683
TBM2009064112,020,27.927516,-82.422816
TBM2009064113,020,27.930283,-82.41401
TBM2009064114,020,27.945533,-82.430366
TBM2009064303,020,27.843483,-82.4029
TBM2009064304,020,27.84842,-82.4036
TBM2009064305,020,27.8501,-82.4046
TBM2009064306,020,27.84645,-82.416316
TBM2009070104,020,27.648933,-82.677716
TBM2009070204,020,27.836066,-82.58295
TBM2009070205,020,27.803783,-82.612266
TBM2009070206,020,27.787616,-82.62235
TBM2009070207,020,27.781333,-82.624683
TBM2009070303,020,27.999183,-82.657066
TBM2009070304,020,27.9979,-82.6567
TBM2009070307,020,27.996583,-82.681166
TBM2009070505,020,27.818433,-82.4009
TBM2009070506,020,27.815716,-82.394616
TBM2009070508,020,27.7883,-82.417233
TBM2009070702,020,27.701333,-82.660416
TBM2009070707,020,27.741133,-82.6383
TBM2009070708,020,27.73825,-82.6327
TBM2009070801,020,27.54845,-82.574700000000007
TBM2009070905,020,27.744,-82.4665
TBM2009071001,020,27.571616,-82.587833
TBM2009071003,020,27.591466,-82.572083
TBM2009071006,020,27.720233,-82.488166
TBM2009071007,020,27.700033,-82.516666
TBM2009071101,020,27.743083,-82.730233
TBM2009071105,020,27.6462,-82.740516
TBM2009071108,020,27.6518,-82.687016
TBM2009071205,020,27.535983,-82.631083
TBM2009071206,020,27.533683,-82.64885
TBM2009071207,020,27.509933,-82.617633
TBM2009071208,020,27.501166,-82.588783
TBM2009071305,020,27.928533,-82.691883
TBM2009071306,020,27.909766,-82.6526
TBM2009071307,020,27.897916,-82.646083
TBM2009071308,020,27.907866,-82.62815
TBM2009074502,020,27.864783,-82.437166
TBM2009074505,020,27.846396,-82.397748000000007
TBM2009074506,020,27.847523,-82.397973
TBM2009074507,020,27.850676,-82.404955
TBM2009074508,020,27.860586,-82.408333
TBM2009074601,020,27.928033,-82.423483
TBM2009074602,020,27.936033,-82.4333
TBM2009074607,020,27.950616,-82.414516
TBM2009074608,020,27.942633,-82.4179
TBM2009074609,020,27.935316,-82.415833
TBM2009074610,020,27.94315,-82.423283
TBM2009074611,020,27.94715,-82.423133000000007
TBM2009074612,020,27.94665,-82.424866
TBM2009074613,020,27.945583,-82.4299
TBM2009074614,020,27.940533,-82.431933
TBM2009074615,020,27.942816,-82.431483
TBM2009074616,020,27.927666,-82.415516
TBM2009080102,020,27.908433,-82.4516
TBM2009080103,020,27.88445,-82.42695
TBM2009080105,020,27.88,-82.481516
TBM2009080106,020,27.891416,-82.4833
TBM2009080107,020,27.891283,-82.4834
TBM2009080203,020,27.70605,-82.514966
TBM2009080206,020,27.676916,-82.5342
TBM2009080302,020,27.939183,-82.538216
TBM2009080305,020,28.020316,-82.666716
TBM2009080401,020,27.911316,-82.673366
TBM2009080402,020,27.916166,-82.6836
TBM2009080405,020,27.96615,-82.6528
TBM2009080406,020,27.96855,-82.633416
TBM2009080407,020,27.976083,-82.565316
TBM2009080502,020,27.535133,-82.652666
TBM2009080506,020,27.5247,-82.615166
TBM2009080601,020,27.504633,-82.707883
TBM2009080605,020,27.572183,-82.614883
TBM2009080802,020,27.700633,-82.6883
TBM2009080805,020,27.734683,-82.639
TBM2009080806,020,27.709566,-82.6351
TBM2009080901,020,27.781566,-82.624466
TBM2009080902,020,27.807366,-82.592433
TBM2009080903,020,27.83645,-82.605983
TBM2009080904,020,27.854183,-82.630033
TBM2009081001,020,27.73735,-82.69245
TBM2009081002,020,27.7213,-82.736583
TBM2009081104,020,27.594166,-82.5903
TBM2009081106,020,27.589316,-82.623833
TBM2009081302,020,27.788133,-82.422966
TBM2009081503,020,27.645666,-82.7408
TBM2009081505,020,27.6551,-82.680366
TBM2009084101,020,27.945316,-82.42285
TBM2009084102,020,27.944466,-82.423016
TBM2009084103,020,27.9372,-82.414116
TBM2009084104,020,27.928801,-82.417722
TBM2009084105,020,27.926533,-82.419133
TBM2009084106,020,27.925661,-82.4199
TBM2009084107,020,27.92865,-82.423666
TBM2009084108,020,27.931783,-82.427825
TBM2009084109,020,27.937919,-82.432666
TBM2009084110,020,27.9381,-82.434004
TBM2009084111,020,27.936166,-82.43345
TBM2009084601,020,27.855866,-82.404054
TBM2009084602,020,27.856516,-82.40655
TBM2009084603,020,27.84765,-82.398016
TBM2009084604,020,27.845066,-82.4036
TBM2009090101,020,28.010483,-82.64515
TBM2009090102,020,28.016716,-82.653633
TBM2009090202,020,27.67915,-82.647166
TBM2009090204,020,27.679766,-82.680083
TBM2009090303,020,27.680883,-82.730816
TBM2009090304,020,27.671216,-82.73485
TBM2009090306,020,27.62355,-82.733666
TBM2009090308,020,27.654333,-82.7165
TBM2009090402,020,27.928666,-82.476583
TBM2009090404,020,27.880483,-82.481533
TBM2009090407,020,27.8652,-82.488383
TBM2009090601,020,27.74495,-82.468583
TBM2009090602,020,27.8032,-82.4171
TBM2009090607,020,27.704333,-82.50145
TBM2009090609,020,27.748166,-82.475133
TBM2009090701,020,27.876733,-82.595166
TBM2009090704,020,27.828866,-82.602716
TBM2009090705,020,27.846416,-82.545583
TBM2009090706,020,27.845416,-82.549783
TBM2009090707,020,27.848766,-82.554666
TBM2009090802,020,27.512983,-82.683116
TBM2009090805,020,27.553383,-82.575316
TBM2009090806,020,27.513433,-82.621916
TBM2009091001,020,27.99765,-82.630266
TBM2009091003,020,27.963366,-82.68355
TBM2009091004,020,27.962733,-82.68115
TBM2009091006,020,27.91245,-82.672283
TBM2009091007,020,27.917683,-82.646766
TBM2009091201,020,27.6761,-82.517366
TBM2009091204,020,27.620316,-82.565
TBM2009091206,020,27.605866,-82.583483
TBM2009091208,020,27.5963,-82.578366
TBM2009094101,020,27.942778,-82.432067
TBM2009094102,020,27.939255,-82.4138
TBM2009094103,020,27.931272,-82.415601
TBM2009094104,020,27.928984,-82.415501
TBM2009094105,020,27.927849,-82.413664
TBM2009094106,020,27.926997,-82.416686
TBM2009094107,020,27.927114,-82.422181
TBM2009094108,020,27.9286,-82.424368
TBM2009094109,020,27.928716,-82.424452
TBM2009094114,020,27.946035,-82.428744
TBM2009094503,020,27.849916,-82.404954
TBM2009094504,020,27.84795,-82.414639
TBM2009094506,020,27.899033,-82.430816
TBM2009094509,020,27.847072,-82.411486
TBM2009094510,020,27.84515,-82.396316
TBM2009094511,020,27.846846,-82.402252
TBM2009100101,020,27.956033,-82.71745
TBM2009100104,020,27.998616,-82.6572
TBM2009100201,020,27.723916,-82.489216
TBM2009100202,020,27.7417,-82.484183
TBM2009100203,020,27.815016,-82.4938
TBM2009100204,020,27.865433,-82.48845
TBM2009100303,020,27.829866,-82.580833
TBM2009100305,020,27.812583,-82.597833
TBM2009100306,020,27.833716,-82.589216
TBM2009100405,020,27.719366,-82.630983
TBM2009100407,020,27.723983,-82.633383
TBM2009100408,020,27.73625,-82.63925
TBM2009100503,020,27.680066,-82.520783
TBM2009100506,020,27.59645,-82.600066
TBM2009100507,020,27.592616,-82.60085
TBM2009100508,020,27.601333,-82.54905
TBM2009100603,020,27.66205,-82.725616
TBM2009100606,020,27.67255,-82.712483
TBM2009100703,020,27.648466,-82.673383
TBM2009100704,020,27.628933,-82.699700000000007
TBM2009100705,020,27.653733,-82.716316
TBM2009100805,020,27.788933,-82.408216
TBM2009100806,020,27.761533,-82.462633
TBM2009101101,020,27.940166,-82.553816
TBM2009101103,020,27.962533,-82.682983
TBM2009101105,020,27.91995,-82.65355
TBM2009101106,020,27.89605,-82.639816
TBM2009101108,020,27.90395,-82.533916
TBM2009101301,020,27.5442,-82.605566
TBM2009101302,020,27.56165,-82.588566
TBM2009101304,020,27.5024,-82.589533
TBM2009104501,020,27.858833,-82.404283
TBM2009104502,020,27.859009,-82.409459
TBM2009104503,020,27.863283,-82.430333
TBM2009104506,020,27.847297,-82.419369
TBM2009104507,020,27.846466,-82.414864
TBM2009104509,020,27.851351,-82.404279
TBM2009104510,020,27.852933,-82.398833
TBM2009104602,020,27.94195,-82.432316
TBM2009104603,020,27.946016,-82.4262
TBM2009104605,020,27.9365,-82.4156
TBM2009104606,020,27.936966,-82.4148
TBM2009104607,020,27.926933,-82.419141
TBM2009104608,020,27.9422,-82.418133
TBM2009104609,020,27.940966,-82.419633
TBM2009104610,020,27.946266,-82.428166
TBM2009104611,020,27.931783,-82.428393
TBM2009104612,020,27.927133,-82.418666
TBM2009110302,020,27.535,-82.654866
TBM2009110405,020,27.71835,-82.501416
TBM2009110406,020,27.711566,-82.4573
TBM2009110504,020,27.6531,-82.68675
TBM2009110506,020,27.644516,-82.737233
TBM2009110603,020,27.6856,-82.71645
TBM2009110604,020,27.698383,-82.705466
TBM2009110606,020,27.710433,-82.727
TBM2009110801,020,27.848383,-82.555883
TBM2009110802,020,27.831966,-82.563116
TBM2009110805,020,27.866633,-82.538316
TBM2009110806,020,27.8677,-82.53745
TBM2009111005,020,27.9017,-82.642683
TBM2009111006,020,27.906166,-82.65045
TBM2009111101,020,27.967283,-82.642716
TBM2009111102,020,27.982633,-82.616683
TBM2009111105,020,27.9658,-82.654833
TBM2009111106,020,27.95255,-82.69425
TBM2009111108,020,27.984266,-82.691566
TBM2009111201,020,27.501316,-82.57875
TBM2009111204,020,27.533583,-82.73235
TBM2009111207,020,27.507466,-82.686633
TBM2009111208,020,27.5002,-82.687266
TBM2009111210,020,27.5765,-82.566083
TBM2009111301,020,27.886666,-82.480483
TBM2009111304,020,27.79725,-82.417633
TBM2009111305,020,27.775816,-82.435333
TBM2009111401,020,27.853133,-82.593433
TBM2009111406,020,27.7357,-82.63985
TBM2009111504,020,27.592733,-82.582533
TBM2009114301,020,27.866583,-82.424316
TBM2009114304,020,27.846033,-82.416133
TBM2009114307,020,27.86005,-82.4056
TBM2009114308,020,27.854066,-82.40065
TBM2009114309,020,27.846466,-82.3977
TBM2009114601,020,27.934883,-82.432133
TBM2009114602,020,27.939121,-82.432116
TBM2009114603,020,27.945066,-82.427316
TBM2009114604,020,27.945883,-82.4282
TBM2009114605,020,27.942516,-82.415701
TBM2009114606,020,27.943079,-82.411877
TBM2009114607,020,27.936566,-82.4196
TBM2009114608,020,27.926733,-82.419316
TBM2009114609,020,27.9312,-82.42455
TBM2009114610,020,27.931673,-82.42625
TBM2009114611,020,27.931666,-82.427816000000007
TBM2009114616,020,27.9276,-82.415116
TBM2009120102,020,27.81415,-82.4091
TBM2009120103,020,27.8223,-82.432233
TBM2009120105,020,27.8914,-82.483283
TBM2009120107,020,27.870883,-82.437716
TBM2009120108,020,27.873833,-82.4252
TBM2009120201,020,27.7091,-82.73075
TBM2009120202,020,27.664633,-82.74115
TBM2009120205,020,27.678883,-82.6655
TBM2009120206,020,27.651816,-82.738266
TBM2009120207,020,27.637283,-82.735033
TBM2009120402,020,27.534233,-82.655533
TBM2009120405,020,27.683516,-82.533533
TBM2009120406,020,27.62015,-82.565083
TBM2009120407,020,27.55805,-82.627666
TBM2009120408,020,27.5374,-82.606216
TBM2009120605,020,27.9641,-82.566683
TBM2009120701,020,28.000866,-82.630883
TBM2009120702,020,28.017883,-82.649966
TBM2009120704,020,27.9459,-82.721533
TBM2009120705,020,27.926283,-82.69165
TBM2009120708,020,27.908916,-82.626716
TBM2009120709,020,27.906116,-82.636016
TBM2009120801,020,27.78895,-82.622016
TBM2009120804,020,27.857966,-82.59835
TBM2009120806,020,27.802366,-82.617733
TBM2009120903,020,27.71945,-82.500083
TBM2009121001,020,27.874316,-82.597016
TBM2009121003,020,27.813733,-82.5905
TBM2009121007,020,27.822116,-82.48815
TBM2009121008,020,27.825683,-82.502433
TBM2009121009,020,27.84275,-82.53925
TBM2009121203,020,27.598366,-82.579483
TBM2009121205,020,27.5998,-82.555233
TBM2009124502,020,27.854133,-82.402366
TBM2009124503,020,27.846566,-82.413533
TBM2009124504,020,27.842783,-82.4016
TBM2009124508,020,27.861333,-82.4014
TBM2009124601,020,27.931316,-82.424966
TBM2009124602,020,27.928717,-82.423816
TBM2009124603,020,27.926883,-82.421933
TBM2009124604,020,27.927515,-82.41475
TBM2009124605,020,27.937351,-82.414883
TBM2009124606,020,27.93895,-82.414016
TBM2009124607,020,27.94315,-82.411833
TBM2009124609,020,27.943033,-82.422583
TBM2009124610,020,27.94375,-82.422733
TBM2009124612,020,27.932216,-82.4155
TBM2010010105,020,27.8656,-82.486016
TBM2010010106,020,27.889716,-82.480733
TBM2010010107,020,27.9239,-82.480816
TBM2010010201,020,27.840583,-82.591216
TBM2010010206,020,27.800616,-82.631966
TBM2010010207,020,27.7768,-82.627433
TBM2010010208,020,27.754933,-82.6275
TBM2010010301,020,27.5451,-82.606416
TBM2010010404,020,27.673933,-82.73365
TBM2010010501,020,27.67985,-82.499916
TBM2010010502,020,27.707416,-82.515183
TBM2010010503,020,27.71905,-82.49175
TBM2010010505,020,27.750266,-82.47835
TBM2010010506,020,27.78935,-82.42315
TBM2010010605,020,27.887783,-82.636666
TBM2010010903,020,27.721833,-82.720666
TBM2010010904,020,27.710083,-82.732533
TBM2010010905,020,27.70335,-82.721633
TBM2010010906,020,27.6643,-82.6859
TBM2010010907,020,27.711366,-82.632816
TBM2010010908,020,27.709816,-82.636383
TBM2010011102,020,28.004316,-82.652333
TBM2010011103,020,27.9625,-82.680833
TBM2010011105,020,27.913916,-82.698516
TBM2010011106,020,27.914,-82.698
TBM2010011108,020,27.959583,-82.565016
TBM2010011109,020,27.973866,-82.60065
TBM2010011201,020,27.51145,-82.5775
TBM2010011202,020,27.5032,-82.589516
TBM2010011204,020,27.523633,-82.681266
TBM2010011205,020,27.572883,-82.619516
TBM2010011208,020,27.603966,-82.55305
TBM2010014101,020,27.853933,-82.402666
TBM2010014102,020,27.854216,-82.399774
TBM2010014103,020,27.89805,-82.431266
TBM2010014108,020,27.846883,-82.409083
TBM2010014109,020,27.8573,-82.406016
TBM2010014402,020,27.9501,-82.414283
TBM2010014403,020,27.9399,-82.414933
TBM2010014404,020,27.942683,-82.4169
TBM2010014405,020,27.945083,-82.423416
TBM2010014406,020,27.944333,-82.423133000000007
TBM2010014407,020,27.946466,-82.428066
TBM2010014408,020,27.94465,-82.430566
TBM2010014409,020,27.943833,-82.430716
TBM2010014410,020,27.937133,-82.433233
TBM2010014411,020,27.927331,-82.42265
TBM2010014412,020,27.9268,-82.422116
TBM2010020101,020,27.998966,-82.657233
TBM2010020104,020,27.9084,-82.533283
TBM2010020105,020,27.89655,-82.625833
TBM2010020106,020,27.91905,-82.613233
TBM2010020107,020,27.932983,-82.71095
TBM2010020108,020,27.939133000000002,-82.7181
TBM2010020109,020,27.964516,-82.666216
TBM2010020202,020,27.624616,-82.70605
TBM2010020204,020,27.645766,-82.73955
TBM2010020207,020,27.7009,-82.7227
TBM2010020208,020,27.711933,-82.690333
TBM2010020303,020,27.865783,-82.485616
TBM2010020304,020,27.87125,-82.484733
TBM2010020501,020,27.533283,-82.657533
TBM2010020502,020,27.526133,-82.719683
TBM2010020503,020,27.586266,-82.618383
TBM2010020506,020,27.499283,-82.58075
TBM2010020602,020,27.817233,-82.404733
TBM2010020603,020,27.894333,-82.485466
TBM2010020605,020,27.908733,-82.446566
TBM2010020701,020,27.570016,-82.570266
TBM2010020705,020,27.517083,-82.59335
TBM2010020801,020,27.67355,-82.542216
TBM2010020803,020,27.726483,-82.4845
TBM2010020906,020,27.874716,-82.6033
TBM2010021101,020,27.71835,-82.628433
TBM2010021103,020,27.690783,-82.675616
TBM2010021203,020,27.798333,-82.59975
TBM2010021204,020,27.822766,-82.58845
TBM2010021301,020,27.866483,-82.542316
TBM2010021303,020,27.844333,-82.541
TBM2010024201,020,27.847416,-82.411983
TBM2010024202,020,27.847733,-82.407783
TBM2010024203,020,27.847883,-82.405166
TBM2010024207,020,27.859416,-82.4055
TBM2010024601,020,27.931633,-82.424933
TBM2010024602,020,27.92785,-82.4229
TBM2010024607,020,27.943079,-82.4125
TBM2010024608,020,27.940583,-82.413916
TBM2010024609,020,27.93505,-82.414516
TBM2010024610,020,27.928333,-82.4169
TBM2010024611,020,27.929916,-82.415683
TBM2010024612,020,27.925916,-82.419383
TBM2010024613,020,27.937516,-82.433633
TBM2010024614,020,27.937233,-82.433883
TBM2010024615,020,27.941083,-82.433183
TBM2010024616,020,27.9432,-82.415216
TBM2010024617,020,27.92575,-82.422166
TBM2010030101,020,27.93855,-82.5585
TBM2010030104,020,27.931633,-82.707733
TBM2010030106,020,27.865,-82.597516
TBM2010030205,020,27.699783,-82.510983
TBM2010030207,020,27.68335,-82.533383
TBM2010030301,020,27.713666,-82.629933
TBM2010030302,020,27.714683,-82.629666
TBM2010030304,020,27.635066,-82.69845
TBM2010030305,020,27.656366,-82.705083
TBM2010030306,020,27.64805,-82.712666
TBM2010030308,020,27.7191,-82.728366
TBM2010030309,020,27.747483,-82.735833
TBM2010030401,020,27.540983,-82.588366
TBM2010030403,020,27.526116,-82.680766
TBM2010030404,020,27.5207,-82.670133
TBM2010030501,020,27.893116,-82.485333
TBM2010030503,020,27.8142,-82.3984
TBM2010030504,020,27.869683,-82.428783
TBM2010030601,020,27.983133,-82.616416
TBM2010030602,020,27.993366,-82.622233
TBM2010030606,020,28.0094,-82.6546
TBM2010030701,020,27.814866,-82.3966
TBM2010030702,020,27.8327,-82.533883
TBM2010030704,020,27.8235,-82.50795
TBM2010030705,020,27.86365,-82.487083
TBM2010030801,020,27.8855,-82.532783
TBM2010030803,020,27.884283,-82.611266
TBM2010030904,020,27.567783,-82.567
TBM2010030905,020,27.569766,-82.608316
TBM2010031001,020,27.72955,-82.624066
TBM2010031002,020,27.731883,-82.621066
TBM2010032001,020,27.884683,-82.61065
TBM2010034305,020,27.931806,-82.4278
TBM2010034306,020,27.946716,-82.427483
TBM2010034307,020,27.947316,-82.4261
TBM2010034308,020,27.946833,-82.424516
TBM2010034309,020,27.944933,-82.422833
TBM2010034310,020,27.94275,-82.417933
TBM2010034311,020,27.944033,-82.43125
TBM2010034312,020,27.933026,-82.414066
TBM2010034313,020,27.93005,-82.413233
TBM2010034314,020,27.928,-82.414116
TBM2010034603,020,27.87745,-82.436866
TBM2010034604,020,27.878483,-82.436716
TBM2010034605,020,27.884866,-82.433983
TBM2010034607,020,27.8495,-82.4107
TBM2010034608,020,27.8479,-82.406066
TBM2010034609,020,27.84785,-82.405883
TBM2010034611,020,27.843183,-82.404883
TBM2010040101,020,27.782916,-82.429066
TBM2010040102,020,27.790716,-82.421916
TBM2010040201,020,27.998833,-82.657616
TBM2010040202,020,27.959016,-82.705883
TBM2010040205,020,27.912966,-82.650116
TBM2010040206,020,27.906466000000002,-82.650966
TBM2010040208,020,27.961233,-82.566266
TBM2010040401,020,27.742166,-82.725616
TBM2010040408,020,27.70865,-82.68185
TBM2010040502,020,27.644233,-82.673333
TBM2010040503,020,27.642266,-82.6719
TBM2010040504,020,27.639366,-82.7121
TBM2010040601,020,27.574233,-82.55995
TBM2010040603,020,27.5373,-82.615216
TBM2010040804,020,28.021,-82.6659
TBM2010040805,020,28.001833,-82.616633
TBM2010040902,020,27.878716,-82.481683
TBM2010040903,020,27.8745,-82.4866
TBM2010040904,020,27.822183,-82.438933
TBM2010040905,020,27.873816,-82.437
TBM2010040907,020,27.72635,-82.477983
TBM2010041001,020,27.87815,-82.602466
TBM2010041101,020,27.874766,-82.595933
TBM2010041102,020,27.851933,-82.5496
TBM2010041103,020,27.7998,-82.597733
TBM2010041104,020,27.790216,-82.622133
TBM2010041105,020,27.840316,-82.609366
TBM2010041201,020,27.677866,-82.503116
TBM2010041202,020,27.586166,-82.618416
TBM2010041203,020,27.51995,-82.634816
TBM2010041204,020,27.539133,-82.634233
TBM2010041206,020,27.662216,-82.543183
TBM2010044301,020,27.938783,-82.433533
TBM2010044302,020,27.94385,-82.43065
TBM2010044303,020,27.94655,-82.423616
TBM2010044304,020,27.94235,-82.418633
TBM2010044305,020,27.94285,-82.420883
TBM2010044306,020,27.943029,-82.411783
TBM2010044308,020,27.928716,-82.415983
TBM2010044309,020,27.929502,-82.415233
TBM2010044310,020,27.933483,-82.415883
TBM2010044311,020,27.939333,-82.413766
TBM2010044401,020,27.849983,-82.405833
TBM2010044402,020,27.8483,-82.413738
TBM2010044403,020,27.856516,-82.4066
TBM2010044404,020,27.85565,-82.405233
TBM2010044410,020,27.831833,-82.399283
TBM2010044411,020,27.838316,-82.399666
TBM2010050201,020,27.716716,-82.507016
TBM2010050302,020,27.84275,-82.5476
TBM2010050303,020,27.827616,-82.582633
TBM2010050305,020,27.85245,-82.626
TBM2010050501,020,27.920716,-82.53425
TBM2010050502,020,27.965666,-82.566033
TBM2010050504,020,27.9896,-82.68545
TBM2010050505,020,28.020566,-82.641683
TBM2010050506,020,27.9884,-82.613033
TBM2010050601,020,27.500416,-82.5879
TBM2010050603,020,27.515016,-82.689116
TBM2010050605,020,27.506733,-82.711366
TBM2010050606,020,27.5243,-82.722316
TBM2010050607,020,27.529816,-82.723616
TBM2010050701,020,27.7471,-82.467333
TBM2010050702,020,27.759083,-82.447033
TBM2010050704,020,27.826333,-82.398916
TBM2010050705,020,27.885733,-82.4809
TBM2010050805,020,27.646583,-82.67455
TBM2010051004,020,27.91645,-82.684966
TBM2010051005,020,27.916533,-82.677066
TBM2010051105,020,27.617,-82.5655
TBM2010051106,020,27.60945,-82.55655
TBM2010051202,020,27.699333,-82.6908
TBM2010051203,020,27.7025,-82.663116
TBM2010051205,020,27.729416,-82.623516
TBM2010051207,020,27.775033,-82.62675
TBM2010051301,020,27.707366,-82.636666
TBM2010051309,020,27.6761,-82.72785
TBM2010051310,020,27.7232,-82.734433
TBM2010051403,020,27.812883,-82.402583
TBM2010051404,020,27.832283,-82.4313
TBM2010051405,020,27.874766,-82.424816
TBM2010051406,020,27.897033,-82.413466
TBM2010054101,020,27.935416,-82.432333
TBM2010054102,020,27.937066,-82.433783
TBM2010054103,020,27.940273,-82.433166
TBM2010054104,020,27.94605,-82.429679
TBM2010054105,020,27.946853,-82.424903
TBM2010054109,020,27.927866,-82.41363
TBM2010054110,020,27.928199,-82.417616
TBM2010054111,020,27.927498,-82.418466
TBM2010054112,020,27.927965,-82.42345
TBM2010054113,020,27.931723,-82.428076
TBM2010054603,020,27.85545,-82.407466
TBM2010054604,020,27.859666,-82.402702
TBM2010054607,020,27.846483,-82.414864
TBM2010054609,020,27.852266,-82.399774
TBM2010060101,020,27.891533,-82.587933
TBM2010060104,020,27.9232,-82.53125
TBM2010060303,020,27.84625,-82.543683
TBM2010060305,020,27.8266,-82.596466
TBM2010060306,020,27.82825,-82.607833
TBM2010060307,020,27.828083,-82.600866
TBM2010060502,020,27.975766,-82.575966
TBM2010060503,020,27.961183,-82.693433
TBM2010060504,020,27.98125,-82.6919
TBM2010060505,020,27.9884,-82.687983
TBM2010060506,020,28.01325,-82.66695
TBM2010060601,020,27.681516,-82.498116
TBM2010060602,020,27.682716,-82.49755
TBM2010060701,020,27.573566,-82.590333
TBM2010060702,020,27.600316,-82.58945
TBM2010060801,020,27.724183,-82.618583
TBM2010060802,020,27.703083,-82.623233
TBM2010061004,020,27.526916,-82.71065
TBM2010061008,020,27.536733,-82.622283
TBM2010061009,020,27.541983,-82.612833
TBM2010061103,020,27.748233,-82.465516
TBM2010061104,020,27.811083,-82.410133
TBM2010061105,020,27.89745,-82.433416
TBM2010061303,020,27.697366,-82.714416
TBM2010061304,020,27.69985,-82.693466
TBM2010061306,020,27.625966,-82.7038
TBM2010061307,020,27.630266,-82.6996
TBM2010061308,020,27.662666,-82.721916
TBM2010064101,020,27.9317,-82.4284
TBM2010064102,020,27.9316,-82.428116
TBM2010064103,020,27.93885,-82.43365
TBM2010064104,020,27.945851,-82.429011
TBM2010064105,020,27.947266,-82.423616
TBM2010064106,020,27.946583,-82.422715
TBM2010064107,020,27.942766,-82.4186
TBM2010064108,020,27.940216,-82.41445
TBM2010064109,020,27.95255,-82.417233
TBM2010064114,020,27.9351,-82.41565
TBM2010064115,020,27.9267,-82.41595
TBM2010064116,020,27.92845,-82.423801
TBM2010064302,020,27.849466,-82.397933
TBM2010064304,020,27.848266,-82.41395
TBM2010064305,020,27.87025,-82.4029
TBM2010064306,020,27.867483,-82.425716
TBM2010064308,020,27.847866,-82.406066
TBM2010064309,020,27.844416,-82.401066
TBM2010064310,020,27.842583,-82.3963
TBM2010064311,020,27.826083,-82.399233
TBM2010070201,020,27.9535,-82.722133
TBM2010070202,020,27.922483,-82.697016
TBM2010070302,020,27.896916,-82.64005
TBM2010070303,020,27.908983,-82.628133
TBM2010070305,020,27.887333,-82.62565
TBM2010070307,020,27.9028,-82.537083
TBM2010070308,020,27.891066,-82.542633
TBM2010070401,020,27.677033,-82.508016
TBM2010070402,020,27.598883,-82.554016
TBM2010070403,020,27.60885,-82.5542
TBM2010070407,020,27.671816,-82.538083
TBM2010070501,020,27.521916,-82.65125
TBM2010070601,020,27.917266,-82.4907
TBM2010070603,020,27.858366,-82.404083
TBM2010070605,020,27.89265,-82.420383
TBM2010070607,020,27.9042,-82.435916
TBM2010070706,020,27.6687,-82.6934
TBM2010070707,020,27.646583,-82.703366
TBM2010070905,020,27.647833,-82.67345
TBM2010070908,020,27.723433,-82.734316
TBM2010070909,020,27.726816,-82.7294
TBM2010071004,020,27.719383,-82.63125
TBM2010071005,020,27.756883,-82.628066
TBM2010071006,020,27.742716,-82.634333
TBM2010071101,020,27.845733,-82.594066
TBM2010071106,020,27.836116,-82.557266
TBM2010071107,020,27.8435,-82.541183
TBM2010071203,020,27.75165,-82.468566
TBM2010071205,020,27.708566,-82.49455
TBM2010071206,020,27.717233,-82.50335
TBM2010071207,020,27.775733,-82.43545
TBM2010071306,020,27.552116,-82.571866
TBM2010071307,020,27.542616,-82.58725
TBM2010074301,020,27.849549,-82.409234
TBM2010074302,020,27.849099,-82.41509
TBM2010074303,020,27.8463,-82.41554
TBM2010074304,020,27.847866,-82.406081
TBM2010074603,020,27.94205,-82.43145
TBM2010074604,020,27.942516,-82.423183
TBM2010074605,020,27.9466,-82.423
TBM2010074606,020,27.94655,-82.4229
TBM2010074608,020,27.9426,-82.417316
TBM2010074609,020,27.94075,-82.413933
TBM2010074610,020,27.93695,-82.41555
TBM2010074611,020,27.934966,-82.414883
TBM2010074612,020,27.927966,-82.417566
TBM2010074613,020,27.929283,-82.41635
TBM2010074614,020,27.92615,-82.419392
TBM2010080201,020,27.658366,-82.725316
TBM2010080202,020,27.674333,-82.732333
TBM2010080205,020,27.655533,-82.708616
TBM2010080206,020,27.632833,-82.696883
TBM2010080401,020,27.5488,-82.57465
TBM2010080402,020,27.5217,-82.60765
TBM2010080502,020,27.527666,-82.670783
TBM2010080601,020,27.681333,-82.496733
TBM2010080602,020,27.650283,-82.55085
TBM2010080603,020,27.616833,-82.560016
TBM2010080607,020,27.584183,-82.605
TBM2010080901,020,27.977383,-82.579566
TBM2010080902,020,27.993416,-82.62145
TBM2010080903,020,28.00365,-82.677033
TBM2010080906,020,27.918583,-82.683
TBM2010080908,020,27.965883,-82.552833
TBM2010081001,020,27.848233,-82.552
TBM2010081003,020,27.876016,-82.591616
TBM2010081004,020,27.86955,-82.6075
TBM2010081005,020,27.8408,-82.610183
TBM2010081006,020,27.8429,-82.6089
TBM2010081101,020,27.874216,-82.425133
TBM2010081102,020,27.881583,-82.423983
TBM2010081104,020,27.9224,-82.486516
TBM2010081105,020,27.8712,-82.487083
TBM2010081106,020,27.877566,-82.4831
TBM2010081201,020,27.997033,-82.63765
TBM2010081202,020,28.001716,-82.632616
TBM2010081405,020,27.7379,-82.702016
TBM2010081406,020,27.708966,-82.61995
TBM2010084401,020,27.8604,-82.406366
TBM2010084405,020,27.833166,-82.396533
TBM2010084406,020,27.84625,-82.413683
TBM2010084407,020,27.846416,-82.41735
TBM2010084408,020,27.843783,-82.41985
TBM2010084409,020,27.8344,-82.431
TBM2010084601,020,27.927633,-82.425166
TBM2010084602,020,27.94725,-82.42345
TBM2010084603,020,27.94305,-82.414133
TBM2010084604,020,27.940550000000002,-82.413933
TBM2010084605,020,27.932766,-82.41375
TBM2010084606,020,27.935933,-82.416816
TBM2010084607,020,27.932383,-82.416133
TBM2010084608,020,27.943016,-82.412177
TBM2010084609,020,27.937233,-82.43375
TBM2010084610,020,27.935566,-82.43255
TBM2010084611,020,27.9359,-82.433233
TBM2010090102,020,27.823516,-82.491216
TBM2010090204,020,27.900733,-82.488666
TBM2010090206,020,27.825533,-82.441633
TBM2010090208,020,27.791766,-82.405
TBM2010090209,020,27.809483,-82.41145
TBM2010090302,020,27.589666,-82.624466
TBM2010090303,020,27.584766,-82.6132
TBM2010090304,020,27.585216,-82.612466
TBM2010090306,020,27.5222,-82.651883
TBM2010090403,020,27.9095,-82.643283
TBM2010090405,020,27.948083,-82.542566
TBM2010090406,020,27.95745,-82.546566
TBM2010090407,020,27.964166,-82.551683
TBM2010090408,020,27.96375,-82.565766
TBM2010090501,020,27.743633,-82.729566
TBM2010090503,020,27.725566,-82.72855
TBM2010090504,020,27.710166,-82.727483
TBM2010090602,020,28.0118,-82.64905
TBM2010090604,020,27.932466,-82.7148
TBM2010090803,020,27.650216,-82.6745
TBM2010090804,020,27.6572,-82.671266
TBM2010091003,020,27.561783,-82.623716
TBM2010091008,020,27.575433,-82.558033
TBM2010091102,020,27.70485,-82.517666
TBM2010091107,020,27.678333,-82.515616
TBM2010091201,020,27.8414,-82.537816
TBM2010091206,020,27.846916,-82.615083
TBM2010091207,020,27.834816,-82.598916
TBM2010091208,020,27.8377,-82.584866
TBM2010091209,020,27.868883,-82.6036
TBM2010091302,020,27.721866,-82.63595
TBM2010094301,020,27.925661,-82.419876
TBM2010094302,020,27.928583,-82.417789
TBM2010094303,020,27.927548,-82.415217
TBM2010094304,020,27.928734,-82.415618
TBM2010094305,020,27.935898,-82.414616
TBM2010094306,020,27.942833,-82.421212
TBM2010094307,020,27.9468,-82.426907
TBM2010094308,020,27.940557,-82.433069
TBM2010094309,020,27.93179,-82.428293
TBM2010094310,020,27.931523,-82.424318
TBM2010094316,020,27.940083,-82.433633
TBM2010094401,020,27.8549,-82.4034
TBM2010094402,020,27.851066,-82.406116
TBM2010094403,020,27.847983,-82.414683
TBM2010094404,020,27.84255,-82.404333
TBM2010094408,020,27.863933,-82.429316
TBM2010094409,020,27.86355,-82.431016
TBM2010100101,020,27.951283,-82.54685
TBM2010100102,020,27.912733,-82.6231
TBM2010100105,020,27.927166,-82.705533
TBM2010100106,020,27.9573,-82.71725
TBM2010100107,020,28.0112,-82.622433
TBM2010100109,020,27.98015,-82.561933
TBM2010100301,020,27.6989,-82.652283
TBM2010100602,020,27.824433,-82.519083
TBM2010100604,020,27.8358,-82.539083
TBM2010100605,020,27.84735,-82.5529
TBM2010100607,020,27.7826,-82.429316
TBM2010100609,020,27.722933,-82.4864
TBM2010100702,020,27.739133,-82.4748
TBM2010100703,020,27.74715,-82.475633
TBM2010100801,020,27.736066,-82.710183
TBM2010100802,020,27.696283,-82.714466
TBM2010100803,020,27.69575,-82.715983
TBM2010100806,020,27.638083,-82.698
TBM2010100904,020,27.890466,-82.62335
TBM2010100905,020,27.881783,-82.616666
TBM2010101002,020,27.551183,-82.6144
TBM2010101003,020,27.544366,-82.6058
TBM2010101104,020,27.802683,-82.617666
TBM2010101105,020,27.772983,-82.625783
TBM2010101201,020,27.62345,-82.565383
TBM2010101203,020,27.6085,-82.551433
TBM2010101302,020,27.5433,-82.6329
TBM2010101304,020,27.529083,-82.721816
TBM2010101308,020,27.531283,-82.67505
TBM2010104104,020,27.84635,-82.4138
TBM2010104105,020,27.84785,-82.4088
TBM2010104106,020,27.850383,-82.400966
TBM2010104107,020,27.8472,-82.419016
TBM2010104108,020,27.8368,-82.3977
TBM2010104109,020,27.883216,-82.424066
TBM2010104110,020,27.898,-82.412983
TBM2010104111,020,27.870666,-82.406883
TBM2010104401,020,27.936616,-82.433583
TBM2010104402,020,27.946519,-82.42395
TBM2010104403,020,27.947333,-82.422933
TBM2010104404,020,27.944465,-82.423016
TBM2010104405,020,27.942566,-82.417905
TBM2010104406,020,27.9519,-82.414383
TBM2010104407,020,27.9369,-82.415451
TBM2010104408,020,27.92765,-82.414916
TBM2010104409,020,27.929936,-82.416316
TBM2010104410,020,27.930521,-82.424916
TBM2010104411,020,27.931633,-82.427833
TBM2010110103,020,27.89985,-82.417766
TBM2010110104,020,27.888183,-82.406366
TBM2010110202,020,27.87605,-82.598616
TBM2010110204,020,27.8331,-82.561366
TBM2010110301,020,27.638766,-82.698333
TBM2010110302,020,27.668633,-82.69635
TBM2010110401,020,27.704316,-82.456716
TBM2010110404,020,27.65025,-82.550966
TBM2010110407,020,27.69775,-82.51495
TBM2010110501,020,27.865333,-82.488433
TBM2010110503,020,27.749383,-82.459833
TBM2010110504,020,27.77585,-82.435333
TBM2010110507,020,27.868533,-82.426633
TBM2010110509,020,27.930766,-82.44835
TBM2010110602,020,27.552766,-82.574066
TBM2010110604,020,27.553516,-82.633516
TBM2010110606,020,27.513116,-82.6843
TBM2010110702,020,27.888816,-82.627366
TBM2010110704,020,27.92935,-82.71135
TBM2010110801,020,27.82805,-82.600816
TBM2010110805,020,27.730216,-82.6217
TBM2010110806,020,27.720383000000002,-82.635816
TBM2010110807,020,27.714033,-82.632566
TBM2010111004,020,27.588666,-82.601
TBM2010111005,020,27.5994,-82.593033
TBM2010111201,020,27.691116,-82.7345
TBM2010111202,020,27.656883,-82.744233
TBM2010111203,020,27.6539,-82.7404
TBM2010111401,020,27.937116,-82.56255
TBM2010111402,020,27.932416,-82.533566
TBM2010111404,020,27.892066,-82.588266
TBM2010111405,020,28.01495,-82.6676
TBM2010111406,020,28.018583,-82.6428
TBM2010114401,020,27.846416,-82.415283
TBM2010114402,020,27.8457,-82.418016
TBM2010114403,020,27.847522,-82.404504
TBM2010114405,020,27.853283,-82.40555
TBM2010114501,020,27.931816,-82.428416
TBM2010114502,020,27.929853,-82.424218
TBM2010114503,020,27.9262,-82.419983
TBM2010114504,020,27.928116,-82.41825
TBM2010114507,020,27.93975,-82.415
TBM2010114509,020,27.941516,-82.41915
TBM2010114511,020,27.945883,-82.428866
TBM2010114512,020,27.944383,-82.43065
TBM2010114513,020,27.939066,-82.432266
TBM2010114514,020,27.936583,-82.433066
TBM2010120101,020,27.7109,-82.511116
TBM2010120202,020,27.9626,-82.6814
TBM2010120203,020,27.953483,-82.71995
TBM2010120303,020,27.893733,-82.417783
TBM2010120602,020,27.709766,-82.727266
TBM2010120605,020,27.72755,-82.619733
TBM2010120703,020,27.825783,-82.606533
TBM2010120705,020,27.84275,-82.5393
TBM2010120706,020,27.862216,-82.614866
TBM2010120802,020,27.821583,-82.47215
TBM2010120803,020,27.843816,-82.46925
TBM2010120804,020,27.876966,-82.484366
TBM2010120805,020,27.892833,-82.48375
TBM2010120901,020,27.517333,-82.602233
TBM2010120902,020,27.511433,-82.578116
TBM2010120906,020,27.5419,-82.61565
TBM2010121002,020,28.013066,-82.6807
TBM2010121003,020,27.87995,-82.605233
TBM2010121004,020,27.907716,-82.62815
TBM2010121005,020,27.899033,-82.637233
TBM2010121006,020,27.902083,-82.633333
TBM2010121008,020,27.965766,-82.5659
TBM2010121101,020,27.658766,-82.676366
TBM2010121103,020,27.626766,-82.730566
TBM2010121104,020,27.671833,-82.7187
TBM2010121105,020,27.680733,-82.670616
TBM2010121109,020,27.6901,-82.644333
TBM2010121201,020,27.622783,-82.572016
TBM2010121301,020,27.6089,-82.570466
TBM2010121302,020,27.609616,-82.573566
TBM2010121303,020,27.5917,-82.604
TBM2010124301,020,27.8513,-82.404833
TBM2010124302,020,27.84675,-82.406966
TBM2010124305,020,27.846166,-82.414666
TBM2010124306,020,27.839183,-82.4319
TBM2010124307,020,27.86365,-82.4311
TBM2010124310,020,27.849733,-82.4097
TBM2010124601,020,27.931816,-82.427983
TBM2010124602,020,27.929333,-82.424933
TBM2010124603,020,27.928733,-82.423466
TBM2010124604,020,27.9349,-82.414833
TBM2010124605,020,27.9394,-82.415
TBM2010124606,020,27.93975,-82.414366
TBM2010124607,020,27.94245,-82.417816
TBM2010124608,020,27.941743,-82.4237
TBM2010124609,020,27.9445,-82.430466
TBM2010124610,020,27.93915,-82.431933
TBM2011010102,020,27.705483,-82.674233
TBM2011010103,020,27.70465,-82.694133
TBM2011010104,020,27.716166,-82.7106
TBM2011010106,020,27.67105,-82.723
TBM2011010107,020,27.670466,-82.705966
TBM2011010204,020,27.7384,-82.626183
TBM2011010301,020,27.511816,-82.58255
TBM2011010305,020,27.566783,-82.584966
TBM2011010402,020,27.814566,-82.397466
TBM2011010403,020,27.8877,-82.435733
TBM2011010405,020,27.859216,-82.480316
TBM2011010407,020,27.821066,-82.48315
TBM2011010601,020,28.001733,-82.657433
TBM2011010602,020,28.022616,-82.684516
TBM2011010603,020,27.959433,-82.704016
TBM2011010604,020,27.91805,-82.65945
TBM2011010605,020,27.9165,-82.656033
TBM2011010702,020,27.85275,-82.596816
TBM2011010705,020,27.8645,-82.546033
TBM2011010801,020,27.831883,-82.534083
TBM2011010803,020,27.818766,-82.616083
TBM2011010804,020,27.797866,-82.605716
TBM2011010901,020,27.551666,-82.608333
TBM2011010905,020,27.5246,-82.724583
TBM2011010906,020,27.51745,-82.693366
TBM2011010907,020,27.506,-82.629816
TBM2011011001,020,27.650116,-82.5559
TBM2011011006,020,27.788266,-82.422883
TBM2011011201,020,27.98935,-82.627916
TBM2011011204,020,27.971800000000002,-82.569366
TBM2011011303,020,27.9043,-82.407733
TBM2011014401,020,27.847972,-82.417033
TBM2011014402,020,27.854483,-82.403083
TBM2011014403,020,27.856916,-82.40905
TBM2011014404,020,27.853633,-82.403283
TBM2011014601,020,27.928133,-82.4172
TBM2011014602,020,27.927066,-82.416616
TBM2011014603,020,27.930766,-82.41535
TBM2011014604,020,27.937933,-82.41555
TBM2011014605,020,27.943683,-82.423133000000007
TBM2011014606,020,27.946766,-82.4254
TBM2011014607,020,27.94665,-82.423116
TBM2011014608,020,27.94235,-82.432183
TBM2011014609,020,27.938766,-82.433833
TBM2011014610,020,27.937034,-82.433666
TBM2011014611,020,27.937483,-82.4337
TBM2011014612,020,27.927783,-82.422816
TBM2011020102,020,27.829633,-82.5994
TBM2011020105,020,27.8504,-82.62365
TBM2011020106,020,27.846033,-82.616516
TBM2011020202,020,27.59015,-82.62505
TBM2011020204,020,27.612016,-82.560733
TBM2011020205,020,27.596916,-82.5824
TBM2011020207,020,27.522416,-82.658466
TBM2011020301,020,27.857366,-82.48335
TBM2011020305,020,27.831116,-82.58145
TBM2011020306,020,27.867733,-82.537516
TBM2011020501,020,27.516683,-82.680133
TBM2011020503,020,27.523366,-82.610233
TBM2011020601,020,27.81405,-82.396366
TBM2011020602,020,27.808316,-82.411383
TBM2011020603,020,27.804833,-82.444766
TBM2011020801,020,27.706033,-82.520066
TBM2011020802,020,27.730266,-82.472183
TBM2011020804,020,27.71845,-82.500216
TBM2011020805,020,27.697116,-82.515083
TBM2011020903,020,27.972,-82.569633
TBM2011020905,020,28.003666,-82.62585
TBM2011021101,020,27.7209,-82.721583
TBM2011021103,020,27.708633,-82.730266
TBM2011021105,020,27.644566,-82.687583
TBM2011021106,020,27.66325,-82.68845
TBM2011021107,020,27.700416,-82.660566
TBM2011021202,020,27.911283,-82.65885
TBM2011021302,020,27.9434,-82.540683
TBM2011021304,020,27.972583,-82.611683
TBM2011021305,020,27.992066,-82.633916
TBM2011021306,020,27.9669,-82.653016
TBM2011021307,020,27.881766,-82.616683
TBM2011024303,020,27.847072,-82.408566
TBM2011024305,020,27.847972,-82.4169
TBM2011024307,020,27.849783,-82.408108
TBM2011024308,020,27.848873,-82.411936
TBM2011024310,020,27.876366,-82.404483
TBM2011024311,020,27.876683,-82.436866
TBM2011024605,020,27.94315,-82.411683
TBM2011024606,020,27.93965,-82.41485
TBM2011024607,020,27.934383,-82.415766
TBM2011024608,020,27.936283,-82.414133
TBM2011024609,020,27.92675,-82.42185
TBM2011024610,020,27.9305,-82.42505
TBM2011024611,020,27.931773,-82.428116
TBM2011024612,020,27.937966,-82.434016
TBM2011024613,020,27.941266,-82.4327
TBM2011024614,020,27.941766,-82.419466
TBM2011030201,020,27.897033,-82.432816
TBM2011030202,020,27.916316,-82.462416
TBM2011030204,020,27.871366,-82.485716
TBM2011030301,020,27.831633,-82.554083
TBM2011030302,020,27.857766,-82.552416
TBM2011030303,020,27.871333,-82.6008
TBM2011030404,020,27.687383,-82.684316
TBM2011030503,020,27.806216,-82.608966
TBM2011030504,020,27.839466,-82.624833
TBM2011030602,020,27.967766,-82.638316
TBM2011030603,020,27.9172,-82.671416
TBM2011030605,020,27.896283,-82.6402
TBM2011030606,020,27.8828,-82.6199
TBM2011030608,020,27.923516,-82.531616
TBM2011030609,020,27.955866,-82.549866
TBM2011030703,020,27.685533,-82.717183
TBM2011030704,020,27.655366,-82.721466
TBM2011030705,020,27.636933,-82.735183
TBM2011030706,020,27.620532999999998,-82.7343
TBM2011030901,020,27.513383,-82.591216
TBM2011030905,020,27.609133,-82.573516
TBM2011030906,020,27.5786,-82.5936
TBM2011030907,020,27.562316,-82.622216
TBM2011031102,020,27.814733,-82.396516
TBM2011031104,020,27.820916,-82.4757
TBM2011031105,020,27.815466,-82.488416
TBM2011031107,020,27.69335,-82.52145
TBM2011031108,020,27.673116,-82.518016
TBM2011031109,020,27.67155,-82.515266
TBM2011031201,020,27.924483,-82.70225
TBM2011031204,020,28.001816,-82.657533
TBM2011034106,020,27.940483,-82.414
TBM2011034107,020,27.94275,-82.417488
TBM2011034108,020,27.94535,-82.4228
TBM2011034109,020,27.945951,-82.429595
TBM2011034110,020,27.938503,-82.433821
TBM2011034111,020,27.931716,-82.427983
TBM2011034112,020,27.931339,-82.425833
TBM2011034113,020,27.926746,-82.419609
TBM2011034114,020,27.9286,-82.416185
TBM2011034115,020,27.932224,-82.415284
TBM2011034116,020,27.936116,-82.413833
TBM2011034403,020,27.84795,-82.416366
TBM2011034404,020,27.843783,-82.420183
TBM2011034406,020,27.84715,-82.408716
TBM2011034407,020,27.846916,-82.408666
TBM2011034408,020,27.834266,-82.405116
TBM2011034409,020,27.82815,-82.431583
TBM2011040201,020,27.717,-82.70595
TBM2011040202,020,27.713733,-82.720733
TBM2011040402,020,27.92445,-82.531516
TBM2011040403,020,27.947833,-82.54585
TBM2011040406,020,27.975566,-82.601533
TBM2011040407,020,27.979216,-82.5619
TBM2011040501,020,27.864083,-82.403233
TBM2011040504,020,27.845666,-82.397333
TBM2011040505,020,27.785183,-82.426383
TBM2011040601,020,27.685816,-82.7167
TBM2011040604,020,27.647466,-82.704766
TBM2011040605,020,27.624333,-82.7064
TBM2011040606,020,27.679633,-82.646633
TBM2011040701,020,27.907416,-82.489483
TBM2011040704,020,27.822083,-82.496483
TBM2011040705,020,27.8335,-82.529466
TBM2011040707,020,27.830833,-82.441283
TBM2011040801,020,27.991016,-82.684116
TBM2011040803,020,27.9108,-82.629383
TBM2011040804,020,28.016666,-82.667766
TBM2011041001,020,27.646016,-82.557633
TBM2011041004,020,27.750266,-82.4767
TBM2011041005,020,27.74065,-82.48505
TBM2011041103,020,27.52745,-82.725616
TBM2011041104,020,27.50405,-82.708416
TBM2011041105,020,27.565333,-82.59715
TBM2011041106,020,27.578516,-82.557133
TBM2011041107,020,27.5494,-82.579266
TBM2011041108,020,27.532933,-82.594933
TBM2011041201,020,27.8324,-82.604733
TBM2011041203,020,27.840666,-82.610116
TBM2011041206,020,27.8737,-82.606816
TBM2011041208,020,27.882066,-82.61815
TBM2011044101,020,27.937418,-82.43405
TBM2011044102,020,27.937551,-82.4343
TBM2011044103,020,27.943062,-82.43165
TBM2011044104,020,27.946833,-82.427107
TBM2011044105,020,27.936249,-82.418991
TBM2011044106,020,27.93115,-82.425788
TBM2011044107,020,27.9288,-82.424235
TBM2011044108,020,27.926045,-82.419191
TBM2011044109,020,27.927314,-82.416252
TBM2011044110,020,27.927214,-82.414565
TBM2011044401,020,27.8499,-82.40665
TBM2011044405,020,27.845733,-82.401866
TBM2011044406,020,27.847833,-82.410516
TBM2011044407,020,27.85635,-82.404066
TBM2011044408,020,27.85725,-82.40425
TBM2011050103,020,27.674666,-82.734433
TBM2011050104,020,27.695716,-82.71595
TBM2011050401,020,27.511683,-82.58145
TBM2011050402,020,27.521266,-82.6421
TBM2011050405,020,27.551166,-82.634166
TBM2011050407,020,27.528966,-82.608316
TBM2011050504,020,27.534216,-82.733166
TBM2011050602,020,27.8908,-82.482733
TBM2011050604,020,27.826783,-82.518733
TBM2011050701,020,27.72295,-82.491016
TBM2011050702,020,27.709916,-82.496633
TBM2011050703,020,27.680316,-82.5061
TBM2011050704,020,27.683816,-82.533366
TBM2011050801,020,27.864983,-82.603616
TBM2011050802,020,27.84355,-82.58815
TBM2011050805,020,27.86505,-82.53865
TBM2011050807,020,27.8826,-82.5345
TBM2011051003,020,27.70775,-82.634016
TBM2011051101,020,27.892116,-82.628116
TBM2011051106,020,28.0022,-82.6752
TBM2011051203,020,27.81835,-82.410016
TBM2011051204,020,27.815216,-82.395233
TBM2011051205,020,27.886833,-82.40665
TBM2011051206,020,27.889016,-82.4072
TBM2011051207,020,27.951416,-82.414316
TBM2011051209,020,27.946316,-82.3903
TBM2011051301,020,28.0088,-82.619416
TBM2011051302,020,27.962833,-82.572683
TBM2011051303,020,27.954566,-82.546383
TBM2011051304,020,27.900266,-82.5366
TBM2011051308,020,27.95045,-82.723533
TBM2011051404,020,27.7369,-82.708816
TBM2011051405,020,27.742483,-82.7288
TBM2011051406,020,27.74385,-82.742482999999993
TBM2011054401,020,27.85015,-82.404416
TBM2011054402,020,27.847716,-82.41165
TBM2011054404,020,27.848,-82.399333
TBM2011054407,020,27.852216,-82.40045
TBM2011054601,020,27.933216,-82.41815
TBM2011054602,020,27.93595,-82.43325
TBM2011054603,020,27.9414,-82.431766
TBM2011054604,020,27.941993,-82.425554
TBM2011054605,020,27.946483,-82.427283
TBM2011054606,020,27.9454,-82.424666
TBM2011054607,020,27.940841,-82.413866
TBM2011054608,020,27.9401,-82.41405
TBM2011054609,020,27.938283,-82.4143
TBM2011054610,020,27.933183,-82.415766
TBM2011060103,020,27.607766,-82.562316
TBM2011060301,020,27.50815,-82.617916
TBM2011060302,020,27.51005,-82.6182
TBM2011060303,020,27.522833,-82.621583
TBM2011060304,020,27.514433,-82.688016
TBM2011060307,020,27.535516,-82.593333
TBM2011060502,020,27.905966,-82.638416
TBM2011060505,020,28.01585,-82.655166
TBM2011060506,020,28.006416,-82.629066
TBM2011060605,020,27.713983,-82.718833
TBM2011060606,020,27.74265,-82.729316
TBM2011060607,020,27.7428,-82.7294
TBM2011060701,020,27.8215,-82.394433
TBM2011060703,020,27.848433,-82.41035
TBM2011060704,020,27.86425,-82.429383
TBM2011060706,020,27.92665,-82.416066
TBM2011060803,020,27.53405,-82.733083
TBM2011061003,020,27.690766,-82.6781
TBM2011061004,020,27.662616,-82.679416
TBM2011061101,020,28.02755,-82.690066
TBM2011061103,020,27.962683,-82.68225
TBM2011061104,020,27.95845,-82.708133
TBM2011061106,020,27.916433,-82.68405
TBM2011061203,020,27.863916,-82.542183
TBM2011061301,020,27.7816,-82.617466
TBM2011061302,020,27.85515,-82.62125
TBM2011061303,020,27.840966,-82.622733
TBM2011061304,020,27.838,-82.603166
TBM2011061305,020,27.826366,-82.6069
TBM2011061401,020,27.89685,-82.4341
TBM2011061402,020,27.89045,-82.481766
TBM2011061403,020,27.842916,-82.468266
TBM2011061404,020,27.821183,-82.480683
TBM2011061405,020,27.825683,-82.502466
TBM2011064303,020,27.84835,-82.412283
TBM2011064304,020,27.847733,-82.408108
TBM2011064305,020,27.847566,-82.403433
TBM2011064307,020,27.855616,-82.404966
TBM2011064605,020,27.943066,-82.411893
TBM2011064606,020,27.93857,-82.413933
TBM2011064607,020,27.929702,-82.41677
TBM2011064608,020,27.927083,-82.42188
TBM2011064609,020,27.930387,-82.424916
TBM2011064610,020,27.935833,-82.432986
TBM2011064611,020,27.937835,-82.43335
TBM2011064612,020,27.93847,-82.4342
TBM2011064613,020,27.94707,-82.422916
TBM2011064614,020,27.942678,-82.423233
TBM2011070101,020,27.80505,-82.417483
TBM2011070102,020,27.777983,-82.4226
TBM2011070107,020,27.706533,-82.516866
TBM2011070108,020,27.71955,-82.489583
TBM2011070109,020,27.741866,-82.48065
TBM2011070301,020,27.876916,-82.5941
TBM2011070306,020,27.920383,-82.53485
TBM2011070501,020,27.672216,-82.5168
TBM2011070504,020,27.6965,-82.512733
TBM2011070506,020,27.705833,-82.51345
TBM2011070603,020,27.8358,-82.583016
TBM2011070605,020,27.799283,-82.598366
TBM2011070606,020,27.819333,-82.616966
TBM2011070607,020,27.831683,-82.583166
TBM2011070608,020,27.8484,-82.554633
TBM2011070801,020,27.974216,-82.59695
TBM2011070802,020,27.98825,-82.612683
TBM2011070803,020,27.99175,-82.61755
TBM2011070804,020,28.002666,-82.679033
TBM2011070806,020,28.0168,-82.68315
TBM2011070807,020,27.94595,-82.722083
TBM2011070905,020,27.700766,-82.706633
TBM2011070906,020,27.721866,-82.736816
TBM2011070907,020,27.737366,-82.699583
TBM2011071002,020,27.609033,-82.564616
TBM2011071003,020,27.6091,-82.565166
TBM2011071004,020,27.598733,-82.59495
TBM2011071102,020,27.872333,-82.403583
TBM2011071103,020,27.897216,-82.43505
TBM2011071105,020,27.873616,-82.483983
TBM2011071204,020,27.630083,-82.698466
TBM2011071205,020,27.65385,-82.681283
TBM2011071301,020,27.5117,-82.577866
TBM2011071302,020,27.502566,-82.593816
TBM2011074101,020,27.936733,-82.43315
TBM2011074102,020,27.935433,-82.432783
TBM2011074103,020,27.927683,-82.423116
TBM2011074104,020,27.925983,-82.421016
TBM2011074105,020,27.927066,-82.41545
TBM2011074106,020,27.937483,-82.414733
TBM2011074109,020,27.943083,-82.4125
TBM2011074110,020,27.942766,-82.419916
TBM2011074111,020,27.946433,-82.422833
TBM2011074112,020,27.943783,-82.430966
TBM2011074204,020,27.848066,-82.4091
TBM2011074205,020,27.845666,-82.418216
TBM2011074206,020,27.859283,-82.402933
TBM2011074207,020,27.846583,-82.398732999999993
TBM2011080101,020,27.8664,-82.4379
TBM2011080104,020,27.765466,-82.454116
TBM2011080105,020,27.7671,-82.434533
TBM2011080107,020,27.805016,-82.417366
TBM2011080108,020,27.8116,-82.407316
TBM2011080202,020,27.7258,-82.634616
TBM2011080205,020,27.699683,-82.657083
TBM2011080301,020,27.496416,-82.579666
TBM2011080306,020,27.577716,-82.564233
TBM2011080401,020,27.68805,-82.53245
TBM2011080404,020,27.665916,-82.544416
TBM2011080405,020,27.739883,-82.48835
TBM2011080406,020,27.72445,-82.476316
TBM2011080408,020,27.71135,-82.4679
TBM2011080409,020,27.698966,-82.510383
TBM2011080410,020,27.677,-82.508033
TBM2011080504,020,27.586183,-82.6039
TBM2011080601,020,27.88085,-82.53915
TBM2011080603,020,27.829133,-82.563583
TBM2011080604,020,27.8058,-82.614483
TBM2011080606,020,27.792033,-82.606066
TBM2011080703,020,28.001933,-82.65765
TBM2011080704,020,28.00835,-82.6549
TBM2011080803,020,27.94415,-82.4118
TBM2011081202,020,27.686283,-82.68905
TBM2011081203,020,27.64815,-82.673683
TBM2011081205,020,27.644583,-82.679616
TBM2011081207,020,27.650383,-82.678133
TBM2011081401,020,28.00295,-82.618966
TBM2011081402,020,28.017716,-82.6432
TBM2011081403,020,27.966483,-82.6503
TBM2011081404,020,27.918383,-82.687033
TBM2011081405,020,27.912683,-82.640516
TBM2011081406,020,27.878383,-82.604033
TBM2011084202,020,27.85915,-82.404233
TBM2011084206,020,27.84365,-82.41945
TBM2011084207,020,27.8484,-82.405133
TBM2011084208,020,27.841891,-82.400883
TBM2011084401,020,27.930166,-82.424302
TBM2011084402,020,27.9287,-82.42435
TBM2011084403,020,27.927466,-82.422666
TBM2011084404,020,27.9292,-82.416266
TBM2011084405,020,27.94375,-82.431183
TBM2011084406,020,27.945333,-82.430583
TBM2011084407,020,27.94695,-82.4245
TBM2011084408,020,27.947116,-82.423116
TBM2011084410,020,27.930533,-82.41455
TBM2011084411,020,27.927,-82.415716
TBM2011090101,020,27.6718,-82.515766
TBM2011090104,020,27.622083,-82.571183
TBM2011090303,020,27.690533,-82.72985
TBM2011090305,020,27.664516,-82.70755
TBM2011090402,020,27.718516,-82.6344
TBM2011090406,020,27.681133,-82.694
TBM2011090504,020,27.534233,-82.614516
TBM2011090603,020,27.90965,-82.643233
TBM2011090605,020,28.003633,-82.61105
TBM2011090606,020,28.0107,-82.655816
TBM2011090607,020,28.03065,-82.691416
TBM2011090608,020,27.998533,-82.680416
TBM2011090704,020,27.519766,-82.673716
TBM2011090801,020,27.711683,-82.51105
TBM2011090802,020,27.726433,-82.490883
TBM2011090803,020,27.775683,-82.435433
TBM2011090806,020,27.7481,-82.464866
TBM2011090902,020,27.93075,-82.448283
TBM2011090904,020,27.95155,-82.417083
TBM2011090905,020,27.936733,-82.433416
TBM2011091003,020,27.910683,-82.626366
TBM2011091004,020,27.923866,-82.530533
TBM2011091102,020,27.8585,-82.54585
TBM2011091103,020,27.846733,-82.545383
TBM2011091105,020,27.87785,-82.482533
TBM2011091107,020,27.8099,-82.620733
TBM2011091307,020,27.726916,-82.7287
TBM2011091309,020,27.73755,-82.692333
TBM2011091402,020,27.8751,-82.600933
TBM2011091403,020,27.827283,-82.58295
TBM2011091501,020,27.556833,-82.603883
TBM2011091503,020,27.565733,-82.56715
TBM2011091504,020,27.5436,-82.586266
TBM2011094103,020,27.942783,-82.4304
TBM2011094104,020,27.94035,-82.414533
TBM2011094106,020,27.94315,-82.411883
TBM2011094107,020,27.938566,-82.414316
TBM2011094109,020,27.935966,-82.413716
TBM2011094110,020,27.932516,-82.416833
TBM2011094111,020,27.932383,-82.4152
TBM2011094112,020,27.930666,-82.41355
TBM2011094113,020,27.928683,-82.417087
TBM2011094114,020,27.926033,-82.4195
TBM2011094504,020,27.928216,-82.474733
TBM2011100103,020,27.88545,-82.614316
TBM2011100105,020,27.938716,-82.557883
TBM2011100106,020,27.9761,-82.603933
TBM2011100107,020,27.971866,-82.569566
TBM2011100108,020,27.967933,-82.564816
TBM2011100202,020,27.767633,-82.4366
TBM2011100205,020,27.863633,-82.43495
TBM2011100207,020,27.896783,-82.434533
TBM2011100301,020,27.667616,-82.540533
TBM2011100302,020,27.696216,-82.517866
TBM2011100303,020,27.72235,-82.483616
TBM2011100304,020,27.7154,-82.4734
TBM2011100401,020,27.640433,-82.705816
TBM2011100402,020,27.6304,-82.699733
TBM2011100403,020,27.667766,-82.687266
TBM2011100501,020,27.5308,-82.597283
TBM2011100502,020,27.547433,-82.58335
TBM2011100503,020,27.548283,-82.58205
TBM2011100604,020,27.694,-82.706916
TBM2011100706,020,27.559416,-82.626866
TBM2011100802,020,27.757183,-82.628383
TBM2011100803,020,27.80415,-82.626683
TBM2011100806,020,27.869166,-82.589783
TBM2011100807,020,27.871333,-82.534983
TBM2011100901,020,27.745,-82.744933
TBM2011101003,020,27.985316,-82.69115
TBM2011101006,020,28.00025,-82.626483
TBM2011101101,020,27.83865,-82.538216
TBM2011101102,020,27.8249,-82.5177
TBM2011101103,020,27.825366,-82.496583
TBM2011101104,020,27.822233,-82.4359
TBM2011101105,020,27.822283,-82.431516
TBM2011101405,020,27.650666,-82.5508
TBM2011104101,020,27.929066,-82.413263
TBM2011104102,020,27.931233,-82.413533
TBM2011104103,020,27.929903,-82.416583
TBM2011104105,020,27.93645,-82.41625
TBM2011104106,020,27.940483,-82.413833
TBM2011104107,020,27.943,-82.42375
TBM2011104108,020,27.946466,-82.422866
TBM2011104109,020,27.947066,-82.424233
TBM2011104110,020,27.9417,-82.431233
TBM2011104114,020,27.939083,-82.41575
TBM2011104115,020,27.9318,-82.427916
TBM2011110102,020,27.6984,-82.5099
TBM2011110105,020,27.602966,-82.5612
TBM2011110106,020,27.6047,-82.565116
TBM2011110201,020,27.718033,-82.471666
TBM2011110202,020,27.75485,-82.473616
TBM2011110203,020,27.76495,-82.44545
TBM2011110204,020,27.816366,-82.397216
TBM2011110206,020,27.856683,-82.482833
TBM2011110207,020,27.8584,-82.484116
TBM2011110208,020,27.858066,-82.482883
TBM2011110306,020,27.878366,-82.590066
TBM2011110307,020,27.884133,-82.533766
TBM2011110401,020,27.679133,-82.647133
TBM2011110402,020,27.678966,-82.6474
TBM2011110403,020,27.65435,-82.6748
TBM2011110502,020,27.863533,-82.434
TBM2011110507,020,27.952416,-82.414683
TBM2011110601,020,27.705633,-82.6744
TBM2011110602,020,27.6745,-82.67715
TBM2011110703,020,27.872883,-82.531583
TBM2011110704,020,27.878183,-82.537066
TBM2011110706,020,27.828166,-82.552516
TBM2011110904,020,27.602316,-82.587016
TBM2011111001,020,27.970216,-82.617983
TBM2011111002,020,27.993083,-82.6223
TBM2011111003,020,28.00845,-82.654083
TBM2011111005,020,27.970816,-82.687133
TBM2011111007,020,27.92095,-82.68855
TBM2011111009,020,27.964666,-82.5666
TBM2011111101,020,27.542833,-82.6232
TBM2011111108,020,27.50975,-82.680083
TBM2011111110,020,27.508816,-82.614733
TBM2011111304,020,27.74435,-82.729383
TBM2011111305,020,27.748283,-82.741316
TBM2011114501,020,27.929,-82.423816
TBM2011114502,020,27.92755,-82.422483
TBM2011114503,020,27.940716,-82.4332
TBM2011114504,020,27.9418,-82.432683
TBM2011114505,020,27.946666,-82.42765
TBM2011114506,020,27.947316,-82.423966
TBM2011114507,020,27.94625,-82.42265
TBM2011114508,020,27.942733,-82.422133
TBM2011114509,020,27.941833,-82.418783
TBM2011114510,020,27.9431,-82.41245
TBM2011120101,020,27.999783,-82.679133
TBM2011120102,020,27.98295,-82.684716
TBM2011120103,020,27.955316,-82.718183
TBM2011120104,020,27.952016,-82.721833
TBM2011120105,020,27.8879,-82.541283
TBM2011120204,020,27.74115,-82.638133
TBM2011120401,020,27.521783,-82.705066
TBM2011120402,020,27.52755,-82.69425
TBM2011120405,020,27.5447,-82.605916
TBM2011120406,020,27.589566,-82.589683
TBM2011120407,020,27.591083,-82.583316
TBM2011120501,020,27.89525,-82.4873
TBM2011120502,020,27.9247,-82.482983
TBM2011120505,020,27.808966,-82.445266
TBM2011120506,020,27.810916,-82.41235
TBM2011120507,020,27.816733,-82.396433
TBM2011120508,020,27.884383,-82.426816
TBM2011120601,020,27.717,-82.705983
TBM2011120603,020,27.690316,-82.729866
TBM2011120604,020,27.6863,-82.715683
TBM2011120801,020,27.71785,-82.503816
TBM2011120806,020,27.820666,-82.4715
TBM2011120807,020,27.823266,-82.515083
TBM2011120901,020,27.652783,-82.712566
TBM2011120902,020,27.647816,-82.697833
TBM2011121001,020,27.9612,-82.572783
TBM2011121006,020,27.980833,-82.5625
TBM2011121101,020,27.817516,-82.616683
TBM2011121102,020,27.825583,-82.595733
TBM2011121103,020,27.865183,-82.591333
TBM2011121104,020,27.866683,-82.592066
TBM2011121105,020,27.861266,-82.621283
TBM2011121204,020,27.64445,-82.558833
TBM2011121205,020,27.664983,-82.541833
TBM2011124505,020,27.929833,-82.417316
TBM2011124506,020,27.930916,-82.413816
TBM2011124507,020,27.93325,-82.413766
TBM2011124508,020,27.935981,-82.413616
TBM2011124510,020,27.942912,-82.422066
TBM2011124511,020,27.944566,-82.423066
TBM2011124512,020,27.946766,-82.422866
TBM2011124513,020,27.947333,-82.423016
TBM2011124514,020,27.943116,-82.41215
TBM2011124515,020,27.936933,-82.433683
TBM2012010205,020,27.710016,-82.633383
TBM2012010301,020,27.51525,-82.592866
TBM2012010302,020,27.531583,-82.646633
TBM2012010304,020,27.572066,-82.616666
TBM2012010306,020,27.5514,-82.614966
TBM2012010307,020,27.527766,-82.608416
TBM2012010401,020,27.800383,-82.597233
TBM2012010403,020,27.873883,-82.60645
TBM2012010501,020,28.008033,-82.676316
TBM2012010502,020,27.999283,-82.657083
TBM2012010503,020,27.9785,-82.613866
TBM2012010605,020,27.604516,-82.561316
TBM2012010701,020,27.71845,-82.700733
TBM2012010702,020,27.695666,-82.717016
TBM2012010703,020,27.68675,-82.713816
TBM2012010706,020,27.67125,-82.7297
TBM2012010707,020,27.6996,-82.689033
TBM2012010801,020,27.8246,-82.565433
TBM2012010802,020,27.864133,-82.5468
TBM2012010804,020,27.821283,-82.51075
TBM2012010805,020,27.818416,-82.483116
TBM2012010903,020,27.691383,-82.52845
TBM2012011001,020,27.922916,-82.648833
TBM2012011002,020,27.913783,-82.69855
TBM2012011003,020,27.940916,-82.7211
TBM2012011007,020,27.88275,-82.5392
TBM2012011008,020,27.8849,-82.5321
TBM2012011201,020,27.7553,-82.473166
TBM2012011202,020,27.788333,-82.42335
TBM2012011204,020,27.811616,-82.407716
TBM2012011205,020,27.816683,-82.3979
TBM2012011206,020,27.873016,-82.403466
TBM2012011207,020,27.8815,-82.402016
TBM2012011208,020,27.897316,-82.43335
TBM2012014505,020,27.94255,-82.4173
TBM2012014506,020,27.942478,-82.430815
TBM2012014507,020,27.946,-82.428944
TBM2012014508,020,27.945816,-82.42965
TBM2012014509,020,27.946402,-82.426038
TBM2012014510,020,27.933566,-82.415783
TBM2012014511,020,27.930337,-82.415551
TBM2012014512,020,27.9275,-82.4155
TBM2012014513,020,27.942983,-82.411916
TBM2012014514,020,27.928433,-82.424033
TBM2012020202,020,27.685283,-82.683183
TBM2012020204,020,27.707983,-82.711433
TBM2012020301,020,27.726916,-82.624016
TBM2012020303,020,27.646166,-82.740033
TBM2012020306,020,27.721383,-82.736666
TBM2012020307,020,27.718383,-82.700566
TBM2012020401,020,27.911433,-82.4614
TBM2012020402,020,27.940550000000002,-82.4595
TBM2012020501,020,27.7921,-82.420716
TBM2012020503,020,27.83965,-82.4376
TBM2012020506,020,27.891966,-82.485
TBM2012020508,020,27.719766,-82.486033
TBM2012020509,020,27.748383,-82.464333
TBM2012020601,020,27.59555,-82.58725
TBM2012020602,020,27.57495,-82.616366
TBM2012020603,020,27.550916,-82.629166
TBM2012020606,020,27.510433,-82.676466
TBM2012020607,020,27.5096,-82.676416
TBM2012020608,020,27.495833,-82.578116
TBM2012020704,020,27.904066,-82.532566
TBM2012020801,020,27.88315,-82.531433
TBM2012020803,020,27.798,-82.631233
TBM2012020805,020,27.851383,-82.590383
TBM2012020806,020,27.870283,-82.591116
TBM2012021001,020,27.9941,-82.62565
TBM2012021002,020,28.023133,-82.686916
TBM2012021003,020,28.030916,-82.682983
TBM2012021004,020,27.954316,-82.720316
TBM2012021007,020,27.9677,-82.640133
TBM2012021008,020,27.974166,-82.591766
TBM2012021105,020,27.8327,-82.533683
TBM2012021205,020,27.678983,-82.5294
TBM2012024101,020,27.941927,-82.431449
TBM2012024102,020,27.945366,-82.4293
TBM2012024103,020,27.94565,-82.423233
TBM2012024107,020,27.94325,-82.411933
TBM2012024109,020,27.938587,-82.414098
TBM2012024110,020,27.936083,-82.413916
TBM2012024111,020,27.932916,-82.415267
TBM2012024112,020,27.931533,-82.413483
TBM2012024113,020,27.928466,-82.415733
TBM2012024114,020,27.938236,-82.433733
TBM2012024115,020,27.937383,-82.433687
TBM2012030104,020,27.908033,-82.652533
TBM2012030105,020,27.8885,-82.637333
TBM2012030106,020,27.89945,-82.6297
TBM2012030107,020,27.866166,-82.54245
TBM2012030108,020,27.88825,-82.5412
TBM2012030202,020,27.69,-82.535566
TBM2012030203,020,27.718766,-82.502983
TBM2012030302,020,27.718266,-82.701466
TBM2012030308,020,27.724516,-82.633416
TBM2012030310,020,27.75515,-82.62765
TBM2012030311,020,27.756333,-82.628566
TBM2012030402,020,27.645666,-82.740633
TBM2012030403,020,27.67285,-82.722316
TBM2012030404,020,27.66745,-82.696433
TBM2012030408,020,27.709916,-82.685133
TBM2012030601,020,27.550166,-82.57525
TBM2012030602,020,27.586966,-82.612316
TBM2012030604,020,27.603266,-82.549316
TBM2012030606,020,27.5199,-82.673133000000007
TBM2012030607,020,27.523666,-82.645633
TBM2012030608,020,27.51195,-82.581783
TBM2012030701,020,27.908116,-82.446516
TBM2012030705,020,27.8954,-82.487416
TBM2012030706,020,27.7423,-82.4861
TBM2012030707,020,27.731416,-82.473233
TBM2012030708,020,27.741433,-82.475683
TBM2012030803,020,27.791783,-82.420316
TBM2012030805,020,27.825816,-82.400683
TBM2012030807,020,27.881716,-82.403516
TBM2012030903,020,27.837516,-82.584183
TBM2012030906,020,27.855516,-82.616266
TBM2012031104,020,28.0255,-82.688766
TBM2012031106,020,28.014066,-82.66665
TBM2012031107,020,28.024083,-82.656633
TBM2012034101,020,27.927033,-82.422014
TBM2012034102,020,27.928183,-82.414866
TBM2012034103,020,27.930916,-82.417666
TBM2012034104,020,27.93965,-82.41385
TBM2012034105,020,27.942716,-82.41935
TBM2012034106,020,27.94155,-82.422966
TBM2012034107,020,27.946033,-82.4231
TBM2012034108,020,27.946766,-82.426483
TBM2012034109,020,27.943129,-82.431516
TBM2012034110,020,27.938783,-82.415484
TBM2012040101,020,27.76665,-82.63065
TBM2012040103,020,27.755483,-82.6279
TBM2012040104,020,27.802983,-82.603533
TBM2012040201,020,27.499916,-82.5765
TBM2012040203,020,27.523783,-82.611916
TBM2012040204,020,27.54735,-82.583033
TBM2012040205,020,27.5502,-82.575816
TBM2012040206,020,27.599683,-82.556833
TBM2012040209,020,27.535016,-82.656816
TBM2012040302,020,27.907866,-82.447566
TBM2012040303,020,27.904216,-82.4076
TBM2012040304,020,27.937133,-82.420016
TBM2012040402,020,27.920566,-82.534483
TBM2012040404,020,27.891583,-82.632766
TBM2012040405,020,27.90965,-82.627133
TBM2012040408,020,27.8679,-82.539383
TBM2012040409,020,27.8856,-82.5319
TBM2012040703,020,27.646683,-82.555916
TBM2012040802,020,27.662966,-82.68975
TBM2012040803,020,27.6785,-82.708216
TBM2012040806,020,27.661533,-82.726033
TBM2012040903,020,28.006716,-82.6762
TBM2012040905,020,28.0181,-82.66665
TBM2012040907,020,28.003616,-82.610983
TBM2012041002,020,27.8639,-82.435916
TBM2012041004,020,27.8194,-82.505333
TBM2012041005,020,27.833633,-82.528316
TBM2012041006,020,27.709916,-82.481183
TBM2012041007,020,27.71895,-82.49185
TBM2012041008,020,27.74275,-82.463483
TBM2012041009,020,27.750016,-82.47275
TBM2012041101,020,27.742533,-82.740783
TBM2012041103,020,27.6909,-82.678166
TBM2012041107,020,27.716616,-82.63145
TBM2012044501,020,27.931172,-82.4245
TBM2012044502,020,27.92915,-82.423683
TBM2012044503,020,27.927666,-82.423066
TBM2012044504,020,27.9382,-82.434
TBM2012044505,020,27.941333,-82.43275
TBM2012044506,020,27.94712,-82.425688
TBM2012044507,020,27.941559,-82.4194
TBM2012044508,020,27.940216,-82.414582
TBM2012044509,020,27.9408,-82.413614
TBM2012044510,020,27.927666,-82.414666
TBM2012050103,020,27.694983,-82.712433
TBM2012050104,020,27.671,-82.7333
TBM2012050105,020,27.691466,-82.734466
TBM2012050107,020,27.7151,-82.707416
TBM2012050301,020,27.9699,-82.574716
TBM2012050302,020,27.936833,-82.721866
TBM2012050303,020,27.911816,-82.673483
TBM2012050306,020,27.962216,-82.568283
TBM2012050402,020,27.666266,-82.545066
TBM2012050404,020,27.6248,-82.570666
TBM2012050501,020,27.819233,-82.61895
TBM2012050504,020,27.881666,-82.618116
TBM2012050507,020,27.876716,-82.5311
TBM2012050508,020,27.86395,-82.540816
TBM2012050702,020,27.528816,-82.608066
TBM2012050705,020,27.567966,-82.57015
TBM2012050707,020,27.552066,-82.5719
TBM2012050801,020,27.718583,-82.628666
TBM2012050804,020,27.694916,-82.6784
TBM2012050905,020,27.792633,-82.602266
TBM2012051001,020,27.9094,-82.4459
TBM2012051004,020,27.944566,-82.415366
TBM2012051005,020,27.951716,-82.414466
TBM2012051006,020,27.953083,-82.414816
TBM2012051107,020,27.500833,-82.708633
TBM2012051108,020,27.521866,-82.673316
TBM2012051205,020,27.805183,-82.417266
TBM2012051206,020,27.789333,-82.4221
TBM2012051207,020,27.7892,-82.413666
TBM2012051208,020,27.751033,-82.46335
TBM2012051209,020,27.749683,-82.466766
TBM2012051301,020,27.99665,-82.677533
TBM2012051303,020,27.993716,-82.635666
TBM2012051304,020,27.968516,-82.640416
TBM2012054101,020,27.9428,-82.43195
TBM2012054102,020,27.944733,-82.430383
TBM2012054103,020,27.9472,-82.424733
TBM2012054104,020,27.946469,-82.422916
TBM2012054105,020,27.942783,-82.42195
TBM2012054106,020,27.940033,-82.413916
TBM2012054107,020,27.92875,-82.414233
TBM2012054108,020,27.929166,-82.41315
TBM2012054109,020,27.926666,-82.41895
TBM2012054110,020,27.928466,-82.423966
TBM2012060101,020,27.968383,-82.641416
TBM2012060102,020,27.966283,-82.651633
TBM2012060103,020,27.97155,-82.683133
TBM2012060104,020,27.994483,-82.68335
TBM2012060105,020,27.998166,-82.68075
TBM2012060109,020,27.9527,-82.5477
TBM2012060204,020,27.66865,-82.69435
TBM2012060205,020,27.687216,-82.71415
TBM2012060302,020,27.917416,-82.6536
TBM2012060401,020,27.724083,-82.695716
TBM2012060402,020,27.717433,-82.7045
TBM2012060403,020,27.70995,-82.684966
TBM2012060504,020,27.698433,-82.514033
TBM2012060505,020,27.693216,-82.526033
TBM2012060601,020,27.531333,-82.596583
TBM2012060603,020,27.578266,-82.609066
TBM2012060605,020,27.526316,-82.719466
TBM2012060805,020,27.841683,-82.537933
TBM2012060807,020,27.7819,-82.622116
TBM2012060901,020,27.82235,-82.4392
TBM2012060902,020,27.741783,-82.485216
TBM2012060903,020,27.73775,-82.490066
TBM2012060904,020,27.74725,-82.462316
TBM2012060905,020,27.86725,-82.407233
TBM2012060906,020,27.89605,-82.412
TBM2012061001,020,27.832083,-82.563133
TBM2012061004,020,27.828083,-82.600733
TBM2012061005,020,27.808716,-82.600083
TBM2012061102,020,27.582683,-82.576366
TBM2012061105,020,27.559616,-82.593
TBM2012061301,020,27.715483,-82.6317
TBM2012064301,020,27.9294,-82.424516
TBM2012064302,020,27.943966,-82.431383
TBM2012064303,020,27.946816,-82.428033
TBM2012064304,020,27.946733,-82.4234
TBM2012064305,020,27.94735,-82.423033
TBM2012064306,020,27.9427,-82.421716
TBM2012064307,020,27.9426,-82.42215
TBM2012064308,020,27.936566,-82.41415
TBM2012064309,020,27.934066,-82.414333
TBM2012064314,020,27.93915,-82.4338
TBM2012064315,020,27.900133,-82.41625
TBM2012070102,020,27.83695,-82.393133
TBM2012070103,020,27.8282,-82.405283
TBM2012070104,020,27.814816,-82.3964
TBM2012070105,020,27.782966,-82.429283
TBM2012070106,020,27.876383,-82.482983
TBM2012070107,020,27.890716,-82.482483
TBM2012070206,020,27.630416,-82.699700000000007
TBM2012070305,020,27.703316,-82.64105
TBM2012070404,020,27.85355,-82.611616
TBM2012070601,020,27.779866,-82.62145
TBM2012070603,020,27.793833,-82.601883
TBM2012070605,020,27.828566,-82.590016
TBM2012070607,020,27.880933,-82.6126
TBM2012070705,020,27.533983,-82.7332
TBM2012070801,020,27.9389,-82.446266
TBM2012070802,020,27.940883,-82.4592
TBM2012070806,020,27.92685,-82.41525
TBM2012071004,020,27.69645,-82.714966
TBM2012071005,020,27.725083,-82.740366
TBM2012071006,020,27.740566,-82.72495
TBM2012071007,020,27.737166,-82.69485
TBM2012071101,020,27.96985,-82.629966
TBM2012071102,020,27.968333,-82.640883
TBM2012071104,020,27.917466,-82.6633
TBM2012071105,020,27.913266,-82.698083
TBM2012071106,020,28.009616,-82.677383
TBM2012071202,020,27.55495,-82.631316
TBM2012071203,020,27.57295,-82.595616
TBM2012071206,020,27.552866,-82.613483
TBM2012071301,020,27.94325,-82.54635
TBM2012071302,020,27.961366,-82.5645
TBM2012071402,020,27.577616,-82.562666
TBM2012071404,020,27.508166,-82.613533
TBM2012071406,020,27.514783,-82.692066
TBM2012074101,020,27.937283,-82.433704
TBM2012074102,020,27.931366,-82.426316
TBM2012074103,020,27.930583,-82.424916
TBM2012074104,020,27.925983,-82.42025
TBM2012074105,020,27.928433,-82.417683
TBM2012074106,020,27.929953,-82.417283
TBM2012074107,020,27.932916,-82.414432
TBM2012074108,020,27.935414,-82.41745
TBM2012074109,020,27.943933,-82.422983
TBM2012074110,020,27.946133,-82.428116
TBM2012080103,020,27.83935,-82.434333
TBM2012080104,020,27.833283,-82.441016
TBM2012080105,020,27.865633,-82.48765
TBM2012080106,020,27.865333,-82.4884
TBM2012080107,020,27.877866,-82.4826
TBM2012080201,020,27.743483,-82.484466
TBM2012080202,020,27.739033,-82.489083
TBM2012080206,020,27.6867,-82.530466
TBM2012080207,020,27.649933,-82.555633
TBM2012080208,020,27.660866,-82.551766
TBM2012080304,020,27.684583,-82.716266
TBM2012080305,020,27.699616,-82.6939
TBM2012080306,020,27.72475,-82.729483
TBM2012080403,020,27.914666,-82.67075
TBM2012080404,020,27.910783,-82.6579
TBM2012080502,020,27.7991,-82.606133
TBM2012080504,020,27.826333,-82.60685
TBM2012080506,020,27.865933,-82.54255
TBM2012080701,020,27.720516,-82.635716
TBM2012080704,020,27.7018,-82.664283
TBM2012080706,020,27.692833,-82.645466
TBM2012080804,020,27.6441,-82.6729
TBM2012080902,020,27.511566,-82.57375
TBM2012080904,020,27.533316,-82.608666
TBM2012081105,020,27.540116,-82.6367
TBM2012081106,020,27.5253,-82.641316
TBM2012081201,020,27.9131,-82.44575
TBM2012081202,020,27.874066,-82.4036
TBM2012081401,020,27.870583,-82.5392
TBM2012081402,020,27.88515,-82.538733
TBM2012081404,020,27.90745,-82.534733
TBM2012081405,020,27.9208,-82.5343
TBM2012081406,020,27.941333,-82.55065
TBM2012081407,020,27.917716,-82.68225
TBM2012084501,020,27.93179,-82.427825
TBM2012084502,020,27.938353,-82.433966
TBM2012084503,020,27.944816,-82.430666
TBM2012084504,020,27.946235,-82.423968
TBM2012084505,020,27.947383,-82.424919
TBM2012084506,020,27.945283,-82.422916
TBM2012084507,020,27.942983,-82.412929
TBM2012084508,020,27.932975,-82.415133
TBM2012084509,020,27.928049,-82.415066
TBM2012084510,020,27.93042,-82.424185
TBM2012090103,020,27.625483,-82.702516
TBM2012090203,020,27.705016,-82.510583
TBM2012090204,020,27.71325,-82.512516
TBM2012090206,020,27.604083,-82.54995
TBM2012090301,020,27.9039,-82.534983
TBM2012090302,020,27.923233,-82.531333
TBM2012090303,020,27.932716,-82.536033
TBM2012090305,020,27.907233,-82.634866
TBM2012090308,020,27.875533,-82.592916
TBM2012090309,020,27.8476,-82.547966
TBM2012090506,020,27.782066,-82.43005
TBM2012090507,020,27.793283,-82.418383
TBM2012090508,020,27.787866,-82.41165
TBM2012090602,020,27.85195,-82.398366
TBM2012090603,020,27.866483,-82.403483
TBM2012090702,020,27.827583,-82.583033
TBM2012090704,020,27.855383,-82.617733
TBM2012090706,020,27.811433,-82.5987
TBM2012090707,020,27.7799,-82.622116
TBM2012090802,020,27.6333,-82.712083
TBM2012090805,020,27.70675,-82.722433
TBM2012090806,020,27.723716,-82.72875
TBM2012090807,020,27.706866,-82.681683
TBM2012091003,020,27.55955,-82.592483
TBM2012091006,020,27.5632,-82.6239
TBM2012091008,020,27.525933,-82.719516
TBM2012091204,020,27.52525,-82.640716
TBM2012091205,020,27.499966,-82.58
TBM2012091206,020,27.507733,-82.612633
TBM2012091305,020,28.017116,-82.652266
TBM2012091306,020,27.970516,-82.616916
TBM2012091307,020,27.976166,-82.5889
TBM2012094105,020,27.938016,-82.434166
TBM2012094106,020,27.946183,-82.427416
TBM2012094107,020,27.946633,-82.424886
TBM2012094108,020,27.9471,-82.423083
TBM2012094109,020,27.93745,-82.415816
TBM2012094110,020,27.936967,-82.417266
TBM2012094111,020,27.951033,-82.417816
TBM2012094112,020,27.950766,-82.415183
TBM2012094113,020,27.929366,-82.415833
TBM2012094114,020,27.926783,-82.419225
TBM2012094115,020,27.931683,-82.426316
TBM2012094116,020,27.943,-82.411883
TBM2012100101,020,27.5027,-82.593083
TBM2012100102,020,27.522633,-82.6219
TBM2012100201,020,27.97765,-82.560616
TBM2012100305,020,27.705916,-82.682833
TBM2012100401,020,27.8767,-82.53605
TBM2012100501,020,27.6525,-82.738833
TBM2012100502,020,27.64675,-82.740266
TBM2012100503,020,27.6991,-82.720683
TBM2012100507,020,27.637033,-82.70005
TBM2012100605,020,27.60915,-82.57045
TBM2012100902,020,27.9257,-82.478
TBM2012100903,020,27.918083,-82.490383
TBM2012100905,020,27.813216,-82.401966
TBM2012101002,020,27.527816,-82.713116
TBM2012101003,020,27.52395,-82.700916
TBM2012101102,020,27.662183,-82.54615
TBM2012101103,020,27.682933,-82.526066
TBM2012101105,020,27.718683,-82.495233
TBM2012101106,020,27.70985,-82.4848
TBM2012101107,020,27.7164,-82.4567
TBM2012101108,020,27.749166,-82.459983
TBM2012101201,020,27.84775,-82.55455
TBM2012101202,020,27.82325,-82.588166
TBM2012101203,020,27.825616,-82.606416
TBM2012101204,020,27.867266,-82.487416
TBM2012101302,020,27.739866,-82.621383
TBM2012101303,020,27.697766,-82.645866
TBM2012101401,020,28.013516,-82.681883
TBM2012101403,020,27.93155,-82.713133
TBM2012101501,020,27.943116,-82.411866
TBM2012101603,020,27.909083,-82.537666
TBM2012101604,020,27.89435,-82.53925
TBM2012101606,020,27.966616,-82.558866
TBM2012101607,020,27.96415,-82.566816
TBM2012110107,020,27.51155,-82.677283
TBM2012110303,020,27.51875,-82.6046
TBM2012110304,020,27.55435,-82.57435
TBM2012110306,020,27.55255,-82.602066
TBM2012110403,020,27.870916,-82.591333
TBM2012110404,020,27.878383,-82.604533
TBM2012110406,020,27.897383,-82.644116
TBM2012110407,020,27.905816,-82.64645
TBM2012110409,020,27.9261,-82.532616
TBM2012110508,020,27.736,-82.710916
TBM2012110509,020,27.718416,-82.7006
TBM2012110510,020,27.701,-82.7232
TBM2012110601,020,27.976866,-82.5779
TBM2012110603,020,27.9647,-82.572066
TBM2012110604,020,27.952883,-82.5479
TBM2012110606,020,27.95445,-82.7197
TBM2012110701,020,27.775366000000002,-82.4356
TBM2012110703,020,27.824216,-82.431983
TBM2012110704,020,27.875016,-82.437083
TBM2012110705,020,27.909633,-82.425866
TBM2012110707,020,27.886633,-82.48035
TBM2012110710,020,27.722616,-82.478566
TBM2012110802,020,27.6697,-82.692333
TBM2012110903,020,27.814433,-82.40255
TBM2012110905,020,27.84195,-82.39495
TBM2012110906,020,27.844683,-82.395366
TBM2012111002,020,27.6553,-82.5483
TBM2012111003,020,27.59385,-82.5913
TBM2012111007,020,27.574633,-82.610666
TBM2012111101,020,27.858516,-82.552383
TBM2012111102,020,27.846766,-82.555933
TBM2012111103,020,27.842483,-82.549466
TBM2012111104,020,27.791816,-82.608033
TBM2012111304,020,27.64175,-82.689433
TBM2012120101,020,27.6607,-82.7303
TBM2012120102,020,27.654716,-82.733433
TBM2012120105,020,27.664383,-82.678033
TBM2012120202,020,27.700416,-82.658016
TBM2012120206,020,27.651666,-82.701816
TBM2012120301,020,27.867216,-82.42595
TBM2012120302,020,27.85265,-82.398916
TBM2012120303,020,27.847483,-82.397933
TBM2012120304,020,27.804383,-82.414883
TBM2012120307,020,27.893733,-82.41575
TBM2012120401,020,27.844916,-82.55405
TBM2012120402,020,27.8482,-82.554833
TBM2012120405,020,27.8272,-82.602366
TBM2012120406,020,27.836233,-82.599933
TBM2012120408,020,27.794433,-82.603116
TBM2012120409,020,27.805416,-82.6004
TBM2012120503,020,28.0167,-82.653983
TBM2012120506,020,27.976683,-82.695033
TBM2012120601,020,27.70985,-82.484166
TBM2012120604,020,27.61455,-82.5667
TBM2012120605,020,27.60285,-82.54775
TBM2012120607,020,27.676583,-82.530016
TBM2012120701,020,27.524366,-82.614816
TBM2012120703,020,27.514616,-82.709483
TBM2012120704,020,27.5134,-82.682266
TBM2012120706,020,27.533333,-82.65545
TBM2012120902,020,27.868516,-82.468116
TBM2012120906,020,27.87735,-82.4833
TBM2012120907,020,27.930833,-82.448283
TBM2012121005,020,27.89425,-82.540166
TBM2012121006,020,27.923333,-82.531533
TBM2012121007,020,27.9383,-82.532916
TBM2012121008,020,27.94125,-82.54825
TBM2012121009,020,27.953,-82.547866
TBM2013010103,020,27.662633,-82.691633
TBM2013010105,020,27.699916,-82.689666
TBM2013010106,020,27.6927,-82.70355
TBM2013010107,020,27.6712,-82.723266
TBM2013010203,020,28.009633,-82.65435
TBM2013010204,020,28.012783,-82.657066
TBM2013010206,020,28.019466,-82.6839
TBM2013010301,020,27.884533,-82.610933
TBM2013010302,020,27.9159,-82.683466
TBM2013010304,020,27.984483,-82.615266
TBM2013010305,020,27.940916,-82.551883
TBM2013010405,020,27.835433,-82.55665
TBM2013010407,020,27.855116,-82.4804
TBM2013010408,020,27.897683,-82.488266
TBM2013010409,020,27.91095,-82.490216
TBM2013010502,020,27.895883,-82.417366
TBM2013010503,020,27.84085,-82.406033
TBM2013010504,020,27.785283,-82.426383
TBM2013010601,020,27.5064,-82.608866
TBM2013010603,020,27.550266,-82.575666
TBM2013010604,020,27.560266,-82.58925
TBM2013010702,020,27.826016,-82.592983
TBM2013010703,020,27.812916,-82.591
TBM2013010705,020,27.788316,-82.620916
TBM2013010804,020,27.706416,-82.620983
TBM2013010805,020,27.6925,-82.6453
TBM2013010807,020,27.739933,-82.7241
TBM2013010901,020,27.626,-82.570583
TBM2013010903,020,27.5975,-82.5985
TBM2013010905,020,27.746083,-82.488033
TBM2013010906,020,27.746866,-82.464966
TBM2013010907,020,27.746466,-82.464066
TBM2013010908,020,27.674966,-82.513016
TBM2013010909,020,27.672966,-82.513433
TBM2013020101,020,27.857716,-82.4836
TBM2013020102,020,27.829083,-82.527183
TBM2013020103,020,27.832766,-82.53295
TBM2013020104,020,27.833633,-82.528466
TBM2013020108,020,27.771366,-82.429916
TBM2013020109,020,27.79205,-82.414616
TBM2013020303,020,27.717083,-82.503133
TBM2013020304,020,27.712033,-82.49335
TBM2013020305,020,27.742033,-82.485233
TBM2013020401,020,27.506316,-82.607916
TBM2013020402,020,27.5059,-82.6063
TBM2013020501,020,28.00335,-82.6116
TBM2013020505,020,27.9149,-82.535133
TBM2013020506,020,27.914766,-82.529933
TBM2013020507,020,27.937416,-82.532516
TBM2013020701,020,27.94065,-82.4594
TBM2013020704,020,27.816733,-82.395616
TBM2013020707,020,27.88465,-82.434383
TBM2013020803,020,27.938783,-82.719983
TBM2013020805,020,27.913716,-82.698783
TBM2013020806,020,27.921883,-82.696333
TBM2013020901,020,27.749183,-82.7442
TBM2013020903,020,27.685733,-82.7164
TBM2013020904,020,27.677716,-82.675916
TBM2013020905,020,27.703466,-82.666433
TBM2013020907,020,27.7032,-82.6373
TBM2013021001,020,27.8802,-82.533016
TBM2013021003,020,27.846433,-82.54365
TBM2013021104,020,27.6238,-82.70545
TBM2013021203,020,27.58575,-82.616633
TBM2013021205,020,27.6038,-82.551533
TBM2013021206,020,27.551933,-82.5983
TBM2013021207,020,27.5516,-82.59815
TBM2013021208,020,27.5405,-82.588683
TBM2013030101,020,27.505316,-82.6032
TBM2013030103,020,27.536466,-82.59285
TBM2013030105,020,27.575183,-82.6014
TBM2013030201,020,27.809016,-82.591533
TBM2013030202,020,27.8697,-82.590166
TBM2013030203,020,27.871566,-82.607316
TBM2013030301,020,27.966516,-82.64975
TBM2013030303,020,27.939533,-82.552083
TBM2013030304,020,27.939766,-82.540483
TBM2013030305,020,27.954016,-82.5503
TBM2013030307,020,27.969333,-82.576366
TBM2013030309,020,27.971783,-82.61355
TBM2013030401,020,27.69125,-82.528566
TBM2013030404,020,27.753083,-82.4676
TBM2013030405,020,27.752133,-82.4582
TBM2013030409,020,27.698583,-82.509833
TBM2013030504,020,27.914633,-82.620133
TBM2013030703,020,27.623616,-82.733616
TBM2013030801,020,27.686366,-82.675783
TBM2013030802,020,27.702266,-82.663016
TBM2013030803,020,27.6855,-82.6925
TBM2013030808,020,27.74195,-82.7287
TBM2013030902,020,27.940133,-82.414066
TBM2013030905,020,27.863716,-82.433483
TBM2013030907,020,27.894316,-82.485633000000007
TBM2013031101,020,27.836883,-82.538483
TBM2013031102,020,27.833333,-82.527616
TBM2013031103,020,27.805066,-82.444683
TBM2013031104,020,27.791766,-82.4045
TBM2013031105,020,27.814633,-82.397233
TBM2013031106,020,27.821033,-82.407716
TBM2013031107,020,27.864983,-82.54365
TBM2013031202,020,27.603116,-82.55395
TBM2013031203,020,27.596416,-82.578283
TBM2013040101,020,27.687116,-82.73045
TBM2013040103,020,27.681916,-82.7169
TBM2013040105,020,27.672466,-82.677116
TBM2013040106,020,27.647383,-82.7136
TBM2013040107,020,27.640066,-82.711816
TBM2013040401,020,27.701816,-82.525383
TBM2013040402,020,27.701833,-82.525483
TBM2013040403,020,27.773116,-82.432533
TBM2013040406,020,27.8126,-82.4002
TBM2013040407,020,27.6673,-82.543433
TBM2013040408,020,27.679433,-82.526883
TBM2013040505,020,28.0205,-82.641833
TBM2013040701,020,27.7962,-82.631833
TBM2013040702,020,27.793383,-82.601766
TBM2013040703,020,27.829516,-82.604216
TBM2013040704,020,27.826266,-82.588666
TBM2013040705,020,27.847566,-82.552616
TBM2013040901,020,27.509433,-82.6157
TBM2013040904,020,27.602933,-82.56105
TBM2013040905,020,27.540233,-82.60585
TBM2013040906,020,27.564183,-82.586833
TBM2013040907,020,27.5657,-82.566683
TBM2013041002,020,27.970983,-82.61125
TBM2013041004,020,27.89835,-82.53685
TBM2013041005,020,27.93595,-82.7148
TBM2013041007,020,28.02805,-82.66525
TBM2013041008,020,27.995866,-82.645916
TBM2013041009,020,27.967383,-82.642083
TBM2013041101,020,27.8303,-82.553733
TBM2013041104,020,27.824983,-82.501983
TBM2013041105,020,27.8467,-82.47085
TBM2013041201,020,27.897533,-82.434166
TBM2013041202,020,27.92265,-82.420333
TBM2013041207,020,27.903866,-82.4887
TBM2013050102,020,27.881533,-82.481533
TBM2013050103,020,27.821083,-82.47895
TBM2013050104,020,27.811283,-82.409716
TBM2013050206,020,27.7492,-82.626683
TBM2013050302,020,27.80575,-82.4449
TBM2013050303,020,27.808833,-82.444833
TBM2013050304,020,27.757466,-82.447966
TBM2013050401,020,27.83535,-82.537483
TBM2013050402,020,27.83365,-82.528816
TBM2013050405,020,27.850383,-82.608616
TBM2013050406,020,27.805,-82.59415
TBM2013050501,020,28.009883,-82.608066
TBM2013050503,020,27.968983,-82.635966
TBM2013050505,020,27.968433,-82.576033
TBM2013050507,020,27.8978,-82.531516
TBM2013050508,020,27.887933,-82.541383
TBM2013050602,020,27.692816,-82.6455
TBM2013050606,020,27.703466,-82.668433
TBM2013050607,020,27.703033,-82.664216
TBM2013050801,020,27.691,-82.521916
TBM2013050802,020,27.706833,-82.5075
TBM2013050803,020,27.709133,-82.502666
TBM2013050805,020,27.709833,-82.475966
TBM2013051001,020,27.636816,-82.694383
TBM2013051007,020,27.626583,-82.732766
TBM2013051008,020,27.632016,-82.733766
TBM2013051103,020,27.559516,-82.6281
TBM2013051201,020,27.537783,-82.63295
TBM2013051203,020,27.513283,-82.6873
TBM2013051204,020,27.50615,-82.69615
TBM2013051206,020,27.532366,-82.63335
TBM2013051207,020,27.504616,-82.599316
TBM2013051403,020,27.969616,-82.690616
TBM2013051406,020,28.016716,-82.645066
TBM2013060104,020,27.6443,-82.694466
TBM2013060105,020,27.64475,-82.679216
TBM2013060106,020,27.683233,-82.649933
TBM2013060107,020,27.668733,-82.693483
TBM2013060301,020,27.929666,-82.424316
TBM2013060302,020,27.938333,-82.418433
TBM2013060306,020,27.85625,-82.403966
TBM2013060403,020,27.790533,-82.61985
TBM2013060405,020,27.8573,-82.548033
TBM2013060406,020,27.856716,-82.5525
TBM2013060601,020,27.938783,-82.554966
TBM2013060603,020,27.910816,-82.626233
TBM2013060607,020,27.985933,-82.615933
TBM2013060608,020,27.983216,-82.607966
TBM2013060702,020,27.721666,-82.635933
TBM2013060704,020,27.74935,-82.625033
TBM2013060802,020,28.012733,-82.666416
TBM2013060804,020,27.99175,-82.621766
TBM2013060806,020,27.917483,-82.683316
TBM2013060901,020,27.718416,-82.700666
TBM2013060906,020,27.666033,-82.741533
TBM2013061101,020,27.742016,-82.4812
TBM2013061102,020,27.754566,-82.48725
TBM2013061103,020,27.839966,-82.436533
TBM2013061104,020,27.92905,-82.474433
TBM2013061106,020,27.8284,-82.39515
TBM2013061110,020,27.7224,-82.4788
TBM2013061202,020,27.690233,-82.522066
TBM2013061203,020,27.692083,-82.52675
TBM2013061205,020,27.662166,-82.543566
TBM2013061301,020,27.510333,-82.617866
TBM2013061302,020,27.51815,-82.632183
TBM2013061303,020,27.52135,-82.642133
TBM2013061305,020,27.537566,-82.650383
TBM2013070101,020,27.524583,-82.6156
TBM2013070102,020,27.503016,-82.71045
TBM2013070104,020,27.520316,-82.671166
TBM2013070109,020,27.554266,-82.574516
TBM2013070301,020,27.840933,-82.621166
TBM2013070302,020,27.826283,-82.6067
TBM2013070303,020,27.8218,-82.485066
TBM2013070306,020,27.82945,-82.581383
TBM2013070307,020,27.79225,-82.602766
TBM2013070401,020,27.717283,-82.705116
TBM2013070402,020,27.722933,-82.73395
TBM2013070403,020,27.696,-82.713883
TBM2013070501,020,27.664683,-82.69505
TBM2013070506,020,27.70065,-82.6801
TBM2013070601,020,27.878533,-82.406066
TBM2013070603,020,27.756183,-82.45
TBM2013070703,020,27.833016,-82.56215
TBM2013070705,020,27.876716,-82.531416
TBM2013070802,020,27.816633,-82.398116
TBM2013070803,020,27.786916,-82.424483
TBM2013070804,020,27.7484,-82.470216
TBM2013070805,020,27.711933,-82.462116
TBM2013070808,020,27.938966,-82.446183
TBM2013070809,020,27.927516,-82.4166
TBM2013071003,020,27.683833,-82.533333
TBM2013071204,020,27.902166,-82.648633
TBM2013071301,020,27.9753,-82.599383
TBM2013071304,020,27.958183,-82.705566
TBM2013071306,020,28.008466,-82.66405
TBM2013071307,020,28.0024,-82.676416
TBM2013071308,020,27.998516,-82.680616
TBM2013071309,020,27.961933,-82.68785
TBM2013071403,020,27.526866,-82.725366
TBM2013071405,020,27.551883,-82.617616
TBM2013080101,020,27.680416,-82.505766
TBM2013080105,020,27.7119,-82.5045
TBM2013080109,020,27.687333,-82.534066
TBM2013080203,020,27.934683,-82.716216
TBM2013080206,020,27.9566,-82.7124
TBM2013080302,020,27.8396,-82.62115
TBM2013080303,020,27.798216,-82.59825
TBM2013080305,020,27.8359,-82.5408
TBM2013080307,020,27.871366,-82.53895
TBM2013080308,020,27.880816,-82.539216
TBM2013080402,020,27.564083,-82.568266
TBM2013080403,020,27.576816,-82.558383
TBM2013080502,020,27.51265,-82.709683
TBM2013080505,020,27.534933,-82.65265
TBM2013080507,020,27.589666,-82.624466
TBM2013080603,020,27.83765,-82.38735
TBM2013080604,020,27.836366,-82.396116
TBM2013080607,020,27.950683,-82.417316
TBM2013080702,020,27.644733,-82.67935
TBM2013080705,020,27.66845,-82.692
TBM2013080707,020,27.671166,-82.729966
TBM2013080806,020,27.825083,-82.496916
TBM2013080807,020,27.836216,-82.44115
TBM2013080808,020,27.822833,-82.388233
TBM2013080809,020,27.81285,-82.409916
TBM2013080810,020,27.767,-82.43655
TBM2013081001,020,27.7385,-82.69725
TBM2013081102,020,27.687233,-82.676166
TBM2013081201,020,27.938316,-82.536383
TBM2013081202,020,27.94015,-82.545083
TBM2013081204,020,27.882683,-82.616783
TBM2013081205,020,27.899966,-82.625233
TBM2013081208,020,28.031016,-82.670216
TBM2013081209,020,27.982366,-82.603766
TBM2013090103,020,27.5858,-82.61775
TBM2013090104,020,27.613383,-82.567566
TBM2013090105,020,27.677633,-82.53955
TBM2013090202,020,27.696116,-82.715066
TBM2013090203,020,27.7089,-82.6979
TBM2013090204,020,27.711483,-82.7043
TBM2013090205,020,27.736783,-82.701966
TBM2013090303,020,27.5311,-82.727466
TBM2013090402,020,27.796433,-82.417266
TBM2013090403,020,27.791733,-82.4057
TBM2013090406,020,27.7194,-82.50115
TBM2013090408,020,27.7305,-82.473116
TBM2013090602,020,27.878783,-82.532783
TBM2013090603,020,27.828183,-82.581433
TBM2013090605,020,27.792483,-82.6074
TBM2013090607,020,27.7413,-82.625133
TBM2013090702,020,27.5497,-82.622833
TBM2013090706,020,27.5893,-82.6268
TBM2013090707,020,27.551116,-82.634333
TBM2013090903,020,27.93735,-82.5326
TBM2013090905,020,27.998766,-82.631766
TBM2013090906,020,28.009216,-82.621833
TBM2013090907,020,27.9799,-82.6045
TBM2013090908,020,27.976833,-82.577866
TBM2013091004,020,27.651083,-82.6837
TBM2013091201,020,28.030483,-82.6828
TBM2013091206,020,27.957983,-82.709283
TBM2013091303,020,27.84895,-82.591133
TBM2013091305,020,27.843566,-82.610716
TBM2013091403,020,27.863883,-82.402433
TBM2013091404,020,27.889083,-82.407166
TBM2013091405,020,27.946466,-82.390883
TBM2013091407,020,27.9506,-82.41715
TBM2013091408,020,27.950866,-82.41505
TBM2013100103,020,27.592983,-82.600666
TBM2013100105,020,27.6502,-82.5509
TBM2013100302,020,27.564983,-82.612816
TBM2013100404,020,27.933866,-82.711066
TBM2013100405,020,27.927233,-82.705933
TBM2013100406,020,27.913166,-82.667333
TBM2013100407,020,27.8858,-82.6229
TBM2013100408,020,27.885483,-82.61185
TBM2013100409,020,27.8732,-82.5372
TBM2013100502,020,27.8457,-82.395083
TBM2013100503,020,27.814683,-82.39545
TBM2013100505,020,27.86665,-82.488533
TBM2013100701,020,27.717866,-82.70345
TBM2013100702,020,27.7167,-82.708433
TBM2013100703,020,27.737116,-82.705033
TBM2013100801,020,27.747116,-82.4755
TBM2013100802,020,27.750966,-82.463383
TBM2013100803,020,27.759283,-82.451383
TBM2013100804,020,27.761783,-82.446816
TBM2013100805,020,27.823483,-82.440533
TBM2013100809,020,27.723766,-82.49435
TBM2013100901,020,27.70355,-82.63795
TBM2013100903,020,27.697183,-82.679883
TBM2013100907,020,27.661083,-82.672883
TBM2013101001,020,27.5404,-82.58905
TBM2013101002,020,27.575416,-82.566583
TBM2013101003,020,27.5165,-82.605
TBM2013101006,020,27.519433,-82.637833
TBM2013101101,020,27.842183,-82.606633
TBM2013101102,020,27.838766,-82.603216
TBM2013101104,020,27.812533,-82.597883
TBM2013101108,020,27.7555,-82.627666
TBM2013101204,020,27.988516,-82.686333
TBM2013101205,020,28.031216,-82.670683
TBM2013110101,020,27.720733,-82.7212
TBM2013110102,020,27.6968,-82.679766
TBM2013110105,020,27.709983,-82.634733
TBM2013110304,020,27.5246,-82.614383
TBM2013110305,020,27.530866,-82.597266
TBM2013110501,020,27.897133,-82.487016
TBM2013110502,020,27.867316,-82.487983
TBM2013110504,020,27.822383,-82.433883
TBM2013110505,020,27.843116,-82.394266
TBM2013110506,020,27.867633,-82.42395
TBM2013110509,020,27.937583,-82.446583
TBM2013110601,020,27.93915,-82.556783
TBM2013110602,020,27.90525,-82.53865
TBM2013110605,020,27.922133,-82.68835
TBM2013110606,020,27.957283,-82.706266
TBM2013110608,020,27.978566,-82.6102
TBM2013110609,020,27.980016,-82.61005
TBM2013110704,020,27.9155,-82.678833
TBM2013110802,020,27.665683,-82.547333
TBM2013110804,020,27.606683,-82.566633
TBM2013110805,020,27.610283,-82.574233
TBM2013110806,020,27.652066,-82.556066
TBM2013110902,020,27.615766,-82.72665
TBM2013110903,020,27.641466,-82.696733
TBM2013110906,020,27.649683,-82.73735
TBM2013111109,020,27.7407,-82.737883
TBM2013111201,020,27.80055,-82.6053
TBM2013111202,020,27.79715,-82.599083
TBM2013111206,020,27.825066,-82.6051
TBM2013111207,020,27.8306,-82.607666
TBM2013111208,020,27.819116,-82.6167
TBM2013111301,020,27.867033,-82.486433
TBM2013111303,020,27.839483,-82.439283
TBM2013111305,020,27.787866,-82.423533
TBM2013120102,020,27.6491,-82.554766
TBM2013120103,020,27.6457,-82.554283
TBM2013120201,020,27.822533,-82.488316
TBM2013120202,020,27.8359,-82.540866
TBM2013120205,020,27.83015,-82.580966
TBM2013120206,020,27.827,-82.607283
TBM2013120302,020,27.9047,-82.637883
TBM2013120306,020,27.959366,-82.70645
TBM2013120401,020,27.524883,-82.642816
TBM2013120402,020,27.531533,-82.6458
TBM2013120403,020,27.531683,-82.728683
TBM2013120405,020,27.501,-82.7045
TBM2013120408,020,27.573333,-82.591083
TBM2013120501,020,27.719716,-82.631716
TBM2013120502,020,27.702783,-82.622516
TBM2013120503,020,27.658133,-82.6707
TBM2013120506,020,27.632633,-82.72425
TBM2013120507,020,27.6491,-82.691816
TBM2013120509,020,27.742166,-82.729433
TBM2013120704,020,27.726183,-82.47845
TBM2013120705,020,27.735516,-82.473766
TBM2013120901,020,27.8436,-82.403416000000007
TBM2013120902,020,27.816583,-82.395033
TBM2013120906,020,27.87565,-82.43695
TBM2013120907,020,27.8671,-82.424383
TBM2013120908,020,27.947083,-82.3897
TBM2013120909,020,27.9395,-82.44615
TBM2013121001,020,27.91785,-82.649866
TBM2013121003,020,27.930816,-82.7095
TBM2013121004,020,27.93215,-82.714266
TBM2013121005,020,27.968766,-82.63705
TBM2013121008,020,27.904283,-82.531516
TBM2013121102,020,27.796283,-82.59935
TBM2013121105,020,27.673466,-82.71515
TBM2014010201,020,27.6769,-82.515083
TBM2014010204,020,27.677633,-82.518983
TBM2014010302,020,27.544183,-82.607666
TBM2014010303,020,27.542166,-82.611916
TBM2014010305,020,27.5674,-82.5653
TBM2014010306,020,27.56885,-82.57345
TBM2014010308,020,27.503416,-82.589883
TBM2014010403,020,27.635216,-82.70375
TBM2014010404,020,27.65195,-82.715916000000007
TBM2014010405,020,27.653683,-82.742233
TBM2014010501,020,27.8065,-82.6088
TBM2014010502,020,27.80265,-82.61755
TBM2014010505,020,27.838766,-82.604616
TBM2014010507,020,27.842766,-82.54485
TBM2014010601,020,27.913133,-82.44535
TBM2014010603,020,27.86735,-82.424083
TBM2014010607,020,27.8054,-82.444016
TBM2014010701,020,28.00575,-82.639316
TBM2014010702,020,27.989983,-82.684883
TBM2014010703,020,27.9537,-82.69665
TBM2014010705,020,27.922016,-82.6731
TBM2014010706,020,27.899166,-82.62835
TBM2014010708,020,27.861033,-82.620933
TBM2014010802,020,27.92975,-82.475366
TBM2014010803,020,27.881033,-82.481416
TBM2014010804,020,27.87595,-82.485183
TBM2014010805,020,27.865333,-82.48835
TBM2014010806,020,27.720666,-82.495216
TBM2014010808,020,27.754116,-82.46935
TBM2014010902,020,27.92825,-82.531083
TBM2014010903,020,27.8974,-82.532283
TBM2014011102,020,27.743516,-82.729483
TBM2014011104,020,27.690683,-82.677766
TBM2014011108,020,27.7563,-82.628333
TBM2014020103,020,27.67285,-82.685433
TBM2014020201,020,27.534933,-82.594466
TBM2014020202,020,27.537066,-82.652233
TBM2014020206,020,27.514,-82.709383
TBM2014020208,020,27.517516,-82.68315
TBM2014020301,020,27.998233,-82.680466
TBM2014020302,020,28.006483,-82.64385
TBM2014020303,020,28.0093,-82.62465
TBM2014020306,020,27.924,-82.7001
TBM2014020308,020,27.967616,-82.6903
TBM2014020401,020,27.826616,-82.604966
TBM2014020402,020,27.826,-82.597233
TBM2014020403,020,27.790383,-82.620933
TBM2014020501,020,27.885866,-82.480633
TBM2014020502,020,27.874583,-82.48525
TBM2014020507,020,27.911633,-82.446183
TBM2014020701,020,27.86335,-82.430466
TBM2014020702,020,27.867916,-82.438016
TBM2014020706,020,27.9407,-82.413833
TBM2014020707,020,27.929366,-82.414683
TBM2014020709,020,27.82515,-82.3958
TBM2014020805,020,27.5888,-82.604866
TBM2014020806,020,27.66995,-82.5384
TBM2014020807,020,27.6779,-82.539416
TBM2014020901,020,27.737016,-82.694216
TBM2014020902,020,27.718433,-82.70085
TBM2014020903,020,27.70925,-82.70575
TBM2014020906,020,27.618083,-82.721816
TBM2014020907,020,27.689866,-82.64475
TBM2014021004,020,27.709933,-82.4825
TBM2014021102,020,27.832333,-82.562933
TBM2014021103,020,27.862766,-82.591583
TBM2014021106,020,27.938516,-82.558183
TBM2014021107,020,27.937433,-82.533316
TBM2014030101,020,27.96175,-82.548816
TBM2014030201,020,27.561616,-82.570516
TBM2014030203,020,27.58575,-82.61645
TBM2014030204,020,27.5377,-82.650383
TBM2014030205,020,27.503683,-82.599216
TBM2014030206,020,27.499766,-82.576066
TBM2014030301,020,27.66435,-82.68165
TBM2014030302,020,27.650733,-82.6749
TBM2014030503,020,27.61705,-82.723933
TBM2014030504,020,27.645733,-82.74
TBM2014030505,020,27.657983,-82.722716
TBM2014030601,020,27.940016,-82.433333
TBM2014030602,020,27.842916,-82.4198
TBM2014030604,020,27.837533,-82.44035
TBM2014030605,020,27.8148,-82.403233
TBM2014030804,020,27.827066,-82.511083
TBM2014030805,020,27.8425,-82.616916
TBM2014030901,020,27.786166,-82.62215
TBM2014030902,020,27.802233,-82.603616
TBM2014030903,020,27.80335,-82.6034
TBM2014030904,020,27.835266,-82.583183
TBM2014030908,020,27.75585,-82.629033
TBM2014031003,020,27.622983,-82.5717
TBM2014031005,020,27.65065,-82.550816
TBM2014031102,020,27.855333,-82.478766
TBM2014031103,020,27.8535,-82.47825
TBM2014031107,020,27.775833,-82.43525
TBM2014031108,020,27.806733,-82.4435
TBM2014031203,020,27.970333,-82.610366
TBM2014031205,020,27.9263,-82.532633
TBM2014031302,020,27.922366,-82.647716
TBM2014031304,020,27.92395,-82.700233
TBM2014031306,020,28.028733,-82.690483
TBM2014031307,020,28.008733,-82.619833
TBM2014040101,020,27.860983,-82.623083
TBM2014040103,020,27.891283,-82.62715
TBM2014040104,020,27.89175,-82.6279
TBM2014040105,020,27.90995,-82.6275
TBM2014040107,020,27.93605,-82.5626
TBM2014040109,020,27.88845,-82.541183
TBM2014040110,020,27.881566,-82.5374
TBM2014040201,020,27.5114,-82.573716
TBM2014040203,020,27.509733,-82.6162
TBM2014040205,020,27.517233,-82.688266
TBM2014040206,020,27.518916,-82.675833
TBM2014040208,020,27.562466,-82.622016
TBM2014040403,020,27.594433,-82.581966
TBM2014040406,020,27.554183,-82.574516
TBM2014040501,020,27.734733,-82.639116
TBM2014040504,020,27.6782,-82.667516
TBM2014040505,020,27.699216,-82.721233
TBM2014040506,020,27.709183,-82.731166
TBM2014040507,020,27.73675,-82.703416
TBM2014040701,020,27.650666,-82.6748
TBM2014040802,020,27.913816,-82.4626
TBM2014040803,020,27.91095,-82.490066
TBM2014040804,020,27.869233,-82.4667
TBM2014040807,020,27.856533,-82.3887
TBM2014040808,020,27.898833,-82.433966
TBM2014040809,020,27.946166,-82.391583
TBM2014040810,020,27.927166,-82.41525
TBM2014040904,020,27.963083,-82.686683
TBM2014040907,020,27.925916,-82.701566
TBM2014041002,020,27.811016,-82.4103
TBM2014041003,020,27.742283,-82.48535
TBM2014041104,020,27.845616,-82.547833
TBM2014041201,020,27.784616,-82.622633
TBM2014041203,020,27.7549,-82.627716
TBM2014050102,020,27.663633,-82.730616
TBM2014050103,020,27.7214,-82.736683
TBM2014050105,020,27.668766,-82.691216
TBM2014050107,020,27.660866,-82.700033
TBM2014050204,020,27.5548,-82.631833
TBM2014050306,020,27.7365,-82.693866
TBM2014050501,020,27.6763,-82.5192
TBM2014050502,020,27.671733,-82.541866
TBM2014050503,020,27.656133,-82.54775
TBM2014050506,020,27.698633,-82.509816
TBM2014050508,020,27.712483,-82.509316
TBM2014050601,020,27.702583,-82.639316
TBM2014050602,020,27.712966,-82.618733
TBM2014050703,020,27.6038,-82.5616
TBM2014050805,020,27.834216,-82.589316
TBM2014050901,020,27.8787,-82.53195
TBM2014050902,020,27.85965,-82.621166
TBM2014050903,020,27.881816,-82.618583
TBM2014050904,020,27.884783,-82.613716
TBM2014050905,020,27.888633,-82.627633
TBM2014050908,020,27.92695,-82.53375
TBM2014051001,020,27.507183,-82.6115
TBM2014051101,020,27.8148,-82.39525
TBM2014051103,020,27.820616,-82.4053
TBM2014051104,020,27.882383,-82.41085
TBM2014051105,020,27.891866,-82.411083
TBM2014051203,020,27.82115,-82.477383
TBM2014051204,020,27.843783,-82.469333
TBM2014051205,020,27.880966,-82.481633
TBM2014051206,020,27.898866,-82.488433
TBM2014051302,020,27.9704,-82.6175
TBM2014051304,020,27.956783,-82.716966
TBM2014051307,020,28.0025,-82.657
TBM2014051308,020,28.010633,-82.657016
TBM2014060106,020,27.5244,-82.724383
TBM2014060201,020,27.960366,-82.548233
TBM2014060203,020,27.96255,-82.6833
TBM2014060204,020,27.957483,-82.713383
TBM2014060205,020,27.929716,-82.7117
TBM2014060306,020,27.540433,-82.633933
TBM2014060307,020,27.502716,-82.589916
TBM2014060401,020,27.899,-82.488483
TBM2014060404,020,27.871916,-82.404083
TBM2014060601,020,27.6826,-82.5169
TBM2014060602,020,27.677283,-82.51785
TBM2014060603,020,27.7144,-82.490966
TBM2014060604,020,27.667266,-82.545583
TBM2014060606,020,27.606883,-82.575233
TBM2014060701,020,27.843983,-82.5883
TBM2014060702,020,27.848166,-82.5924
TBM2014060703,020,27.851666,-82.548283
TBM2014060704,020,27.848266,-82.54525
TBM2014060901,020,27.854933,-82.4037
TBM2014060902,020,27.86415,-82.429333
TBM2014060905,020,27.791883,-82.41975
TBM2014060907,020,27.790083,-82.407016
TBM2014060908,020,27.819216,-82.39585
TBM2014060909,020,27.838033,-82.393833
TBM2014061001,020,27.74095,-82.638366
TBM2014061101,020,27.848683,-82.623783
TBM2014061203,020,27.71035,-82.727066
TBM2014061204,020,27.724783,-82.729566
TBM2014061206,020,27.658516,-82.700866
TBM2014061301,020,27.972183,-82.613516
TBM2014061302,020,27.973183,-82.567283
TBM2014061304,020,28.02825,-82.665316
TBM2014061402,020,27.6997,-82.69345
TBM2014061405,020,27.651166,-82.69215
TBM2014070202,020,27.946833,-82.41215
TBM2014070203,020,27.864333,-82.4291
TBM2014070205,020,27.8152,-82.402183
TBM2014070207,020,27.798066,-82.41515
TBM2014070301,020,27.5005,-82.587833
TBM2014070303,020,27.53,-82.599
TBM2014070304,020,27.576933,-82.56095
TBM2014070501,020,27.651766,-82.71585
TBM2014070504,020,27.673616,-82.73455
TBM2014070505,020,27.712383,-82.72245
TBM2014070506,020,27.7103,-82.727066
TBM2014070601,020,27.5508,-82.613483
TBM2014070702,020,27.8511,-82.609016
TBM2014070703,020,27.79035,-82.620933
TBM2014070704,020,27.845683,-82.546433
TBM2014070707,020,27.857466,-82.552166
TBM2014070802,020,27.703616,-82.68465
TBM2014070806,020,27.697566,-82.646033
TBM2014070807,020,27.741266,-82.625066
TBM2014070902,020,27.670033,-82.515733
TBM2014070906,020,27.710316,-82.4785
TBM2014070907,020,27.689033,-82.523483
TBM2014071003,020,27.785233,-82.4267
TBM2014071004,020,27.83195,-82.431366
TBM2014071006,020,27.867983,-82.437716
TBM2014071008,020,27.866333,-82.486733
TBM2014071101,020,27.996366,-82.6549
TBM2014071102,020,27.997933,-82.67635
TBM2014071103,020,28.00335,-82.67735
TBM2014071105,020,27.924366,-82.533116
TBM2014071106,020,27.942083,-82.54475
TBM2014071204,020,27.889733,-82.637433
TBM2014071206,020,28.00915,-82.676533
TBM2014071402,023,27.68285,-82.524916
TBM2014071403,023,27.68,-82.52465
TBM2014071405,023,27.67685,-82.528033
TBM2014071408,023,27.602866,-82.547783
TBM2014071410,023,27.571666,-82.611633
TBM2014071411,023,27.553933,-82.59965
TBM2014071414,023,27.512483,-82.682116
TBM2014071415,023,27.508583,-82.617683
TBM2014071417,023,27.506166,-82.608933
TBM2014071419,023,27.503133,-82.59855
TBM2014071502,020,27.607166,-82.549033
TBM2014080104,020,27.95775,-82.7118
TBM2014080105,020,27.957716,-82.71355
TBM2014080405,020,27.607516,-82.5734
TBM2014080502,023,27.67635,-82.503916
TBM2014080504,023,27.617416,-82.563516
TBM2014080505,023,27.582883,-82.61335
TBM2014080508,023,27.569616,-82.605766
TBM2014080509,023,27.560216,-82.606366
TBM2014080511,023,27.55155,-82.615266
TBM2014080513,023,27.541816,-82.613666
TBM2014080516,023,27.53285,-82.641216
TBM2014080518,023,27.524633,-82.615266
TBM2014080519,023,27.526916,-82.607233
TBM2014080602,020,27.71525,-82.631783
TBM2014080603,020,27.756766,-82.62845
TBM2014080604,020,27.71455,-82.61805
TBM2014080701,020,27.9874,-82.608316
TBM2014080702,020,27.994716,-82.635683
TBM2014080703,020,28.001133,-82.665933
TBM2014080704,020,28.0309,-82.68305
TBM2014080705,020,28.0072,-82.6765
TBM2014080801,020,27.7466,-82.461433
TBM2014080802,020,27.748366,-82.4689
TBM2014080804,020,27.712883,-82.458416
TBM2014080805,020,27.709733,-82.476166
TBM2014080808,020,27.925166,-82.4821
TBM2014080809,020,27.891833,-82.483466
TBM2014080902,020,27.841,-82.62075
TBM2014080904,020,27.87935,-82.533066
TBM2014080906,020,27.8318,-82.563466
TBM2014081101,020,27.736766,-82.70865
TBM2014081103,020,27.748616,-82.73745
TBM2014081201,020,27.69875,-82.677366
TBM2014081202,020,27.6799,-82.663566
TBM2014081206,020,27.656466000000002,-82.720433
TBM2014081303,020,27.832266,-82.431283
TBM2014081305,020,27.817316,-82.4856
TBM2014081307,020,27.8208,-82.475566
TBM2014081402,020,27.57605,-82.594866
TBM2014081403,020,27.569866,-82.573816
TBM2014081404,020,27.548516,-82.573616
TBM2014081405,020,27.548833,-82.579116
TBM2014081406,020,27.525433,-82.640983
TBM2014081408,020,27.499733,-82.575433
TBM2014090303,020,27.651116,-82.550516
TBM2014090307,020,27.62165,-82.5666
TBM2014090402,023,27.536766,-82.6273
TBM2014090403,023,27.572016,-82.592333
TBM2014090405,023,27.582683,-82.606366
TBM2014090407,023,27.59965,-82.557166
TBM2014090410,023,27.617683,-82.560333
TBM2014090412,023,27.644816,-82.554133
TBM2014090413,023,27.688383,-82.5234
TBM2014090416,023,27.6758,-82.53425
TBM2014090418,023,27.521383,-82.715133
TBM2014090420,023,27.5302,-82.627283
TBM2014090501,020,28.005,-82.6165
TBM2014090502,020,27.988516,-82.688533
TBM2014090503,020,27.96195,-82.695133
TBM2014090505,020,27.935716,-82.71795
TBM2014090506,020,27.9127,-82.662216
TBM2014090509,020,27.972233,-82.583916
TBM2014090602,020,27.863966,-82.4358
TBM2014090606,020,27.713366,-82.464783
TBM2014090607,020,27.766083,-82.43415
TBM2014090703,020,27.627016,-82.711983
TBM2014090705,020,27.657216,-82.7211
TBM2014090706,020,27.673483,-82.738166
TBM2014090802,020,28.0067,-82.639333
TBM2014090804,020,27.87605,-82.61175
TBM2014090901,020,27.5046,-82.600616
TBM2014090902,020,27.523083,-82.621933
TBM2014090905,020,27.512616,-82.682283
TBM2014090906,020,27.52195,-82.649316
TBM2014091002,020,27.70895,-82.682083
TBM2014091004,020,27.641716,-82.69655
TBM2014091006,020,27.691216,-82.6447
TBM2014091202,020,27.9071,-82.489333
TBM2014091203,020,27.8847,-82.4338
TBM2014091204,020,27.884083,-82.424766
TBM2014091207,020,27.815933,-82.4892
TBM2014091208,020,27.850733,-82.475833
TBM2014091209,020,27.851333,-82.475266
TBM2014091307,020,27.55115,-82.6341
TBM2014091401,020,27.8119,-82.59725
TBM2014091402,020,27.8015,-82.6186
TBM2014091407,020,27.851533,-82.554866
TBM2014091408,020,27.83685,-82.5896
TBM2014100301,023,27.5152,-82.681716
TBM2014100304,023,27.509733,-82.62085
TBM2014100306,023,27.504433,-82.602266
TBM2014100308,023,27.538733,-82.612583
TBM2014100309,023,27.536966,-82.636833
TBM2014100311,023,27.590666,-82.59935
TBM2014100313,023,27.59295,-82.58165
TBM2014100316,023,27.599783,-82.557516
TBM2014100318,023,27.695533,-82.51855
TBM2014100320,023,27.683016,-82.49785
TBM2014100402,020,27.899,-82.646166
TBM2014100403,020,27.911116,-82.659183
TBM2014100407,020,27.956633,-82.7171
TBM2014100408,020,27.956833,-82.713083
TBM2014100503,020,27.710033,-82.4531
TBM2014100504,020,27.723966,-82.479483
TBM2014100505,020,27.696316,-82.513
TBM2014100601,020,27.511133,-82.680483
TBM2014100604,020,27.533466,-82.732116
TBM2014100607,020,27.556433,-82.604016
TBM2014100701,020,27.803866,-82.604333
TBM2014100702,020,27.819383,-82.6169
TBM2014100703,020,27.8545,-82.622883
TBM2014100704,020,27.835433,-82.5831
TBM2014100708,020,27.845133,-82.5427
TBM2014100801,020,27.623533,-82.73335
TBM2014100902,020,27.699233,-82.72095
TBM2014100905,020,27.690983,-82.6771
TBM2014101001,020,27.863666,-82.43465
TBM2014101002,020,27.865983,-82.486416
TBM2014101003,020,27.877116,-82.483083
TBM2014101103,020,27.95165,-82.5475
TBM2014101105,020,27.986366,-82.6107
TBM2014101106,020,28.01665,-82.6451
TBM2014101301,020,27.705633,-82.6219
TBM2014101304,020,27.7056,-82.677283
TBM2014101307,020,27.623283,-82.709016
TBM2014101401,020,27.4982,-82.580133
TBM2014101406,020,27.524216,-82.66175
TBM2014101407,020,27.522516,-82.665083
TBM2014101504,020,27.8738,-82.425533
TBM2014101505,020,27.823633,-82.402283
TBM2014101506,020,27.939433,-82.413783
TBM2014101507,020,27.947766,-82.41285
TBM2014101701,020,27.940533,-82.419833
TBM2014101702,020,27.94225,-82.42155
TBM2014101703,020,27.94185,-82.421883
TBM2014101704,020,27.941933,-82.4219
TBM2014101705,020,27.946666,-82.427216
TBM2014101706,020,27.945816,-82.427566
TBM2014101707,020,27.933683,-82.417233
TBM2014101708,020,27.9335,-82.416233
TBM2014110302,023,27.52305,-82.720516
TBM2014110303,023,27.52135,-82.7153
TBM2014110305,023,27.5046,-82.601316
TBM2014110307,023,27.524566,-82.607233
TBM2014110310,023,27.540233,-82.618316
TBM2014110312,023,27.555866,-82.603633
TBM2014110313,023,27.562666,-82.615333
TBM2014110315,023,27.597233,-82.579666
TBM2014110318,023,27.599233,-82.577766
TBM2014110319,023,27.675366,-82.509066
TBM2014110401,020,27.659133,-82.676583
TBM2014110406,020,27.725033,-82.727783
TBM2014110407,020,27.718533,-82.7008
TBM2014110501,020,27.8217,-82.4087
TBM2014110505,020,27.870633,-82.488333
TBM2014110506,020,27.877666,-82.482433
TBM2014110507,020,27.9082,-82.45205
TBM2014110701,020,27.86455,-82.54625
TBM2014110702,020,27.857,-82.552516
TBM2014110704,020,27.842466,-82.552566
TBM2014110707,020,27.79685,-82.605666
TBM2014110708,020,27.822983,-82.59
TBM2014110806,020,27.68265,-82.679216
TBM2014110903,020,27.499733,-82.57605
TBM2014110904,020,27.505116,-82.605983
TBM2014110905,020,27.507683,-82.6123
TBM2014110906,020,27.5097,-82.6165
TBM2014110908,020,27.516116,-82.631116
TBM2014111003,020,27.740933,-82.638366
TBM2014111004,020,27.6225,-82.710333
TBM2014111103,020,27.514316,-82.688166
TBM2014111105,020,27.527566,-82.706
TBM2014111201,020,27.96,-82.54945
TBM2014111202,020,27.982383,-82.603783
TBM2014111203,020,28.00835,-82.655016
TBM2014111205,020,27.963666,-82.67835
TBM2014111207,020,27.968783,-82.684233
TBM2014111303,020,27.953583,-82.722033
TBM2014111304,020,27.958083,-82.709316
TBM2014111401,020,27.7396,-82.469016
TBM2014111405,020,27.775816,-82.435283
TBM2014111406,020,27.7656,-82.433533
TBM2014111407,020,27.761983,-82.442933
TBM2014111601,020,27.937333,-82.414966
TBM2014111602,020,27.942816,-82.4165
TBM2014111603,020,27.9424,-82.418936
TBM2014111604,020,27.942383,-82.42175
TBM2014111605,020,27.941416,-82.422166
TBM2014111606,020,27.9433,-82.422966
TBM2014111607,020,27.946416,-82.424783
TBM2014111608,020,27.946516,-82.425733
TBM2014120104,020,27.68555,-82.6931
TBM2014120105,020,27.696366,-82.715266
TBM2014120202,020,27.974866,-82.565416
TBM2014120204,020,28.0094,-82.6772
TBM2014120205,020,27.95835,-82.708766
TBM2014120503,020,27.836416,-82.5377
TBM2014120504,020,27.830216,-82.520566
TBM2014120505,020,27.8197,-82.497916
TBM2014120506,020,27.833733,-82.470333
TBM2014120507,020,27.837783,-82.46875
TBM2014120602,023,27.533716,-82.645383
TBM2014120604,023,27.512483,-82.61965
TBM2014120605,023,27.527466,-82.599833
TBM2014120608,023,27.577983,-82.55675
TBM2014120610,023,27.5725,-82.61205
TBM2014120611,023,27.58975,-82.598283
TBM2014120614,023,27.590316,-82.579233
TBM2014120615,020,27.598283,-82.589483
TBM2014120616,023,27.602683,-82.576466
TBM2014120618,023,27.599583,-82.557033
TBM2014120620,023,27.610083,-82.560716
TBM2014120701,020,27.685816,-82.52305
TBM2014120702,020,27.74655,-82.467616
TBM2014120705,020,27.714316,-82.491016
TBM2014120708,020,27.6765,-82.514616
TBM2014120804,020,27.831316,-82.563683
TBM2014120805,020,27.82585,-82.6041
TBM2014120807,020,27.85,-82.6236
TBM2014120901,020,27.881,-82.481283
TBM2014120902,020,27.827383,-82.44145
TBM2014120904,020,27.789166,-82.416283
TBM2014121003,020,27.95125,-82.54675
TBM2014121004,020,27.948883,-82.544816
TBM2014121005,020,27.93995,-82.550583
TBM2014121007,020,27.882133,-82.534366
TBM2014121009,020,27.96785,-82.63855
TBM2014121102,020,27.508216,-82.612783
TBM2014121105,020,27.523233,-82.707816
TBM2014121106,020,27.572866,-82.595616
TBM2014121109,020,27.5735,-82.55915
TBM2014121302,020,27.653716,-82.716433
TBM2014121305,020,27.6535,-82.72875
TBM2014121306,020,27.655983,-82.7446
TBM2014121401,020,27.926766,-82.421733
TBM2014121402,020,27.9336,-82.417116
TBM2014121403,020,27.9402,-82.420183
TBM2014121404,020,27.94165,-82.417016
TBM2014121405,020,27.942333,-82.419816
TBM2014121406,020,27.942416,-82.418833
TBM2014121407,020,27.946283,-82.4259
TBM2014121408,020,27.946266,-82.427266
TBM2014121409,020,27.94265,-82.42275
TBM2015010104,020,27.838583,-82.403116
TBM2015010106,020,27.914866,-82.445
TBM2015010301,020,27.906433,-82.487433
TBM2015010303,020,27.880266,-82.481083
TBM2015010307,020,27.762583,-82.448666
TBM2015010308,020,27.7455,-82.4646
TBM2015010309,020,27.750133,-82.4659
TBM2015010402,020,27.677383,-82.6772
TBM2015010403,020,27.675666,-82.73585
TBM2015010404,020,27.699616,-82.721983
TBM2015010405,020,27.708716,-82.711516
TBM2015010406,020,27.72425,-82.6953
TBM2015010602,020,27.740633,-82.622816
TBM2015010603,020,27.7336,-82.623666
TBM2015010702,020,27.873666,-82.599733
TBM2015010704,020,27.825883,-82.59675
TBM2015010706,020,27.867766,-82.537216
TBM2015010707,020,27.87445,-82.533083
TBM2015010802,020,28.02135,-82.642683
TBM2015010803,020,28.020233,-82.64135
TBM2015010903,020,27.647483,-82.557733
TBM2015010904,020,27.607766,-82.5624
TBM2015010907,020,27.6778,-82.51765
TBM2015011002,023,27.501016,-82.588566
TBM2015011003,023,27.533833,-82.645166
TBM2015011006,023,27.551966,-82.618466
TBM2015011008,023,27.59045,-82.5994
TBM2015011009,023,27.594883,-82.58285
TBM2015011011,023,27.576616,-82.590783
TBM2015011014,023,27.561116,-82.607033
TBM2015011016,023,27.570066,-82.57625
TBM2015011018,023,27.5587,-82.57475
TBM2015011019,023,27.530583,-82.597683
TBM2015011021,020,27.524516,-82.60525
TBM2015011102,020,27.555083,-82.608283
TBM2015011103,020,27.5429,-82.63095
TBM2015011105,020,27.575116,-82.618283
TBM2015011303,020,27.961416,-82.691666
TBM2015011304,020,27.938033,-82.72355
TBM2015011305,020,27.92115,-82.6785
TBM2015011306,020,27.9349,-82.539466
TBM2015011307,020,27.931183,-82.533816
TBM2015011401,020,27.93515,-82.415466
TBM2015011402,020,27.941783,-82.416333
TBM2015011403,020,27.942733,-82.41665
TBM2015011404,020,27.9422,-82.419433
TBM2015011405,020,27.94225,-82.421216
TBM2015011406,020,27.9442,-82.42295
TBM2015011407,020,27.946583,-82.42665
TBM2015011408,020,27.943433,-82.423483
TBM2015011409,020,27.94045,-82.43355
TBM2015011410,020,27.936233,-82.433483
TBM2015020101,020,27.751816,-82.465
TBM2015020102,020,27.7535,-82.465216
TBM2015020103,020,27.767433,-82.440716
TBM2015020202,020,27.717566,-82.705383
TBM2015020203,020,27.717316,-82.7057
TBM2015020204,020,27.740183,-82.743666
TBM2015020207,020,27.646583,-82.74025
TBM2015020210,020,27.705883,-82.680683
TBM2015020301,020,27.820916,-82.616
TBM2015020302,020,27.801716,-82.618
TBM2015020303,020,27.806533,-82.608816
TBM2015020304,020,27.80095,-82.60525
TBM2015020401,020,27.846266,-82.4683
TBM2015020402,020,27.826433,-82.505666
TBM2015020403,020,27.862783,-82.403266
TBM2015020405,020,27.89855,-82.4141
TBM2015020504,020,27.634883,-82.575666
TBM2015020506,020,27.646333,-82.55745
TBM2015020601,020,27.98175,-82.616716
TBM2015020602,020,27.997516,-82.68125
TBM2015020604,020,27.932083,-82.71405
TBM2015020606,020,27.886266,-82.618933
TBM2015020608,020,27.952083,-82.547133
TBM2015020701,020,27.932766,-82.4147
TBM2015020702,020,27.942233,-82.416
TBM2015020703,020,27.9417,-82.41645
TBM2015020704,020,27.942166,-82.4166
TBM2015020705,020,27.94161,-82.421666
TBM2015020706,020,27.943633,-82.422866
TBM2015020707,020,27.947,-82.423166
TBM2015020708,020,27.9463,-82.428083
TBM2015020709,020,27.946633,-82.425683
TBM2015020710,020,27.946533,-82.4268
TBM2015020801,020,27.524333,-82.64425
TBM2015020803,020,27.5853,-82.614983
TBM2015020805,020,27.58095,-82.609833
TBM2015020807,020,27.53845,-82.605916
TBM2015021001,023,27.50605,-82.6152
TBM2015021004,023,27.5274,-82.6231
TBM2015021006,023,27.550966,-82.629216
TBM2015021007,023,27.558733,-82.627
TBM2015021010,023,27.588666,-82.601083
TBM2015021011,023,27.616983,-82.565466
TBM2015021013,023,27.610216,-82.56835
TBM2015021015,020,27.60295,-82.54975
TBM2015021017,023,27.57485,-82.6017
TBM2015021018,023,27.573533,-82.591216
TBM2015021021,023,27.57355,-82.585533
TBM2015021104,020,28.020133,-82.6846
TBM2015021105,020,27.895316,-82.63965
TBM2015021203,020,27.851783,-82.590866
TBM2015021204,020,27.879966,-82.531933
TBM2015030102,020,27.530833,-82.597266
TBM2015030201,020,27.904166,-82.407683
TBM2015030202,020,27.8865,-82.435383
TBM2015030203,020,27.89935,-82.429583
TBM2015030207,020,27.881066,-82.481416
TBM2015030208,020,27.898733,-82.48805
TBM2015030301,020,27.947083,-82.425633
TBM2015030302,020,27.946466,-82.423416
TBM2015030303,020,27.943116,-82.4233
TBM2015030304,020,27.9426,-82.421616
TBM2015030305,020,27.942606,-82.4188
TBM2015030306,020,27.942566,-82.417313
TBM2015030307,020,27.939633,-82.421183
TBM2015030308,020,27.933783,-82.41815
TBM2015030309,020,27.937583,-82.43325
TBM2015030402,020,27.6609,-82.674283
TBM2015030403,020,27.641416,-82.696716
TBM2015030405,020,27.6631,-82.718983
TBM2015030406,020,27.748683,-82.737433
TBM2015030501,020,27.67665,-82.514766
TBM2015030502,020,27.6747,-82.53775
TBM2015030503,020,27.643,-82.558466
TBM2015030505,020,27.575466,-82.59835
TBM2015030506,020,27.56835,-82.571983
TBM2015030507,020,27.509233,-82.6156
TBM2015030705,020,27.875816,-82.591616
TBM2015030706,020,27.846783,-82.554366
TBM2015030901,020,27.720683,-82.635566
TBM2015030902,020,27.697566,-82.646083
TBM2015030903,020,27.6871,-82.676016
TBM2015031001,020,27.892866,-82.542216
TBM2015031002,020,27.93665,-82.560583
TBM2015031005,020,27.92385,-82.655316
TBM2015031006,020,27.896383,-82.641516
TBM2015031008,020,27.883283,-82.537666
TBM2015031009,020,27.879566,-82.532266
TBM2015031101,020,27.803066,-82.414966
TBM2015031103,020,27.748616,-82.4822
TBM2015031107,020,27.93825,-82.46165
TBM2015031202,020,28.007266,-82.62575
TBM2015031204,020,27.987916,-82.68865
TBM2015031206,020,27.958716,-82.705416
TBM2015031302,023,27.518033,-82.632316
TBM2015031304,023,27.514883,-82.711016
TBM2015031306,023,27.5143,-82.681616
TBM2015031307,023,27.592783,-82.5821
TBM2015031309,023,27.595133,-82.575733
TBM2015031312,023,27.604883,-82.566616
TBM2015031313,023,27.645333,-82.553916
TBM2015031315,023,27.5575,-82.627866
TBM2015031317,023,27.5417,-82.610216
TBM2015031320,023,27.5292,-82.610983
TBM2015040101,020,27.89035,-82.481283
TBM2015040102,020,27.865216,-82.488016
TBM2015040106,020,27.819683,-82.506016
TBM2015040107,020,27.8214,-82.4818
TBM2015040108,020,27.830866,-82.47025
TBM2015040202,020,27.809216,-82.59985
TBM2015040204,020,27.720533,-82.635683
TBM2015040206,020,27.741066,-82.725133
TBM2015040207,020,27.7409,-82.713483
TBM2015040303,020,27.756566,-82.6278
TBM2015040304,020,27.773983,-82.626216
TBM2015040501,020,27.503766,-82.590683
TBM2015040504,020,27.640833,-82.560766
TBM2015040505,020,27.638733,-82.561783
TBM2015040506,020,27.633666,-82.56955
TBM2015040507,020,27.599683,-82.5572
TBM2015040605,020,27.684666,-82.71675
TBM2015040606,020,27.66175,-82.7192
TBM2015040607,020,27.630666,-82.733383
TBM2015040702,023,27.588266,-82.6243
TBM2015040703,020,27.534300000000002,-82.73315
TBM2015040705,023,27.5319,-82.729033
TBM2015040707,023,27.524683,-82.710416
TBM2015040708,023,27.522783,-82.719816
TBM2015040711,023,27.539683,-82.589216
TBM2015040713,023,27.686616,-82.520016
TBM2015040714,023,27.681366,-82.517833
TBM2015040801,020,27.940166,-82.4207
TBM2015040802,020,27.941266,-82.4214
TBM2015040803,020,27.94215,-82.416483
TBM2015040804,020,27.942916,-82.4139
TBM2015040805,020,27.946566,-82.39895
TBM2015040806,020,27.937183,-82.414883
TBM2015040807,020,27.941816,-82.423033
TBM2015040808,020,27.94655,-82.424816
TBM2015040809,020,27.946733,-82.427833
TBM2015041001,020,27.984166,-82.600466
TBM2015041003,020,27.967683,-82.646816
TBM2015041004,020,28.001283,-82.655533
TBM2015041005,020,27.99255,-82.68425
TBM2015041006,020,27.9131,-82.666933
TBM2015041007,020,27.90945,-82.64605
TBM2015041101,020,27.892566,-82.541933
TBM2015041106,020,27.880566,-82.60925
TBM2015041107,020,27.879466,-82.53335
TBM2015041204,020,27.571333,-82.617233
TBM2015041206,020,27.71035,-82.478216
TBM2015041301,020,27.853283,-82.397083
TBM2015041304,020,27.92395,-82.48345
TBM2015041501,023,27.576633,-82.565983
TBM2015041504,023,27.598583,-82.553033
TBM2015041506,023,27.53825,-82.633916
TBM2015050101,020,27.723016,-82.493716
TBM2015050102,020,27.731233,-82.47645
TBM2015050106,020,27.816533,-82.4914
TBM2015050202,020,27.568983,-82.5728
TBM2015050206,020,27.5682,-82.570783
TBM2015050301,020,28.02755,-82.69015
TBM2015050304,020,27.96005,-82.70475
TBM2015050504,020,27.869416,-82.589783
TBM2015050505,020,27.865833,-82.543033
TBM2015050601,020,27.757933,-82.628433
TBM2015050603,020,27.801566,-82.618466
TBM2015050604,020,27.811583,-82.598566
TBM2015050606,020,27.831266,-82.553566
TBM2015050702,023,27.508583,-82.61845
TBM2015050704,023,27.5202,-82.67075
TBM2015050705,023,27.502133,-82.710616
TBM2015050708,023,27.609066,-82.554
TBM2015050709,023,27.5937,-82.591233
TBM2015050712,023,27.57355,-82.591333
TBM2015050713,023,27.553883,-82.60045
TBM2015050716,023,27.55335,-82.598633
TBM2015050717,023,27.565116,-82.566966
TBM2015050720,023,27.56725,-82.566383
TBM2015050801,020,27.93575,-82.4194
TBM2015050802,020,27.9404,-82.414333
TBM2015050803,020,27.942233,-82.417016
TBM2015050804,020,27.940483,-82.420133
TBM2015050805,020,27.94005,-82.4204
TBM2015050806,020,27.942566,-82.420966
TBM2015050807,020,27.94715,-82.423933
TBM2015050808,020,27.946716,-82.427683
TBM2015050901,020,27.868583,-82.402266
TBM2015050902,020,27.8514,-82.399483
TBM2015050903,020,27.8457,-82.39455
TBM2015050904,020,27.772133,-82.432433
TBM2015050907,020,27.871283,-82.487783
TBM2015050910,020,27.92745,-82.47845
TBM2015051007,020,27.7233,-82.72625
TBM2015051201,020,27.967983,-82.56485
TBM2015051203,020,28.011416,-82.665366
TBM2015051204,020,28.02015,-82.666233
TBM2015051206,020,27.941166,-82.720933
TBM2015051208,020,27.92055,-82.682
TBM2015051301,020,27.62455,-82.706083
TBM2015051303,020,27.699183,-82.652933
TBM2015051305,020,27.705733,-82.685016
TBM2015051502,020,27.5249,-82.6039
TBM2015051503,020,27.533016,-82.596283
TBM2015051507,020,27.4989,-82.58125
TBM2015051605,020,27.561983,-82.62245
TBM2015051606,020,27.551233,-82.634316
TBM2015051705,020,27.649216,-82.678066
TBM2015060103,020,27.65175,-82.715883
TBM2015060105,020,27.631283,-82.732683
TBM2015060106,020,27.61215,-82.73305
TBM2015060107,020,27.634633,-82.72245
TBM2015060301,020,27.7072,-82.6348
TBM2015060401,020,27.9082,-82.534616
TBM2015060403,020,27.9362,-82.539916
TBM2015060404,020,27.936966,-82.56015
TBM2015060405,020,27.91915,-82.61015
TBM2015060407,020,27.875983,-82.611666
TBM2015060408,020,27.862183,-82.612033
TBM2015060604,020,27.597233,-82.554
TBM2015060605,020,27.594366,-82.5961
TBM2015060606,020,27.592616,-82.598816
TBM2015060703,020,27.504933,-82.707166
TBM2015060704,020,27.514116,-82.70555
TBM2015060901,020,27.941733,-82.416
TBM2015060902,020,27.942483,-82.415866
TBM2015060903,020,27.9427,-82.419183
TBM2015060904,020,27.942266,-82.421319
TBM2015060905,020,27.942583,-82.422448
TBM2015060906,020,27.946583,-82.426916
TBM2015060907,020,27.9467,-82.427916
TBM2015060908,020,27.947066,-82.422966
TBM2015060909,020,27.910383,-82.490016
TBM2015060910,020,27.91915,-82.4901
TBM2015060911,020,27.925583,-82.481466
TBM2015061002,020,27.7259,-82.490016
TBM2015061003,020,27.748283,-82.4748
TBM2015061004,020,27.82365,-82.471916
TBM2015061102,020,27.937733,-82.723566
TBM2015061103,020,27.9288,-82.6912
TBM2015061105,020,27.91455,-82.666833
TBM2015061201,020,27.850066,-82.409266
TBM2015061202,020,27.82255,-82.438066
TBM2015061203,020,27.822816,-82.438633
TBM2015061301,023,27.544716,-82.584933
TBM2015061303,023,27.513366,-82.586516
TBM2015061306,023,27.50845,-82.615866
TBM2015061307,023,27.52455,-82.641183
TBM2015061310,023,27.522833,-82.719783
TBM2015061311,023,27.586666,-82.62155
TBM2015061314,023,27.59525,-82.572866
TBM2015061316,023,27.609666,-82.568733
TBM2015061318,023,27.611366,-82.56715
TBM2015061320,023,27.693283,-82.518066
TBM2015061401,020,27.877866,-82.5321
TBM2015061402,020,27.843566,-82.59585
TBM2015061405,020,27.850183,-82.54685
TBM2015061508,020,27.725133,-82.740366
TBM2015061509,020,27.736083,-82.71095
TBM2015061605,020,27.54195,-82.631333
TBM2015070101,020,27.852416,-82.3987
TBM2015070102,020,27.867783,-82.426383
TBM2015070103,020,27.871483,-82.427466
TBM2015070104,020,27.884516,-82.426633
TBM2015070105,020,27.888933,-82.410683
TBM2015070106,020,27.913933,-82.462183
TBM2015070202,020,27.846466,-82.619483
TBM2015070203,020,27.828433,-82.605616
TBM2015070204,020,27.837,-82.58985
TBM2015070302,020,27.947233,-82.4236
TBM2015070303,020,27.9436,-82.422766
TBM2015070304,020,27.9426,-82.422216
TBM2015070305,020,27.942016,-82.421766
TBM2015070306,020,27.939666,-82.4214
TBM2015070307,020,27.94195,-82.4165
TBM2015070308,020,27.938366,-82.415783
TBM2015070309,020,27.93533,-82.416683
TBM2015070601,020,27.975433,-82.58185
TBM2015070602,020,28.005733,-82.620466
TBM2015070604,020,27.918883,-82.610616
TBM2015070605,020,27.885383,-82.612233
TBM2015070607,020,27.940333,-82.553416
TBM2015070705,020,27.686916,-82.647483
TBM2015070803,020,27.9685,-82.6922
TBM2015070806,020,28.0005,-82.63105
TBM2015070902,020,27.70955,-82.6362
TBM2015070903,020,27.625483,-82.724483
TBM2015070906,020,27.67575,-82.702466
TBM2015071007,020,27.77465,-82.6268
TBM2015071105,020,27.5185,-82.598266
TBM2015071106,020,27.511733,-82.578666
TBM2015071201,020,27.7479,-82.473016
TBM2015071203,020,27.775516,-82.435716
TBM2015071205,020,27.844116,-82.420066
TBM2015071304,020,27.73615,-82.7108
TBM2015071305,020,27.69105,-82.675933
TBM2015071307,020,27.67265,-82.678366
TBM2015071503,020,27.543183,-82.643566
TBM2015071504,020,27.53925,-82.650216
TBM2015071506,020,27.522133,-82.651366
TBM2015071601,020,27.5705,-82.5995
TBM2015071604,020,27.589716,-82.6021
TBM2015080103,020,27.855116,-82.62205
TBM2015080104,020,27.828983,-82.581416
TBM2015080105,020,27.828266,-82.5822
TBM2015080106,020,27.797716,-82.599166
TBM2015080304,020,27.52195,-82.651833
TBM2015080305,020,27.523116,-82.621666
TBM2015080306,020,27.514483,-82.619266
TBM2015080405,020,27.5314,-82.728083
TBM2015080602,020,27.939716,-82.446433
TBM2015080604,020,27.850583,-82.398033
TBM2015080605,020,27.75675,-82.44765
TBM2015080608,020,27.713733,-82.493
TBM2015080609,020,27.711583,-82.493483
TBM2015080701,020,27.597866,-82.596
TBM2015080702,020,27.596366,-82.576483
TBM2015080704,020,27.610433,-82.5696
TBM2015080905,020,27.703816,-82.6665
TBM2015080906,020,27.703266,-82.6421
TBM2015081001,020,27.94675,-82.427966
TBM2015081002,020,27.943783,-82.422783
TBM2015081003,020,27.946583,-82.427116
TBM2015081004,020,27.941466,-82.42175
TBM2015081005,020,27.941616,-82.418783
TBM2015081006,020,27.942566,-82.418216
TBM2015081007,020,27.942083,-82.416133
TBM2015081008,020,27.939466,-82.414916
TBM2015081009,020,27.901533,-82.434883
TBM2015081101,020,28.020483,-82.641816
TBM2015081102,020,27.9977,-82.660283
TBM2015081103,020,28.028766,-82.66645
TBM2015081104,020,28.010183,-82.67895
TBM2015081107,020,27.906033,-82.531466
TBM2015081108,020,27.940116,-82.55375
TBM2015081204,020,27.89835,-82.6418
TBM2015081301,020,27.848966,-82.546583
TBM2015081308,020,27.86725,-82.487166
TBM2015081503,020,27.652116,-82.7145
TBM2015081504,020,27.648,-82.69125
TBM2015081505,020,27.644366,-82.67935
TBM2015081506,020,27.664333,-82.685916
TBM2015090101,020,27.92575,-82.419616
TBM2015090102,020,27.934,-82.413766
TBM2015090103,020,27.937416,-82.416583
TBM2015090104,020,27.94235,-82.414883
TBM2015090105,020,27.9425,-82.416633
TBM2015090106,020,27.942633,-82.417066
TBM2015090107,020,27.939733,-82.421533
TBM2015090108,020,27.946683,-82.422883
TBM2015090109,020,27.946733,-82.427916
TBM2015090201,020,27.880283,-82.482016
TBM2015090202,020,27.869533,-82.4872
TBM2015090203,020,27.86635,-82.488616
TBM2015090204,020,27.844233,-82.541516
TBM2015090205,020,27.8143,-82.492133
TBM2015090401,020,27.720133,-82.498533
TBM2015090503,020,27.570783,-82.619833
TBM2015090505,020,27.56895,-82.564616
TBM2015090506,020,27.554733,-82.573783
TBM2015090701,020,27.647616,-82.71425
TBM2015090702,020,27.672266,-82.722266
TBM2015090703,020,27.706833,-82.72245
TBM2015090801,020,27.901466,-82.536066
TBM2015090804,020,27.960516,-82.69825
TBM2015090805,020,28.000333,-82.667466
TBM2015090806,020,28.017033,-82.66745
TBM2015090808,020,27.972016,-82.570933
TBM2015090902,020,27.625016,-82.70525
TBM2015090907,020,27.738666,-82.63705
TBM2015091007,020,27.746633,-82.741216
TBM2015091101,020,27.83965,-82.43655
TBM2015091102,020,27.82285,-82.437433
TBM2015091106,020,27.881916,-82.424016
TBM2015091304,020,27.514533,-82.619716
TBM2015091305,020,27.507983,-82.612883
TBM2015091306,020,27.511383,-82.581366
TBM2015091403,020,27.52325,-82.7126
TBM2015091501,020,27.857283,-82.551833
TBM2015091502,020,27.877133,-82.5944
TBM2015091503,020,27.876733,-82.595383
TBM2015091506,020,27.839616,-82.59135
TBM2015091602,020,27.929533,-82.69145
TBM2015091604,020,27.956216,-82.718416
TBM2015100201,020,27.90175,-82.536033
TBM2015100202,020,27.9423,-82.544316
TBM2015100204,020,27.908966,-82.628483
TBM2015100205,020,27.909483,-82.629516
TBM2015100207,020,27.933866,-82.716366
TBM2015100303,020,27.857716,-82.404116
TBM2015100501,020,27.78055,-82.625016
TBM2015100502,020,27.798566,-82.59845
TBM2015100503,020,27.823366,-82.499783
TBM2015100604,020,27.832533,-82.6002
TBM2015100605,020,27.830533,-82.60235
TBM2015100704,020,27.723583,-82.491616
TBM2015100707,020,27.681116,-82.53625
TBM2015100801,020,27.951283,-82.414383
TBM2015100803,020,27.897666,-82.41365
TBM2015100805,020,27.775733,-82.435166
TBM2015100901,020,27.97505,-82.569416
TBM2015100903,020,27.9094,-82.656766
TBM2015101002,020,27.534183,-82.733
TBM2015101010,020,27.512783,-82.583633
TBM2015101104,020,27.679066,-82.665633
TBM2015101106,020,27.71845,-82.63435
TBM2015101107,020,27.725633,-82.62
TBM2015101201,020,27.615066,-82.72845
TBM2015101204,020,27.659483,-82.726933
TBM2015101205,020,27.655733,-82.73395
TBM2015101207,020,27.6224,-82.731766
TBM2015101304,020,27.602633,-82.576383
TBM2015101307,020,27.574283,-82.585733
TBM2015101309,020,27.529283,-82.608683
TBM2015101402,020,27.737333,-82.707383
TBM2015101501,020,27.9091,-82.4619
TBM2015101502,020,27.92655,-82.479883
TBM2015101503,020,27.824983,-82.44155
TBM2015110102,020,27.761983,-82.442466
TBM2015110103,020,27.769283,-82.432566
TBM2015110104,020,27.81795,-82.39415
TBM2015110105,020,27.843766,-82.420533
TBM2015110202,020,27.506366,-82.711516
TBM2015110203,020,27.524516,-82.722133
TBM2015110204,020,27.527516,-82.712883
TBM2015110303,020,27.71925,-82.49755
TBM2015110304,020,27.7185,-82.49545
TBM2015110501,020,27.79245,-82.607316
TBM2015110503,020,27.827516,-82.606866
TBM2015110507,020,27.847716,-82.555633
TBM2015110604,020,27.55035,-82.6343
TBM2015110701,020,27.848383,-82.548266
TBM2015110702,020,27.8635,-82.543633
TBM2015110704,020,27.9659,-82.56595
TBM2015110705,020,27.940116,-82.547866
TBM2015110708,020,27.89595,-82.5396
TBM2015110709,020,27.897966,-82.535133
TBM2015110801,020,27.701366,-82.64835
TBM2015110803,020,27.652066,-82.71585
TBM2015110902,020,27.695083,-82.705716
TBM2015110904,020,27.696483,-82.714483
TBM2015110905,020,27.699266,-82.720966
TBM2015110906,020,27.742483,-82.742683
TBM2015111001,020,27.909300000000002,-82.445916
TBM2015111002,020,27.8835,-82.4242
TBM2015111004,020,27.86005,-82.40445
TBM2015111102,020,27.90725,-82.6334
TBM2015111105,020,27.936533,-82.724366
TBM2015111108,020,28.005666,-82.664066
TBM2015111201,020,27.560233,-82.606216
TBM2015111202,020,27.567616,-82.60115
TBM2015111203,020,27.61035,-82.572883
TBM2015120101,020,27.698683,-82.5103
TBM2015120102,020,27.6874,-82.521066
TBM2015120103,020,27.659383,-82.545583
TBM2015120301,020,27.878266,-82.5324
TBM2015120302,020,27.870033,-82.539516
TBM2015120303,020,27.85155,-82.555266
TBM2015120306,020,27.923966,-82.693483
TBM2015120308,020,27.936416,-82.529833
TBM2015120401,020,28.003516,-82.611116
TBM2015120402,020,28.01785,-82.6503
TBM2015120405,020,27.968166,-82.636466
TBM2015120407,020,27.957733,-82.5518
TBM2015120408,020,27.971816,-82.569633
TBM2015120502,020,27.840083,-82.62135
TBM2015120503,020,27.845633,-82.55425
TBM2015120602,020,27.720916,-82.4944
TBM2015120603,020,27.718316,-82.495666
TBM2015120606,020,27.8212,-82.47515
TBM2015120608,020,27.86235,-82.403533
TBM2015120610,020,27.816333,-82.393
TBM2015120702,020,27.62405,-82.705116
TBM2015120704,020,27.644416,-82.722166
TBM2015120706,020,27.744283,-82.7451
TBM2015120707,020,27.718483,-82.700766
TBM2015120709,020,27.68545,-82.650266
TBM2015120711,020,27.702,-82.64555
TBM2015120901,020,27.49995,-82.576016
TBM2015120902,020,27.499083,-82.5811
TBM2015120907,020,27.5333,-82.731833
TBM2015120908,020,27.5575,-82.602066
TBM2015121002,020,27.928066,-82.423283
TBM2015121003,020,27.944366,-82.411883
TBM2015121004,020,27.943533,-82.423216
TBM2015121006,020,27.93815,-82.462283
TBM2016010103,020,27.874666,-82.424916
TBM2016010104,020,27.940216,-82.413966
TBM2016010105,020,27.9442,-82.411633
TBM2016010202,020,27.623116,-82.70995
TBM2016010205,020,27.635616,-82.73405
TBM2016010207,020,27.70995,-82.726816
TBM2016010208,020,27.724266,-82.69525
TBM2016010209,020,27.70575,-82.684966
TBM2016010302,020,28.003566,-82.6111
TBM2016010305,020,28.03065,-82.6854
TBM2016010401,020,27.881066,-82.480933
TBM2016010404,020,27.751133,-82.474166
TBM2016010406,020,27.93085,-82.44825
TBM2016010502,020,27.50535,-82.688583
TBM2016010503,020,27.5253,-82.681266
TBM2016010916,020,27.72645,-82.47795
TBM2016010917,020,27.7228,-82.491033
TBM2016010918,020,27.70575,-82.456516
TBM2016011001,020,27.973816,-82.567166
TBM2016011004,020,27.935066,-82.7115
TBM2016011005,020,27.920483,-82.670816
TBM2016011006,020,27.91805,-82.642666
TBM2016011008,020,27.940566,-82.54275
TBM2016011101,020,27.533616,-82.73225
TBM2016011104,020,27.6619,-82.544066
TBM2016011105,020,27.633716,-82.56935
TBM2016011106,020,27.63385,-82.569933
TBM2016011107,020,27.578033,-82.5939
TBM2016011203,020,27.84305,-82.616683
TBM2016011204,020,27.840133,-82.621383
TBM2016011205,020,27.843,-82.587933
TBM2016011206,020,27.859483,-82.596266
TBM2016011207,020,27.865716,-82.6126
TBM2016011208,020,27.878183,-82.610316
TBM2016020101,020,27.8996,-82.435283
TBM2016020103,020,27.748333,-82.473933
TBM2016020105,020,27.88115,-82.481566
TBM2016020106,020,27.89575,-82.4877
TBM2016020205,020,27.936416,-82.72035
TBM2016020207,020,27.8753,-82.60135
TBM2016020406,020,27.697316,-82.511383
TBM2016020502,020,27.940866,-82.448116
TBM2016020503,020,27.93535,-82.432616
TBM2016020504,020,27.7693,-82.435766
TBM2016020505,020,27.774433,-82.43445
TBM2016020601,020,27.738483,-82.640216
TBM2016020602,020,27.679716,-82.664033
TBM2016020605,020,27.713333,-82.618
TBM2016020607,020,27.822616,-82.4883
TBM2016020701,020,27.729466,-82.693183
TBM2016020702,020,27.701883,-82.6801
TBM2016020703,020,27.664316,-82.678016
TBM2016020704,020,27.6494,-82.678183
TBM2016020901,020,27.525166,-82.7113
TBM2016020904,020,27.553033,-82.63405
TBM2016020905,020,27.54445,-82.606366
TBM2016020906,020,27.54395,-82.586416
TBM2016020907,020,27.574016,-82.560616
TBM2016020908,020,27.553183,-82.5729
TBM2016021102,020,27.827766,-82.58255
TBM2016021103,020,27.828283,-82.607783
TBM2016021104,020,27.828183,-82.604816
TBM2016021201,020,27.904783,-82.5322
TBM2016021202,020,27.904733,-82.531616
TBM2016021203,020,27.942983,-82.54165
TBM2016021204,020,27.938633,-82.558433
TBM2016021206,020,27.9717,-82.59755
TBM2016021207,020,27.967766,-82.638816
TBM2016030201,020,27.717816,-82.50055
TBM2016030202,020,27.7086,-82.514416
TBM2016030203,020,27.703516,-82.521916
TBM2016030207,020,27.679983,-82.49975
TBM2016030302,020,27.878216,-82.60415
TBM2016030401,020,27.502816,-82.592733
TBM2016030403,020,27.52475,-82.7084
TBM2016030404,020,27.530966,-82.726016
TBM2016030406,020,27.609816,-82.574266
TBM2016030502,020,27.9135,-82.698566
TBM2016030504,020,28.00735,-82.629666
TBM2016030703,020,27.788533,-82.407416
TBM2016030705,020,27.81415,-82.398483
TBM2016030706,020,27.900033,-82.415583
TBM2016030801,020,27.700733,-82.723233
TBM2016030803,020,27.7362,-82.71045
TBM2016030804,020,27.7346,-82.6922
TBM2016030805,020,27.709566,-82.687616
TBM2016030806,020,27.702616,-82.66305
TBM2016030901,020,27.823533,-82.4976
TBM2016030903,020,27.849966,-82.474866
TBM2016030904,020,27.942783,-82.420966
TBM2016031004,020,27.810833,-82.592116
TBM2016031005,020,27.823466,-82.59695
TBM2016031006,020,27.8312,-82.600533
TBM2016031007,020,27.853466,-82.627966
TBM2016031008,020,27.85755,-82.551766
TBM2016031101,020,27.557016,-82.600716
TBM2016031103,020,27.5706,-82.608716
TBM2016031202,020,27.976766,-82.683816
TBM2016031204,020,27.9116,-82.638566
TBM2016031206,020,27.966316,-82.557966
TBM2016031207,020,27.986966,-82.60965
TBM2016031208,020,27.9867,-82.609616
TBM2016040101,020,27.930366,-82.428566
TBM2016040102,020,27.908216,-82.460833
TBM2016040103,020,27.8742,-82.48675
TBM2016040104,020,27.750366,-82.47625
TBM2016040107,020,27.812633,-82.402366
TBM2016040108,020,27.812716000000002,-82.402133
TBM2016040109,020,27.847633,-82.39805
TBM2016040110,020,27.870333,-82.402633
TBM2016040203,020,27.826366,-82.606666
TBM2016040204,020,27.829316,-82.580616
TBM2016040205,020,27.8434,-82.5879
TBM2016040207,020,27.841816,-82.5389
TBM2016040208,020,27.852833,-82.554
TBM2016040306,020,27.710833,-82.455533
TBM2016040404,020,27.906516,-82.650766
TBM2016040501,020,27.559216,-82.592783
TBM2016040506,020,27.681466,-82.535433
TBM2016040507,020,27.651483,-82.55035
TBM2016040508,020,27.622233,-82.56515
TBM2016040509,020,27.610866,-82.572283
TBM2016040602,020,27.722633,-82.726033
TBM2016040603,020,27.725,-82.730483
TBM2016040605,020,27.6875,-82.7041
TBM2016040802,020,27.889983,-82.542016
TBM2016040803,020,27.901733,-82.536433
TBM2016040804,020,27.927683,-82.53305
TBM2016040806,020,27.98855,-82.616166
TBM2016040807,020,27.975366,-82.593916
TBM2016040809,020,27.97485,-82.573466
TBM2016040902,020,27.514533,-82.687016
TBM2016040903,020,27.523116,-82.707816
TBM2016041003,020,27.8482,-82.612716
TBM2016041302,020,27.645616,-82.741033
TBM2016041303,020,27.681266,-82.688866
TBM2016050201,020,27.8902,-82.54215
TBM2016050203,020,27.905833,-82.631766
TBM2016050204,020,27.910983,-82.657733
TBM2016050207,020,27.9608,-82.566366
TBM2016050302,020,27.798866,-82.598316
TBM2016050303,020,27.826233,-82.592883
TBM2016050304,020,27.8467,-82.555166
TBM2016050305,020,27.848983,-82.551216
TBM2016050306,020,27.8471,-82.544283
TBM2016050308,020,27.802816,-82.604166
TBM2016050602,020,27.716833,-82.506816
TBM2016050604,020,27.644616,-82.554416
TBM2016050605,020,27.628566,-82.564883
TBM2016050606,020,27.5894,-82.5876
TBM2016050607,020,27.591083,-82.59815
TBM2016050608,020,27.59095,-82.601616
TBM2016050609,020,27.67355,-82.513083
TBM2016050704,020,27.9567,-82.7182
TBM2016050707,020,27.993116,-82.622116
TBM2016050804,020,27.8524,-82.398883
TBM2016050805,020,27.856,-82.404016
TBM2016050806,020,27.868883,-82.425966
TBM2016050807,020,27.897766,-82.432066
TBM2016050809,020,27.92975,-82.413633
TBM2016050903,020,27.670966,-82.677066
TBM2016050905,020,27.627783,-82.7127
TBM2016050907,020,27.717566,-82.7043
TBM2016050908,020,27.6997,-82.6887
TBM2016051001,020,27.50815,-82.6868
TBM2016051202,020,27.755466,-82.45185
TBM2016051205,020,27.815383,-82.393933
TBM2016051206,020,27.828233,-82.3955
TBM2016052003,020,27.5891,-82.6064
TBM2016052004,020,27.592483,-82.601066
TBM2016052007,020,27.5721,-82.613451
TBM2016052008,020,27.572316,-82.614033
TBM2016052017,020,27.6368,-82.729966
TBM2016052018,020,27.637,-82.726466
TBM2016052107,020,27.929733,-82.534533
TBM2016052108,020,27.9354,-82.53595
TBM2016052109,020,27.935233,-82.537916
TBM2016052110,020,27.93946,-82.538966
TBM2016052205,020,27.854183,-82.476983
TBM2016052206,020,27.8539,-82.4764
TBM2016052209,020,27.821133,-82.49615
TBM2016052210,020,27.819766,-82.493216
TBM2016052215,020,27.936983,-82.415316
TBM2016052216,020,27.937283,-82.4151
TBM2016052217,020,27.941916,-82.418266
TBM2016052218,020,27.9416,-82.418616
TBM2016052301,020,27.809915,-82.596415
TBM2016052302,020,27.80845,-82.593483
TBM2016052307,020,27.9059,-82.534066
TBM2016052308,020,27.90605,-82.535266
TBM2016052401,020,27.97385,-82.582016
TBM2016052402,020,27.973633,-82.582416
TBM2016060101,020,27.82495,-82.499966
TBM2016060103,020,27.8214,-82.47425
TBM2016060202,020,27.919116,-82.61005
TBM2016060205,020,27.886733,-82.613083
TBM2016060206,020,27.881033,-82.616166
TBM2016060207,020,27.876583,-82.590866
TBM2016060208,020,27.848333,-82.59235
TBM2016060209,020,27.803733,-82.602316
TBM2016060401,020,27.53845,-82.605833
TBM2016060406,020,27.59135,-82.595783
TBM2016060408,020,27.545716,-82.584266
TBM2016060502,020,27.710083,-82.452716
TBM2016060602,020,27.51145,-82.58155
TBM2016060605,020,27.5245,-82.7244
TBM2016060802,020,27.980333,-82.60385
TBM2016060804,020,28.013616,-82.656866
TBM2016060806,020,28.026933,-82.6899
TBM2016060807,020,27.975833,-82.690616
TBM2016060808,020,27.963166,-82.550466
TBM2016060901,020,27.683633,-82.533333
TBM2016060902,020,27.720983,-82.48935
TBM2016060905,020,27.741066,-82.466366
TBM2016060908,020,27.677783,-82.53315
TBM2016061001,020,27.72395,-82.6336
TBM2016061007,020,27.737316,-82.7074
TBM2016061101,020,27.934366,-82.41375
TBM2016061102,020,27.900066,-82.415483
TBM2016061103,020,27.813016,-82.401366
TBM2016061105,020,27.813783,-82.402583
TBM2016061201,020,27.753933,-82.628483
TBM2016061302,020,27.676,-82.676933
TBM2016061306,020,27.646416,-82.740316000000007
TBM2016061307,020,27.699633,-82.72165
TBM2016061308,020,27.680683,-82.71645
TBM2016062003,020,27.97335,-82.581616
TBM2016062004,020,27.9741,-82.584083
TBM2016062005,020,27.94,-82.420516
TBM2016062006,020,27.942833,-82.41955
TBM2016062009,020,27.937616,-82.415383
TBM2016062010,020,27.936933,-82.415383
TBM2016062103,020,27.5903,-82.604283
TBM2016062104,020,27.5901,-82.604616
TBM2016062109,020,27.571433,-82.613833
TBM2016062110,020,27.5729,-82.61335
TBM2016062117,020,27.637766,-82.72945
TBM2016062118,020,27.6381,-82.728683
TBM2016062202,020,27.936866,-82.540733
TBM2016062203,020,27.9363,-82.536483
TBM2016062205,020,27.933683,-82.536766
TBM2016062206,020,27.935033,-82.5359
TBM2016062213,020,27.912983,-82.533933
TBM2016062214,020,27.910433,-82.536166
TBM2016062301,020,27.808433,-82.593883
TBM2016062302,020,27.808716,-82.594133
TBM2016062309,020,27.85205,-82.47645
TBM2016062310,020,27.852,-82.4753
TBM2016062315,020,27.819116,-82.492666
TBM2016062316,020,27.819683,-82.49335
TBM2016070101,020,27.829566,-82.5246
TBM2016070102,020,27.818983,-82.491766
TBM2016070103,020,27.819683,-82.494383
TBM2016070108,020,27.849233,-82.4723
TBM2016070109,020,27.853116,-82.476416
TBM2016070110,020,27.854016,-82.476483
TBM2016070115,020,27.88035,-82.481416
TBM2016070204,020,27.535083,-82.640383
TBM2016070205,020,27.523716,-82.645783
TBM2016070206,020,27.523083,-82.646766
TBM2016070302,020,27.876066,-82.43695
TBM2016070306,020,27.790266,-82.407666
TBM2016070307,020,27.804366,-82.416016
TBM2016070401,020,27.930816,-82.428566
TBM2016070402,020,27.9309,-82.413666
TBM2016070406,020,27.935016,-82.415416
TBM2016070407,020,27.933816,-82.416283
TBM2016070408,020,27.9427,-82.420233
TBM2016070409,020,27.941233,-82.418866
TBM2016070410,020,27.922833,-82.485716
TBM2016070503,020,27.846716,-82.555333
TBM2016070504,020,27.847666,-82.5523
TBM2016070506,020,27.811533,-82.5986
TBM2016070508,020,27.859683,-82.596366
TBM2016070803,020,27.9749,-82.58225
TBM2016070804,020,27.975516,-82.5836
TBM2016070806,020,27.917683,-82.6821
TBM2016070809,020,27.952683,-82.547783
TBM2016070810,020,27.9703,-82.61815
TBM2016070902,020,27.959,-82.707033
TBM2016070903,020,27.963883,-82.69185
TBM2016070904,020,27.973583,-82.687366
TBM2016070906,020,28.004716,-82.676
TBM2016071103,020,27.64935,-82.735766
TBM2016071107,020,27.6361,-82.7038
TBM2016071207,020,27.72235,-82.7266
TBM2016071303,020,27.540816,-82.588116
TBM2016071304,020,27.54265,-82.5873
TBM2016071305,020,27.5516,-82.619166
TBM2016071401,020,27.750933,-82.46705
TBM2016071403,020,27.680183,-82.49925
TBM2016071602,020,27.698933,-82.652366
TBM2016071603,020,27.702216,-82.663
TBM2016071606,020,27.73865,-82.637016
TBM2016072003,020,27.590666,-82.603966
TBM2016072004,020,27.589966,-82.6044
TBM2016072009,020,27.573716,-82.613116
TBM2016072010,020,27.57175,-82.613566
TBM2016072101,020,27.934783,-82.536716
TBM2016072102,020,27.935516,-82.5359
TBM2016072103,020,27.935766,-82.537066
TBM2016072104,020,27.9392,-82.5383
TBM2016072113,020,27.9085,-82.53665
TBM2016072114,020,27.9058,-82.533983
TBM2016072205,020,27.636716,-82.72995
TBM2016072206,020,27.637733,-82.729216
TBM2016072211,020,27.810216,-82.596133
TBM2016072212,020,27.809233,-82.5965
TBM2016080102,020,27.8059,-82.443983
TBM2016080103,020,27.77365,-82.433166
TBM2016080107,020,27.827583,-82.471083
TBM2016080108,020,27.88225,-82.481466
TBM2016080202,020,27.51315,-82.70945
TBM2016080207,020,27.539116,-82.635033
TBM2016080304,020,27.503283,-82.591716
TBM2016080305,020,27.503683,-82.590266
TBM2016080306,020,27.5119,-82.582366
TBM2016080401,020,27.94115,-82.421066
TBM2016080402,020,27.942166,-82.4155
TBM2016080403,020,27.936766,-82.4152
TBM2016080404,020,27.934566,-82.415333
TBM2016080405,020,27.945366,-82.42295
TBM2016080408,020,27.946,-82.390133
TBM2016080503,020,27.825566,-82.6064
TBM2016080601,020,27.788733,-82.621966
TBM2016080602,020,27.789883,-82.6163
TBM2016080603,020,27.78,-82.621366
TBM2016080604,020,27.7561,-82.628666
TBM2016080701,020,27.890183,-82.542166
TBM2016080702,020,27.903333,-82.53535
TBM2016080704,020,27.952666,-82.547766
TBM2016080707,020,27.89865,-82.646033
TBM2016080708,020,27.869333,-82.612533
TBM2016080807,020,27.737766,-82.69335
TBM2016081104,020,27.657133,-82.672
TBM2016081105,020,27.663316,-82.6867
TBM2016081201,020,27.669233,-82.716733
TBM2016081206,020,27.644533,-82.737283
TBM2016081302,020,27.837083,-82.394633
TBM2016081304,020,27.897916,-82.4341
TBM2016081402,020,28.017216,-82.648816
TBM2016081406,020,27.924366,-82.688433
TBM2016081407,020,27.962566,-82.682016
TBM2016081505,020,27.590266,-82.601666
TBM2016081506,020,27.594066,-82.59885
TBM2016081507,020,27.588933,-82.605433
TBM2016081510,020,27.57275,-82.61435
TBM2016081511,020,27.573116,-82.613116
TBM2016081512,020,27.574,-82.617633
TBM2016081801,020,27.82965,-82.6024
TBM2016082001,020,27.973283,-82.5815
TBM2016082002,020,27.97365,-82.582566
TBM2016082009,020,27.634616,-82.73075
TBM2016082010,020,27.637416,-82.726766
TBM2016082101,020,27.8204,-82.494833
TBM2016082102,020,27.819333,-82.4934
TBM2016082103,020,27.852166,-82.474616
TBM2016082104,020,27.851266,-82.476066
TBM2016082117,020,27.808,-82.593216
TBM2016082118,020,27.808216,-82.5925
TBM2016082201,020,27.905433,-82.533633
TBM2016082202,020,27.9122,-82.535216
TBM2016082203,020,27.932983,-82.535783
TBM2016082204,020,27.932383,-82.5349
TBM2016082205,020,27.935483,-82.538916
TBM2016082206,020,27.936516,-82.5416
TBM2016090101,020,27.606533,-82.566116
TBM2016090106,020,27.59075,-82.6033
TBM2016090107,020,27.590683,-82.600483
TBM2016090108,020,27.58955,-82.604566
TBM2016090110,020,27.572816,-82.612966
TBM2016090111,020,27.572433,-82.613616
TBM2016090201,020,27.70895,-82.494783
TBM2016090202,020,27.7108,-82.500683
TBM2016090203,020,27.717533,-82.500866
TBM2016090204,020,27.7418,-82.480866
TBM2016090209,020,27.68205,-82.516533
TBM2016090301,020,27.933266,-82.415883
TBM2016090302,020,27.936266,-82.417166
TBM2016090305,020,27.939966,-82.421633
TBM2016090306,020,27.940766,-82.423766
TBM2016090307,020,27.88475,-82.480766
TBM2016090401,020,27.637633,-82.729433
TBM2016090402,020,27.637933,-82.72805
TBM2016090407,020,27.808816,-82.595666
TBM2016090408,020,27.81015,-82.595866
TBM2016090501,020,27.82195,-82.6194
TBM2016090704,020,27.870266,-82.428083
TBM2016090706,020,27.815916,-82.396533
TBM2016090804,020,27.665483,-82.67815
TBM2016090901,020,27.848183,-82.47265
TBM2016090904,020,27.851733,-82.475516
TBM2016090905,020,27.853116,-82.475133
TBM2016090910,020,27.819916,-82.494216
TBM2016090911,020,27.819933,-82.492566
TBM2016091101,020,27.986433,-82.6085
TBM2016091102,020,28.009683,-82.6396
TBM2016091103,020,28.00295,-82.6297
TBM2016091104,020,27.9681,-82.63645
TBM2016091105,020,27.973616,-82.5799
TBM2016091106,020,27.97465,-82.580233
TBM2016091303,020,27.55515,-82.606716
TBM2016091305,020,27.523,-82.621566
TBM2016091306,020,27.526782999999998,-82.622966
TBM2016091401,020,27.927283,-82.533583
TBM2016091403,020,27.853033,-82.5536
TBM2016091404,020,27.8504,-82.554916
TBM2016091405,020,27.835933,-82.583216
TBM2016091504,020,27.93515,-82.727516
TBM2016091505,020,27.91625,-82.6705
TBM2016091705,020,27.53805,-82.636583
TBM2016091902,020,27.70645,-82.621233
TBM2016091903,020,27.689466,-82.679982999999993
TBM2016091904,020,27.681,-82.688916
TBM2016091905,020,27.7184,-82.700866
TBM2016091906,020,27.718466,-82.699333
TBM2016092003,020,27.906166,-82.534633
TBM2016092004,020,27.909116,-82.536616
TBM2016092009,020,27.93605,-82.539566
TBM2016092010,020,27.934633,-82.54025
TBM2016092011,020,27.927883,-82.533866
TBM2016092012,020,27.929533,-82.53445
TBM2016100206,020,27.636466,-82.727833
TBM2016100207,020,27.6358,-82.73005
TBM2016100212,020,27.809283,-82.594
TBM2016100213,020,27.8103,-82.596283
TBM2016100405,020,27.548166,-82.582066
TBM2016100501,020,28.010083,-82.654616
TBM2016100502,020,27.976733,-82.6833
TBM2016100503,020,27.963083,-82.685466
TBM2016100504,020,27.974233,-82.582116
TBM2016100505,020,27.975616,-82.582016
TBM2016100703,020,27.75195,-82.464616
TBM2016100705,020,27.719183,-82.486733
TBM2016100706,020,27.717583,-82.50095
TBM2016100801,020,27.93435,-82.448116
TBM2016100802,020,27.942416,-82.419983
TBM2016100803,020,27.941333,-82.41785
TBM2016100804,020,27.939166,-82.41455
TBM2016100805,020,27.938366,-82.41455
TBM2016100808,020,27.951033,-82.41445
TBM2016100809,020,27.89335,-82.4856
TBM2016100810,020,27.910366,-82.445616
TBM2016100907,020,27.797116,-82.418316
TBM2016100908,020,27.68,-82.520416
TBM2016101003,020,27.533366,-82.658316
TBM2016101206,020,27.81825,-82.4921
TBM2016101207,020,27.82005,-82.495016
TBM2016101208,020,27.85245,-82.475883
TBM2016101209,020,27.85265,-82.477216
TBM2016101303,020,27.918783,-82.68695
TBM2016101304,020,27.922233,-82.68815
TBM2016101305,020,27.921883,-82.681233
TBM2016101403,020,27.699583,-82.692466
TBM2016101404,020,27.686883,-82.676133
TBM2016101503,020,27.592083,-82.601433
TBM2016101504,020,27.589116,-82.60465
TBM2016101507,020,27.5853,-82.611883
TBM2016101508,020,27.59995,-82.555816
TBM2016101511,020,27.571416,-82.61335
TBM2016101512,020,27.571683,-82.61465
TBM2016101515,020,27.57865,-82.593266
TBM2016101601,020,27.829783,-82.585216
TBM2016101602,020,27.8551,-82.593566
TBM2016101603,020,27.812933,-82.597416
TBM2016101606,020,27.841166,-82.620183
TBM2016101607,020,27.846766,-82.62145
TBM2016101703,020,27.6202,-82.7338
TBM2016101707,020,27.7399,-82.724633
TBM2016101802,020,27.530083,-82.719766
TBM2016101902,020,27.8798,-82.533166
TBM2016101903,020,27.9046,-82.532
TBM2016102007,020,27.9394,-82.539616
TBM2016102008,020,27.93665,-82.536283
TBM2016102009,020,27.929333,-82.533733
TBM2016102010,020,27.929066,-82.533516
TBM2016102013,020,27.909333,-82.536766
TBM2016102014,020,27.910583,-82.536383
TBM2016110101,020,27.879966,-82.482
TBM2016110106,020,27.8543,-82.479816
TBM2016110107,020,27.85255,-82.4751
TBM2016110110,020,27.819816,-82.49375
TBM2016110111,020,27.8181,-82.491716
TBM2016110210,020,27.5903,-82.603266
TBM2016110211,020,27.5903,-82.603933
TBM2016110212,020,27.589566,-82.624433
TBM2016110213,020,27.573483,-82.61345
TBM2016110214,020,27.571566,-82.613816
TBM2016110404,020,27.92705,-82.704966
TBM2016110407,020,27.889483,-82.616966
TBM2016110501,020,27.8533,-82.553333
TBM2016110503,020,27.84815,-82.552066
TBM2016110505,020,27.789866,-82.615316000000007
TBM2016110506,020,27.798183,-82.599233
TBM2016110507,020,27.837683,-82.589966
TBM2016110508,020,27.864233,-82.596266
TBM2016110602,020,27.649033,-82.730133
TBM2016110607,020,27.638066,-82.692916
TBM2016110902,020,27.93745,-82.56155
TBM2016110903,020,27.970566,-82.611066
TBM2016110904,020,27.970333,-82.617316
TBM2016110905,020,27.96745,-82.649083
TBM2016110908,020,27.974266,-82.5816
TBM2016110909,020,27.973866,-82.58385
TBM2016111101,020,27.929783,-82.5343
TBM2016111102,020,27.932316,-82.53535
TBM2016111103,020,27.936066,-82.536383
TBM2016111104,020,27.939633,-82.53865
TBM2016111113,020,27.912116,-82.53535
TBM2016111114,020,27.9053,-82.53255
TBM2016111201,020,27.9337,-82.41525
TBM2016111202,020,27.936983,-82.416533
TBM2016111205,020,27.941883,-82.416466
TBM2016111206,020,27.94125,-82.41765
TBM2016111208,020,27.884333,-82.408583
TBM2016111304,020,27.8375,-82.44045
TBM2016111305,020,27.822583,-82.439833
TBM2016111306,020,27.8153,-82.396833
TBM2016111501,020,27.676683,-82.541733
TBM2016111503,020,27.643133,-82.55805
TBM2016111504,020,27.662983,-82.543916
TBM2016111506,020,27.70305,-82.516533
TBM2016111507,020,27.709783,-82.476166
TBM2016111508,020,27.7102,-82.482366
TBM2016111509,020,27.681516,-82.497033
TBM2016111601,020,27.5212,-82.6065
TBM2016111603,020,27.524566,-82.720833
TBM2016111805,020,27.701266,-82.663166
TBM2016111806,020,27.7106,-82.7271
TBM2016111807,020,27.735916,-82.692033
TBM2016112002,020,27.637266,-82.725566
TBM2016112003,020,27.633333,-82.73115
TBM2016112010,020,27.809116,-82.594716
TBM2016112011,020,27.81005,-82.595816
TBM2016120103,020,28.017833,-82.667716
TBM2016120201,020,27.928066,-82.533833
TBM2016120202,020,27.930433,-82.534216
TBM2016120203,020,27.9379,-82.537733
TBM2016120204,020,27.93625,-82.541
TBM2016120217,020,27.9098,-82.53585
TBM2016120218,020,27.906533,-82.5361
TBM2016120219,020,27.90385,-82.5343
TBM2016120301,020,27.7365,-82.6945
TBM2016120302,020,27.741033,-82.743683
TBM2016120303,020,27.703233,-82.71445
TBM2016120503,020,27.88375,-82.424416
TBM2016120504,020,27.86405,-82.436
TBM2016120505,020,27.844416,-82.420383
TBM2016120506,020,27.814283,-82.3962
TBM2016120507,020,27.817566,-82.392266
TBM2016120603,020,27.592216,-82.601366
TBM2016120604,020,27.5936,-82.599833
TBM2016120609,020,27.572333,-82.6138
TBM2016120610,020,27.572966,-82.61245
TBM2016120611,020,27.576966,-82.599283
TBM2016120802,020,27.534616,-82.733183
TBM2016120805,020,27.6086,-82.567533
TBM2016120806,020,27.605866,-82.56455
TBM2016120807,020,27.53755,-82.606216
TBM2016121001,020,27.677733,-82.508116
TBM2016121002,020,27.67785,-82.5084
TBM2016121101,020,27.96775,-82.556633
TBM2016121102,020,28.005033,-82.625483
TBM2016121103,020,27.97965,-82.682433
TBM2016121105,020,27.917583,-82.655816
TBM2016121201,020,27.840333,-82.605916
TBM2016121202,020,27.82845,-82.598833
TBM2016121205,020,27.85685,-82.5522
TBM2016121301,020,27.9408,-82.424366
TBM2016121302,020,27.942516,-82.421033
TBM2016121305,020,27.940066,-82.414633
TBM2016121306,020,27.938016,-82.41535
TBM2016121307,020,27.972983,-82.581283
TBM2016121308,020,27.975483,-82.583416
TBM2016121401,020,27.820433,-82.495766
TBM2016121402,020,27.819183,-82.4925
TBM2016121403,020,27.816566,-82.484833
TBM2016121404,020,27.852866,-82.476816
TBM2016121405,020,27.85365,-82.47855
TBM2016121406,020,27.87025,-82.488366
TBM2016121411,020,27.822633,-82.4881
TBM2016121505,020,27.810933,-82.59735
TBM2016121506,020,27.81,-82.596466
TBM2016121507,020,27.636716,-82.727066
TBM2016121508,020,27.633383,-82.731116
TBM2016121701,020,27.724466,-82.63385
TBM2016121703,020,27.691,-82.646716
TBM2016121704,020,27.658433,-82.7439
TBM2016121705,020,27.6314,-82.733616
TBM2017010201,020,27.636966,-82.576416
TBM2017010404,020,27.937633,-82.415666
TBM2017010405,020,27.934383,-82.4171
TBM2017010406,020,27.93955,-82.42205
TBM2017010407,020,27.9427,-82.4146
TBM2017010408,020,27.91245,-82.490733
TBM2017010409,020,27.930966,-82.44825
TBM2017010502,020,28.0112,-82.656933
TBM2017010504,020,27.9079,-82.632716
TBM2017010506,020,27.938066,-82.7231
TBM2017010508,020,27.9603,-82.700183
TBM2017010606,020,27.637383,-82.727433
TBM2017010607,020,27.637683,-82.726933
TBM2017010612,020,27.81075,-82.5975
TBM2017010613,020,27.8096,-82.596583
TBM2017010701,020,27.852016,-82.55475
TBM2017010703,020,27.857316,-82.5914
TBM2017010704,020,27.857583,-82.598433
TBM2017010705,020,27.83725,-82.605666
TBM2017010709,020,27.839533,-82.62495
TBM2017010801,020,27.748783,-82.739966
TBM2017010802,020,27.728383,-82.736833
TBM2017010803,020,27.724283,-82.731733
TBM2017010804,020,27.727983,-82.693266
TBM2017010807,020,27.6247,-82.715866
TBM2017010903,020,27.975016,-82.5816
TBM2017010904,020,27.974466,-82.581916
TBM2017010906,020,27.997016,-82.644866
TBM2017010909,020,27.972766,-82.5946
TBM2017011101,020,27.889566,-82.408616
TBM2017011102,020,27.875066,-82.403266
TBM2017011103,020,27.8829,-82.4241
TBM2017011106,020,27.7914,-82.411466
TBM2017011107,020,27.76855,-82.439033
TBM2017011108,020,27.73285,-82.47455
TBM2017011109,020,27.73915,-82.4748
TBM2017011201,020,27.57175,-82.614116
TBM2017011202,020,27.571516,-82.61495
TBM2017011212,020,27.589966,-82.6041
TBM2017011213,020,27.592283,-82.601216
TBM2017011214,020,27.592133,-82.5864
TBM2017011501,020,27.90585,-82.534283
TBM2017011502,020,27.906833,-82.536366
TBM2017011503,020,27.923983,-82.530366
TBM2017011512,020,27.938183,-82.542516
TBM2017011513,020,27.936366,-82.541933
TBM2017011514,020,27.9305,-82.535033
TBM2017011515,020,27.9293,-82.534966
TBM2017011601,020,27.576166,-82.566366
TBM2017011602,020,27.56235,-82.5876
TBM2017011603,020,27.538616,-82.636183
TBM2017011606,020,27.566716,-82.620933
TBM2017011607,020,27.505816,-82.607883
TBM2017011701,020,27.798383,-82.606066
TBM2017012007,020,27.82125,-82.496016
TBM2017012008,020,27.819983,-82.4952
TBM2017012011,020,27.853716,-82.477583
TBM2017012012,020,27.853,-82.476116
TBM2017020106,020,27.589583,-82.605533
TBM2017020107,020,27.594016,-82.599683
TBM2017020108,020,27.606566,-82.58075
TBM2017020114,020,27.5715,-82.614366
TBM2017020115,020,27.571883,-82.613
TBM2017020205,020,27.975866,-82.583583
TBM2017020206,020,27.974083,-82.58415
TBM2017020209,020,27.9397,-82.421533
TBM2017020210,020,27.9403,-82.41985
TBM2017020211,020,27.937883,-82.41585
TBM2017020212,020,27.938566,-82.4147
TBM2017020301,020,27.774733,-82.626583
TBM2017020303,020,27.739016,-82.63975
TBM2017020304,020,27.739183,-82.632383
TBM2017020504,020,27.999516,-82.663383
TBM2017020505,020,27.986733,-82.689066
TBM2017020602,020,27.931216,-82.473666
TBM2017020604,020,27.808916,-82.443516
TBM2017020607,020,27.857083,-82.4042
TBM2017020701,020,27.536966,-82.6062
TBM2017020703,020,27.55205,-82.5752
TBM2017020704,020,27.558583,-82.62725
TBM2017020705,020,27.524733,-82.723533
TBM2017020708,020,27.511366,-82.5736
TBM2017020802,020,27.644433,-82.67315
TBM2017020803,020,27.638666,-82.7099
TBM2017020804,020,27.6999,-82.693733
TBM2017020805,020,27.710166,-82.685033
TBM2017020806,020,27.7286,-82.737716
TBM2017020904,020,27.841,-82.541766
TBM2017020905,020,27.829316,-82.580683
TBM2017020906,020,27.850016,-82.59655
TBM2017021001,020,27.879016,-82.481216
TBM2017021006,020,27.853033,-82.478316
TBM2017021007,020,27.852616,-82.476583
TBM2017021008,020,27.814833,-82.4858
TBM2017021013,020,27.8206,-82.495716
TBM2017021014,020,27.818566,-82.492833
TBM2017021102,020,27.689083,-82.5349
TBM2017021104,020,27.726066,-82.48055
TBM2017021105,020,27.744066,-82.481
TBM2017021107,020,27.765733,-82.43335
TBM2017021302,020,27.904733,-82.5328
TBM2017021303,020,27.942133,-82.544366
TBM2017021306,020,27.937733,-82.722183
TBM2017021307,020,27.923516,-82.697833
TBM2017021308,020,27.92445,-82.693416
TBM2017022004,020,27.934916,-82.536083
TBM2017022005,020,27.9369,-82.53765
TBM2017022101,020,27.636933,-82.7272
TBM2017022102,020,27.63695,-82.728783
TBM2017022107,020,27.809016,-82.59575
TBM2017022108,020,27.809066,-82.593766
TBM2017022203,020,27.934883,-82.53605
TBM2017022204,020,27.92755,-82.533433
TBM2017022211,020,27.907283,-82.536183
TBM2017022212,020,27.907266,-82.536766
TBM2017030102,020,27.624383,-82.706716
TBM2017030104,020,27.62115,-82.732966
TBM2017030105,020,27.6607,-82.73935
TBM2017030106,020,27.677,-82.73135
TBM2017030108,020,27.7043,-82.717466
TBM2017030304,020,27.750683,-82.464116
TBM2017030305,020,27.742383,-82.481533
TBM2017030306,020,27.7332,-82.47425
TBM2017030307,020,27.7173,-82.477116
TBM2017030308,020,27.712633,-82.454933
TBM2017030401,020,27.886266,-82.4805
TBM2017030403,020,27.884533,-82.4257
TBM2017030406,020,27.931,-82.448333
TBM2017030408,020,27.934066,-82.414266
TBM2017030503,020,27.643083,-82.557266
TBM2017030505,020,27.667366,-82.5406
TBM2017030506,020,27.681383,-82.535083
TBM2017030702,020,27.836866,-82.583033
TBM2017030703,020,27.841516,-82.542983
TBM2017030704,020,27.832233,-82.562883
TBM2017030705,020,27.83245,-82.5628
TBM2017030801,020,27.968383,-82.641183
TBM2017030802,020,27.966283,-82.651633
TBM2017030804,020,27.92525,-82.693083
TBM2017030806,020,28.016783,-82.64265
TBM2017030807,020,28.005283,-82.674216
TBM2017030808,020,27.993883,-82.6221
TBM2017030904,020,27.9754,-82.593533
TBM2017031006,020,27.591416,-82.602666
TBM2017031007,020,27.58955,-82.6051
TBM2017031010,020,27.57295,-82.612516
TBM2017031011,020,27.571533,-82.613316
TBM2017031012,020,27.582566,-82.612516
TBM2017031101,020,27.5115,-82.578183
TBM2017031102,020,27.517966,-82.599416
TBM2017031301,020,27.78925,-82.622166000000007
TBM2017031305,020,27.844133,-82.549033
TBM2017031401,020,27.5064,-82.692866
TBM2017032001,020,27.8535,-82.4746
TBM2017032002,020,27.853716,-82.475633
TBM2017032003,020,27.8189,-82.49215
TBM2017032004,020,27.8195,-82.49155
TBM2017032101,020,27.637916,-82.72815
TBM2017032102,020,27.636666,-82.727483
TBM2017032108,020,27.810466,-82.596116
TBM2017032109,020,27.808816,-82.593783
TBM2017032201,020,27.941916,-82.4181
TBM2017032202,020,27.939616,-82.421916
TBM2017032203,020,27.93355,-82.41735
TBM2017032204,020,27.935916,-82.41625
TBM2017032207,020,27.973283,-82.58215
TBM2017032208,020,27.974683,-82.580966
TBM2017032301,020,27.93545,-82.53765
TBM2017032302,020,27.934783,-82.53675
TBM2017032303,020,27.934333,-82.536383
TBM2017032304,020,27.939316,-82.53905
TBM2017032313,020,27.909633,-82.536833
TBM2017032314,020,27.905,-82.533133
TBM2017040101,020,27.53285,-82.730283
TBM2017040103,020,27.580433,-82.603316
TBM2017040104,020,27.571133,-82.588783
TBM2017040107,020,27.511533,-82.580966
TBM2017040203,020,27.68975,-82.67585
TBM2017040205,020,27.710483,-82.727183
TBM2017040206,020,27.672116,-82.721133
TBM2017040207,020,27.6729,-82.722433
TBM2017040208,020,27.6532,-82.7176
TBM2017040401,020,27.844816,-82.398066
TBM2017040404,020,27.864116,-82.435666
TBM2017040407,020,27.886366,-82.4132
TBM2017040501,020,27.85395,-82.476883
TBM2017040502,020,27.852366,-82.474716
TBM2017040503,020,27.822016,-82.47085
TBM2017040504,020,27.820116,-82.494166
TBM2017040505,020,27.8204,-82.496066
TBM2017040506,020,27.8227,-82.4883
TBM2017040701,020,27.802316,-82.617716
TBM2017040702,020,27.83685,-82.605666
TBM2017040703,020,27.847933,-82.612533
TBM2017040706,020,27.847366,-82.5541
TBM2017040707,020,27.865166,-82.566633
TBM2017040802,020,27.827216,-82.523883
TBM2017040808,020,27.7111,-82.487566
TBM2017040809,020,27.755633,-82.4513
TBM2017040901,020,27.9412,-82.422083
TBM2017040902,020,27.940966,-82.417733
TBM2017040903,020,27.9395,-82.415133
TBM2017040904,020,27.9381,-82.416183
TBM2017040911,020,27.974916,-82.5819
TBM2017040912,020,27.974066,-82.584333
TBM2017041104,020,27.985533,-82.6911
TBM2017041106,020,27.945916,-82.72355
TBM2017041201,020,27.50815,-82.673766
TBM2017041205,020,27.5524,-82.574766
TBM2017041206,020,27.5496,-82.572983
TBM2017041402,020,27.9106,-82.6286
TBM2017041403,020,27.90945,-82.630066
TBM2017041404,020,27.922016,-82.6493
TBM2017041407,020,28.016933,-82.643683
TBM2017041408,020,27.9998,-82.636916
TBM2017042001,020,27.637366,-82.727733
TBM2017042002,020,27.636883,-82.727983
TBM2017042007,020,27.80955,-82.595066
TBM2017042008,020,27.808233,-82.593433
TBM2017042103,020,27.590133,-82.603516
TBM2017042104,020,27.589366,-82.604466
TBM2017042109,020,27.573016,-82.612666
TBM2017042110,020,27.573316,-82.612916
TBM2017042201,020,27.909866,-82.536866
TBM2017042202,020,27.911916,-82.535266
TBM2017042203,020,27.928,-82.533716
TBM2017042204,020,27.931983,-82.534816
TBM2017042205,020,27.935383,-82.537116
TBM2017042206,020,27.9366,-82.536366
TBM2017050104,020,27.680316,-82.5315
TBM2017050105,020,27.6951,-82.512716
TBM2017050108,020,27.734416,-82.474833
TBM2017050203,020,28.031016,-82.682833
TBM2017050206,020,27.916083,-82.683466
TBM2017050207,020,27.9244,-82.689033
TBM2017050208,020,27.94075,-82.7211
TBM2017050209,020,28.003533,-82.616566
TBM2017050301,020,27.873516,-82.4374
TBM2017050302,020,27.842916,-82.543316
TBM2017050303,020,27.844666,-82.54175
TBM2017050305,020,27.8659,-82.488566
TBM2017050306,020,27.8739,-82.486716
TBM2017050308,020,27.9098,-82.445483
TBM2017050501,020,27.701083,-82.649266
TBM2017050504,020,27.7069,-82.63605
TBM2017050505,020,27.720383000000002,-82.635566
TBM2017050508,020,27.741066,-82.6383
TBM2017050601,020,27.928216,-82.476516
TBM2017050602,020,27.90895,-82.455183
TBM2017050603,020,27.8945,-82.419933
TBM2017050604,020,27.845783,-82.39165
TBM2017050701,020,27.888433,-82.541183
TBM2017050704,020,27.939833,-82.551016
TBM2017050901,020,27.70215,-82.6656
TBM2017050902,020,27.704116,-82.667766
TBM2017050906,020,27.619733,-82.733566
TBM2017050907,020,27.699316,-82.721666
TBM2017050908,020,27.728966,-82.73735
TBM2017051202,020,27.541616,-82.605083
TBM2017051206,020,27.5363,-82.620416
TBM2017051207,020,27.539083,-82.634083
TBM2017051208,020,27.537366,-82.64385
TBM2017051209,020,27.5336,-82.6552
TBM2017060102,020,27.871483,-82.437566
TBM2017060104,020,27.802883,-82.416666
TBM2017060105,020,27.8149,-82.394833
TBM2017060106,020,27.899583,-82.429916
TBM2017060107,020,27.9316,-82.426366
TBM2017060108,020,27.94615,-82.39025
TBM2017060109,020,27.9524,-82.415183
TBM2017060110,020,27.927966,-82.415383
TBM2017060202,020,27.522483,-82.6652
TBM2017060301,020,27.802683,-82.605683
TBM2017060302,020,27.829,-82.58155
TBM2017060303,020,27.83405,-82.586466
TBM2017060304,020,27.850416,-82.554982999999993
TBM2017060706,020,27.704433,-82.45595
TBM2017060804,020,27.988333,-82.688333
TBM2017060806,020,28.01755,-82.65005
TBM2017060807,020,28.016116,-82.651416
TBM2017060903,020,27.6389,-82.703166
TBM2017061007,020,27.681433,-82.717033
TBM2017061009,020,27.7426,-82.7292
TBM2017061102,020,27.66745,-82.709466
TBM2017061105,020,27.702533,-82.663083
TBM2017061106,020,27.697566,-82.645983
TBM2017061201,020,27.881883,-82.539483
TBM2017061204,020,27.972366,-82.598
TBM2017061205,020,27.967883,-82.63865
TBM2017061206,020,27.916383,-82.68345
TBM2017061207,020,27.912966,-82.6628
TBM2017061303,020,27.563116,-82.598033
TBM2017061305,020,27.54805,-82.633533
TBM2017061306,020,27.542733,-82.642766
TBM2017061307,020,27.5391,-82.63505
TBM2017061308,020,27.503483,-82.5898
TBM2017061403,020,27.597116,-82.578
TBM2017070103,020,27.646266,-82.740333
TBM2017070105,020,27.625166,-82.70455
TBM2017070204,020,27.8459,-82.614266
TBM2017070207,020,27.803116,-82.601883
TBM2017070208,020,27.7862,-82.611133
TBM2017070401,020,27.8502,-82.55495
TBM2017070406,020,27.952533,-82.547683
TBM2017070407,020,27.93975,-82.554666
TBM2017070408,020,27.935216,-82.536166
TBM2017070502,020,27.69755,-82.646066
TBM2017070506,020,27.724833,-82.736683
TBM2017070507,020,27.742566,-82.742333
TBM2017070508,020,27.747266,-82.745333
TBM2017070602,020,27.739616,-82.628683
TBM2017070701,020,27.553516,-82.575083
TBM2017070702,020,27.534016,-82.644866
TBM2017070906,020,27.636266,-82.576416
TBM2017071001,020,27.970433,-82.616783
TBM2017071004,020,28.01775,-82.68375
TBM2017071007,020,27.990083,-82.606433
TBM2017071008,020,27.975566,-82.593683
TBM2017071201,020,27.8902,-82.481533
TBM2017071202,020,27.892233,-82.4849
TBM2017071203,020,27.921966,-82.487033
TBM2017071204,020,27.9269,-82.478533
TBM2017071208,020,27.804766,-82.417266
TBM2017071209,020,27.821783,-82.406366
TBM2017071210,020,27.8643,-82.436066
TBM2017071306,020,27.7186,-82.495216
TBM2017071307,020,27.717566,-82.474466
TBM2017071401,020,27.697383,-82.512966
TBM2017071403,020,27.6091,-82.576883
TBM2017071404,020,27.603466,-82.549516
TBM2017071405,020,27.598433,-82.554183
TBM2017080101,020,27.520466,-82.641516
TBM2017080102,020,27.5133,-82.676116
TBM2017080105,020,27.529716,-82.692233
TBM2017080204,020,27.551216,-82.634383
TBM2017080302,020,27.69215,-82.5276
TBM2017080305,020,27.6501,-82.551116
TBM2017080401,020,27.883966,-82.531016
TBM2017080402,020,27.8745,-82.610366
TBM2017080405,020,27.8551,-82.597116
TBM2017080503,020,27.66495,-82.678016
TBM2017080506,020,27.64625,-82.740333
TBM2017080507,020,27.645583,-82.739833
TBM2017080601,020,27.967416,-82.642266
TBM2017080603,020,28.027883,-82.665416
TBM2017080604,020,28.013683,-82.649616
TBM2017080605,020,28.021566,-82.642416
TBM2017080608,020,27.955483,-82.544866
TBM2017080802,020,27.916683,-82.663933
TBM2017081001,020,27.701216,-82.686783
TBM2017081003,020,27.718183,-82.70135
TBM2017081203,020,27.753566,-82.456416
TBM2017081204,020,27.77,-82.4319
TBM2017081205,020,27.81415,-82.399216
TBM2017081206,020,27.86805,-82.43765
TBM2017081207,020,27.9003,-82.426516
TBM2017081209,020,27.884533,-82.48075
TBM2017081301,020,27.847883,-82.47205
TBM2017081302,020,27.82295,-82.47175
TBM2017081303,020,27.82375,-82.493
TBM2017081401,020,27.781766,-82.624416
TBM2017081403,020,27.818816,-82.616966
TBM2017081404,020,27.838516,-82.603366
TBM2017081407,020,27.74,-82.622216
TBM2017081502,020,27.59265,-82.594066
TBM2017090101,020,27.817516,-82.616433
TBM2017090103,020,27.870883,-82.59725
TBM2017090106,020,27.8297,-82.529483
TBM2017090402,020,27.749516,-82.467
TBM2017090404,020,27.643916,-82.557783
TBM2017090407,020,27.680666,-82.498833
TBM2017090505,020,27.790716,-82.614716
TBM2017090506,020,27.788283,-82.6218
TBM2017090507,020,27.773116,-82.625816
TBM2017090605,020,27.790966,-82.41445
TBM2017090606,020,27.81455,-82.3954
TBM2017090607,020,27.819616,-82.39345
TBM2017090608,020,27.83355,-82.431033
TBM2017090701,020,27.886416,-82.622783
TBM2017090801,020,27.9354,-82.45595
TBM2017090802,020,27.896016,-82.434283
TBM2017090805,020,27.8819,-82.403
TBM2017090807,020,27.95305,-82.41595
TBM2017090902,020,27.636383,-82.706883
TBM2017090903,020,27.625366,-82.730933
TBM2017090904,020,27.63985,-82.73375
TBM2017091103,020,27.600483,-82.593433
TBM2017091201,020,27.514616,-82.687466
TBM2017091401,020,27.9645,-82.665566
TBM2017091402,020,27.9626,-82.682116
TBM2017091403,020,27.960933,-82.693733
TBM2017091404,020,27.928766,-82.7051
TBM2017091405,020,27.9252,-82.692166
TBM2017091409,020,28.007983,-82.63895
TBM2017091501,020,27.4957,-82.578066
TBM2017091502,020,27.524216,-82.611316
TBM2017091503,020,27.5277,-82.6831
TBM2017091601,020,27.7375,-82.692183
TBM2017091602,020,27.72405,-82.696016
TBM2017100104,020,27.855333,-82.619366
TBM2017100105,020,27.7993,-82.598683
TBM2017100201,020,27.501166,-82.68735
TBM2017100206,020,27.51435,-82.619233
TBM2017100301,020,27.69545,-82.518966
TBM2017100302,020,27.7067,-82.506966
TBM2017100303,020,27.65795,-82.546366
TBM2017100304,020,27.641466,-82.559816
TBM2017100308,020,27.681333,-82.497216
TBM2017100404,020,27.69285,-82.645866
TBM2017100503,020,27.66205,-82.693416
TBM2017100504,020,27.662066,-82.6932
TBM2017100506,020,27.67075,-82.672816
TBM2017100601,020,27.9186,-82.490366
TBM2017100602,020,27.947833,-82.412983
TBM2017100604,020,27.86615,-82.43785
TBM2017100605,020,27.8397,-82.437416
TBM2017100606,020,27.786866,-82.424533
TBM2017100608,020,27.887133,-82.47865
TBM2017100703,020,27.736983,-82.490333
TBM2017100706,020,27.71415,-82.468283
TBM2017100801,020,27.599183,-82.5757
TBM2017101103,020,27.641133,-82.697033
TBM2017101106,020,27.739666,-82.724016
TBM2017101201,020,27.882783,-82.620066
TBM2017101202,020,27.882966,-82.619933
TBM2017101203,020,27.898616,-82.642133
TBM2017101204,020,27.911233,-82.655733
TBM2017101208,020,27.96515,-82.574383
TBM2017101209,020,27.972716,-82.588333
TBM2017101210,020,27.8731,-82.596516
TBM2017101602,020,27.975333,-82.693483
TBM2017101604,020,27.9513,-82.72245
TBM2017101605,020,27.95505,-82.720266
TBM2017110101,020,27.959,-82.55165
TBM2017110102,020,27.966666,-82.558716
TBM2017110106,020,27.903,-82.5386
TBM2017110201,020,27.5497,-82.580316
TBM2017110202,020,27.558866,-82.591833
TBM2017110204,020,27.524983,-82.662933
TBM2017110402,020,27.599966,-82.5578
TBM2017110405,020,27.643083,-82.557716
TBM2017110501,020,27.7807,-82.6249
TBM2017110507,020,27.7193,-82.631316
TBM2017110602,020,27.813166,-82.59595
TBM2017110603,020,27.829416,-82.580766
TBM2017110604,020,27.851816,-82.548283
TBM2017110608,020,27.866016,-82.487166
TBM2017110702,020,27.82275,-82.438416
TBM2017110703,020,27.843666,-82.4195
TBM2017110705,020,27.874383,-82.42505
TBM2017110707,020,27.899916,-82.429283
TBM2017110708,020,27.928066,-82.41745
TBM2017110901,020,27.73795,-82.70205
TBM2017110902,020,27.724716,-82.7295
TBM2017110903,020,27.717416,-82.705183
TBM2017111002,020,27.711083,-82.4751
TBM2017111004,020,27.7498,-82.462183
TBM2017111005,020,27.77145,-82.429982999999993
TBM2017111102,020,27.6297,-82.699783
TBM2017111104,020,27.636966,-82.70445
TBM2017111401,020,27.875983,-82.598583
TBM2017111402,020,27.913016,-82.62455
TBM2017111404,020,27.9157,-82.644783
TBM2017111405,020,27.90695,-82.6516
TBM2017111406,020,27.9252,-82.69005
TBM2017111501,020,27.535533,-82.66275
TBM2017111503,020,27.568783,-82.594716
TBM2017120101,020,27.585616,-82.595533
TBM2017120103,020,27.606833,-82.549933
TBM2017120104,020,27.627983,-82.5664
TBM2017120301,020,27.802233,-82.617766
TBM2017120302,020,27.817416,-82.6167
TBM2017120303,020,27.785166,-82.616616
TBM2017120305,020,27.842316,-82.5866
TBM2017120404,020,27.706783,-82.45975
TBM2017120501,020,27.892916,-82.410166
TBM2017120502,020,27.928633,-82.415916
TBM2017120503,020,27.926933,-82.421983
TBM2017120508,020,27.81855,-82.393233
TBM2017120605,020,27.962833,-82.572783
TBM2017120701,020,27.730483,-82.69345
TBM2017120702,020,27.71675,-82.70895
TBM2017120703,020,27.72395,-82.728616
TBM2017120705,020,27.703216,-82.6682
TBM2017120707,020,27.702716,-82.623066
TBM2017120801,020,27.995166,-82.679783
TBM2017120802,020,28.033083,-82.6771
TBM2017120804,020,28.01835,-82.6414
TBM2017120805,020,27.991783,-82.621083
TBM2017120808,020,27.981366,-82.683883
TBM2017120809,020,27.987116,-82.686
TBM2017120903,020,27.54045,-82.620866
TBM2017120905,020,27.536566,-82.652566
TBM2017120906,020,27.52085,-82.669033
TBM2017120908,020,27.511483,-82.58165
TBM2017121002,020,27.646966,-82.675266
TBM2017121105,020,27.739866,-82.628666
TBM2017121201,020,27.822333,-82.43135
TBM2017121202,020,27.80455,-82.417983
TBM2017121203,020,27.80505,-82.4446
TBM2017121204,020,27.78365,-82.42815
TBM2018010104,020,27.926916,-82.532933
TBM2018010106,020,27.963583,-82.551716
TBM2018010205,020,27.879783,-82.532166
TBM2018010206,020,27.879116,-82.532733
TBM2018010402,020,27.803283,-82.416933
TBM2018010405,020,27.768316,-82.43835
TBM2018010406,020,27.900133,-82.417616
TBM2018010408,020,27.945416,-82.430266
TBM2018010601,020,27.529383,-82.690733
TBM2018010606,020,27.511316,-82.5816
TBM2018010801,020,27.8664,-82.48865
TBM2018010802,020,27.870483,-82.487116
TBM2018010803,020,27.8778,-82.482466
TBM2018010807,020,27.743183,-82.4855
TBM2018010808,020,27.811983,-82.4051
TBM2018010904,020,27.609916,-82.564516
TBM2018010905,020,27.609083,-82.559883
TBM2018010906,020,27.60475,-82.566166
TBM2018010907,020,27.55075,-82.619766
TBM2018010908,020,27.5525,-82.57505
TBM2018011001,020,28.025583,-82.688916
TBM2018011004,020,27.976233,-82.69535
TBM2018011006,020,27.915933,-82.68185
TBM2018011007,020,27.933683,-82.709566
TBM2018011008,020,27.9399,-82.717733
TBM2018011101,020,27.70305,-82.697033
TBM2018011104,020,27.7408,-82.7381
TBM2018011105,020,27.698066,-82.7181
TBM2018011106,020,27.6443,-82.7365
TBM2018011107,020,27.644866,-82.727133
TBM2018011201,020,27.706216,-82.624
TBM2018011205,020,27.812866,-82.591066
TBM2018011206,020,27.8305,-82.552833
TBM2018011207,020,27.834816,-82.581883
TBM2018020105,020,27.923166,-82.532516
TBM2018020106,020,27.904016,-82.532483
TBM2018020201,020,27.972816,-82.609666
TBM2018020203,020,27.969383,-82.5727
TBM2018020206,020,27.9221,-82.6952
TBM2018020207,020,28.0019,-82.66795
TBM2018020208,020,27.9839,-82.618716
TBM2018020401,020,27.5023,-82.589516
TBM2018020402,020,27.514283,-82.709416
TBM2018020404,020,27.574966,-82.615483
TBM2018020405,020,27.563683,-82.623366
TBM2018020501,020,27.74135,-82.624883
TBM2018020502,020,27.74015,-82.638633
TBM2018020504,020,27.702116,-82.639183
TBM2018020703,020,27.848566,-82.555183
TBM2018020707,020,27.8393,-82.60515
TBM2018020708,020,27.81285,-82.597566
TBM2018020803,020,27.852866,-82.3985
TBM2018020805,020,27.922716,-82.4204
TBM2018020807,020,27.943083,-82.415233
TBM2018020902,020,27.81465,-82.493366
TBM2018020903,020,27.864216,-82.48635
TBM2018020905,020,27.8226,-82.43145
TBM2018020907,020,27.806616000000002,-82.445133
TBM2018020908,020,27.717883,-82.499766
TBM2018020909,020,27.726933,-82.47785
TBM2018021002,020,27.625283,-82.57085
TBM2018021005,020,27.653483,-82.5558
TBM2018021102,020,27.7255,-82.728
TBM2018021103,020,27.724966,-82.730483
TBM2018021104,020,27.723083,-82.73415
TBM2018021105,020,27.650533,-82.73655
TBM2018021106,020,27.616466,-82.725266
TBM2018021108,020,27.69575,-82.67955
TBM2018030101,020,27.737533,-82.699866
TBM2018030102,020,27.72475,-82.729433
TBM2018030105,020,27.68575,-82.693783
TBM2018030106,020,27.682783,-82.677216
TBM2018030107,020,27.708216,-82.632833
TBM2018030108,020,27.706183,-82.676433
TBM2018030601,020,27.68745,-82.521083
TBM2018030705,020,27.962766,-82.6897
TBM2018030707,020,28.0317,-82.672233
TBM2018030708,020,28.009533,-82.66495
TBM2018030709,020,27.984716,-82.618233
TBM2018030803,020,27.8845,-82.425583
TBM2018030804,020,27.817283,-82.39705
TBM2018030805,020,27.814,-82.401016
TBM2018030807,020,27.771283,-82.430016
TBM2018030809,020,27.74,-82.486416
TBM2018030810,020,27.743066,-82.479416
TBM2018030901,020,27.87635,-82.482583
TBM2018030902,020,27.9134,-82.445333
TBM2018030906,020,27.806066,-82.444816
TBM2018031002,020,27.877216,-82.60185
TBM2018031005,020,27.9284,-82.699666
TBM2018031006,020,27.9367,-82.560933
TBM2018031007,020,27.9,-82.538883
TBM2018031102,020,27.794166,-82.606083
TBM2018031103,020,27.806166,-82.610233
TBM2018031105,020,27.8333,-82.561366
TBM2018031106,020,27.85185,-82.548333
TBM2018031201,020,27.49645,-82.580033
TBM2018031203,020,27.5197,-82.63305
TBM2018031204,020,27.5334,-82.655166
TBM2018031205,020,27.53505,-82.6462
TBM2018031206,020,27.544716,-82.606783
TBM2018031207,020,27.573366,-82.570333
TBM2018040105,020,27.946633,-82.399083
TBM2018040106,020,27.93155,-82.41355
TBM2018040107,020,27.929266,-82.413383
TBM2018040201,020,27.522616,-82.621266
TBM2018040202,020,27.513516,-82.619216
TBM2018040205,020,27.574,-82.5597
TBM2018040206,020,27.548566,-82.58125
TBM2018040402,020,27.835433,-82.58715
TBM2018040403,020,27.834383,-82.58935
TBM2018040501,020,27.68855,-82.520916
TBM2018040504,020,27.64435,-82.55785
TBM2018040506,020,27.602866,-82.589066
TBM2018040601,020,27.930933,-82.474116
TBM2018040602,020,27.883016,-82.424116
TBM2018040603,020,27.803716,-82.417066
TBM2018040604,020,27.81845,-82.48485
TBM2018040605,020,27.852133,-82.47685
TBM2018040606,020,27.877016,-82.4833
TBM2018040703,020,27.999183,-82.657016
TBM2018040704,020,28.000266,-82.657333
TBM2018040705,020,27.998033,-82.6567
TBM2018040706,020,28.000383,-82.667816
TBM2018040707,020,27.99345,-82.68345
TBM2018040901,020,27.6363,-82.726866
TBM2018040902,020,27.6377,-82.733333
TBM2018040904,020,27.6668,-82.6949
TBM2018041001,020,27.7402,-82.638716
TBM2018041005,020,27.636216,-82.699133
TBM2018041103,020,27.843416,-82.587833
TBM2018041104,020,27.863316,-82.612633
TBM2018041105,020,27.878883,-82.613866
TBM2018041106,020,27.88645,-82.6227
TBM2018041107,020,27.9239,-82.5314
TBM2018041401,020,27.6185,-82.720283
TBM2018050202,020,27.837633,-82.589933
TBM2018050204,020,27.842216,-82.541216
TBM2018050301,020,27.7191,-82.494566
TBM2018050302,020,27.756466,-82.44865
TBM2018050306,020,27.650033,-82.551533
TBM2018050601,020,27.7369,-82.701766
TBM2018050602,020,27.72425,-82.695566
TBM2018050603,020,27.709633,-82.636516
TBM2018050606,020,27.817583,-82.617033
TBM2018050607,020,27.779366,-82.623233
TBM2018050703,020,27.888816,-82.411166
TBM2018050704,020,27.889333,-82.40825
TBM2018050705,020,27.827783,-82.395516
TBM2018050706,020,27.82285,-82.438316
TBM2018050707,020,27.822866,-82.437666
TBM2018050708,020,27.910916,-82.4902
TBM2018050709,020,27.927183,-82.476966
TBM2018050803,020,27.940783,-82.720666
TBM2018050804,020,27.921783,-82.683033
TBM2018050901,020,27.885366,-82.5313
TBM2018050904,020,27.962866000000002,-82.5727
TBM2018050905,020,27.973883,-82.6003
TBM2018050907,020,27.9113,-82.6559
TBM2018050908,020,27.908716,-82.640833
TBM2018050909,020,27.8822,-82.6188
TBM2018051102,020,27.530116,-82.627083
TBM2018051104,020,27.508333,-82.68675
TBM2018051106,020,27.527866,-82.7055
TBM2018051107,020,27.5342,-82.733166
TBM2018051109,020,27.57495,-82.55925
TBM2018051110,020,27.554133,-82.5731
TBM2018051202,020,27.653633,-82.7424
TBM2018051204,020,27.649366,-82.678183
TBM2018051207,020,27.628033,-82.718766
TBM2018060101,020,27.910466,-82.4456
TBM2018060103,020,27.863483,-82.430066
TBM2018060104,020,27.863716,-82.433633
TBM2018060105,020,27.76385,-82.433466
TBM2018060201,020,27.7081,-82.46365
TBM2018060203,020,27.720716,-82.4865
TBM2018060205,020,27.811666,-82.406483
TBM2018060304,020,27.8783,-82.532616
TBM2018060306,020,27.833816,-82.5319
TBM2018060307,020,27.837233,-82.538166
TBM2018060401,020,27.717383,-82.705266
TBM2018060601,020,27.51335,-82.623216
TBM2018060703,020,27.5896,-82.62435
TBM2018060707,020,27.565983,-82.566766
TBM2018060708,020,27.541633,-82.61445
TBM2018060709,020,27.52965,-82.599333
TBM2018060801,020,27.988033,-82.688616
TBM2018060802,020,28.016916,-82.66835
TBM2018060804,020,27.97045,-82.617466
TBM2018060805,020,27.9661,-82.565883
TBM2018060808,020,27.961483,-82.691466
TBM2018060810,020,28.004716,-82.624416
TBM2018060811,020,27.988783,-82.611666
TBM2018060902,020,27.643816,-82.718633
TBM2018060903,020,27.691366,-82.734383
TBM2018060904,020,27.702333,-82.697766
TBM2018060907,020,27.633166,-82.696116
TBM2018061004,020,27.6205,-82.566283
TBM2018061006,020,27.6925,-82.526233
TBM2018061203,020,27.757766,-82.6284
TBM2018061205,020,27.83065,-82.55255
TBM2018061206,020,27.85525,-82.552933
TBM2018061501,020,27.9401,-82.4335
TBM2018061502,020,27.952966,-82.41625
TBM2018070102,020,27.8481,-82.612
TBM2018070104,020,27.855083,-82.621833
TBM2018070106,020,27.851883,-82.609866
TBM2018070108,020,27.847433,-82.5531
TBM2018070201,020,27.589016,-82.602133
TBM2018070205,020,27.665,-82.5419
TBM2018070307,020,27.778266,-82.433266
TBM2018070308,020,27.748366,-82.462016
TBM2018070309,020,27.748383,-82.46205
TBM2018070401,020,27.9667,-82.64845
TBM2018070403,020,27.9261,-82.690066
TBM2018070405,020,27.96265,-82.68195
TBM2018070406,020,27.972333,-82.687116
TBM2018070407,020,28.005566,-82.674666
TBM2018070503,020,27.518183,-82.692983
TBM2018070601,020,27.720266,-82.6356
TBM2018070704,020,27.648616,-82.683833
TBM2018070705,020,27.6309,-82.69815
TBM2018070801,020,27.89825,-82.434
TBM2018070802,020,27.899966,-82.426416
TBM2018070804,020,27.822633,-82.438133
TBM2018070805,020,27.908716,-82.489433
TBM2018070806,020,27.891483,-82.483916
TBM2018070807,020,27.877383,-82.483416
TBM2018070809,020,27.8452,-82.545933
TBM2018071103,020,27.941633,-82.550183
TBM2018071104,020,27.897566,-82.643883
TBM2018071306,020,27.68565,-82.716666
TBM2018071307,020,27.676583,-82.730033
TBM2018071401,020,27.5286,-82.60225
TBM2018071403,020,27.561983,-82.606516
TBM2018071501,020,27.742333,-82.730016
TBM2018071604,020,27.5133,-82.6238
TBM2018071605,020,27.52285,-82.621566
TBM2018080101,020,27.7255,-82.622816
TBM2018080103,020,27.811066,-82.596483
TBM2018080201,020,27.71,-82.452666
TBM2018080301,020,27.93095,-82.448283
TBM2018080302,020,27.9505,-82.4169
TBM2018080305,020,27.879016,-82.407733
TBM2018080306,020,27.841483,-82.394833
TBM2018080402,020,27.7833,-82.417566
TBM2018080404,020,27.760733,-82.455116
TBM2018080405,020,27.74465,-82.48055
TBM2018080502,020,27.678983,-82.501383
TBM2018080601,020,27.7496,-82.743233
TBM2018080602,020,27.739066,-82.737316
TBM2018080603,020,27.7288,-82.738466
TBM2018080606,020,27.67555,-82.735633000000007
TBM2018080703,020,27.865033,-82.603916
TBM2018080707,020,27.961766,-82.549433
TBM2018080802,020,27.9831,-82.604683
TBM2018080804,020,28.018433,-82.684083
TBM2018080805,020,28.030766,-82.684516
TBM2018080807,020,27.935216,-82.716066
TBM2018080808,020,27.918333,-82.684033
TBM2018080906,020,27.622733,-82.731383
TBM2018081203,020,27.84745,-82.55285
TBM2018081204,020,27.84315,-82.5472
TBM2018081205,020,27.84365,-82.547233
TBM2018081207,020,27.888133,-82.541233
TBM2018081208,020,27.866266,-82.487266
TBM2018081301,020,27.51165,-82.5813
TBM2018081302,020,27.498883,-82.581166
TBM2018081305,020,27.520166,-82.67195
TBM2018081404,020,27.594316,-82.599516
TBM2018081405,020,27.599983,-82.557
TBM2018081407,020,27.630316,-82.57255
TBM2018090107,020,27.509166,-82.674666
TBM2018090201,020,27.923183,-82.531616
TBM2018090205,020,28.001283,-82.65585
TBM2018090206,020,27.993983,-82.637916
TBM2018090207,020,27.99015,-82.62245
TBM2018090301,020,27.921966,-82.485066
TBM2018090305,020,27.824483,-82.399666
TBM2018090306,020,27.81205,-82.405033
TBM2018090307,020,27.927866,-82.417616
TBM2018090401,020,27.739766,-82.691383
TBM2018090402,020,27.742166,-82.692683
TBM2018090405,020,27.716716,-82.728483
TBM2018090406,020,27.670183,-82.7424
TBM2018090503,020,27.956416,-82.71835
TBM2018090504,020,27.92515,-82.703666
TBM2018090505,020,27.91135,-82.665066
TBM2018090601,020,27.683083,-82.529533
TBM2018090605,020,27.758066,-82.449883
TBM2018090606,020,27.742116,-82.48565
TBM2018090607,020,27.742633,-82.48165
TBM2018090608,020,27.716916,-82.505966
TBM2018090804,020,27.616433,-82.725366
TBM2018090805,020,27.654133,-82.710633
TBM2018090903,020,27.513833,-82.621066
TBM2018091003,020,27.78785,-82.42315
TBM2018091005,020,27.673466,-82.539566
TBM2018091105,020,27.559816,-82.591083
TBM2018091106,020,27.550483,-82.577083
TBM2018091401,020,27.805716,-82.609333
TBM2018091404,020,27.754416,-82.62725
TBM2018091405,020,27.836716,-82.58315
TBM2018091407,020,27.837666,-82.603433
TBM2018091602,020,27.863683,-82.5486
TBM2018091603,020,27.8741,-82.531166
TBM2018100104,020,27.706783,-82.459116
TBM2018100204,020,27.792516,-82.606
TBM2018100206,020,27.824333,-82.60055
TBM2018100303,020,27.814966,-82.3968
TBM2018100304,020,27.815066,-82.395316
TBM2018100305,020,27.790283,-82.4214
TBM2018100401,020,27.882183,-82.4813
TBM2018100402,020,27.874566,-82.4852
TBM2018100403,020,27.86925,-82.487983
TBM2018100405,020,27.879583,-82.409416
TBM2018100407,020,27.86345,-82.429833
TBM2018100701,020,27.939466,-82.537166
TBM2018100703,020,27.95365,-82.544766
TBM2018100706,020,27.990583,-82.6117
TBM2018100707,020,28.003483,-82.611166
TBM2018100801,020,27.705116,-82.621533
TBM2018100802,020,27.690783,-82.677933
TBM2018101102,020,27.5234,-82.621566
TBM2018101104,020,27.53685,-82.6467
TBM2018101106,020,27.541666,-82.631066
TBM2018101107,020,27.548166,-82.630433
TBM2018101203,020,27.86985,-82.590183
TBM2018101205,020,27.851283,-82.556316
TBM2018101206,020,27.883166,-82.531483
TBM2018101301,020,27.595483,-82.5988
TBM2018101304,020,27.567416,-82.618883
TBM2018101306,020,27.553583,-82.599033
TBM2018101401,020,27.937116,-82.721666
TBM2018101404,020,27.999633,-82.666733
TBM2018101405,020,28.0116,-82.680533
TBM2018101702,020,27.630516,-82.69955
TBM2018101703,020,27.62265,-82.709966
TBM2018101704,020,27.645816,-82.686733
TBM2018101706,020,27.622033,-82.721566
TBM2018110201,020,27.93485,-82.447716
TBM2018110202,020,27.913283,-82.489333
TBM2018110203,020,27.874216,-82.484816
TBM2018110206,020,27.878533,-82.402
TBM2018110301,020,27.53045,-82.599966
TBM2018110302,020,27.548033,-82.58275
TBM2018110304,020,27.550766,-82.619766
TBM2018110308,020,27.511,-82.680766
TBM2018110402,020,27.718583,-82.700666
TBM2018110405,020,27.670966,-82.688116
TBM2018110406,020,27.668766,-82.693483
TBM2018110407,020,27.650566,-82.732283
TBM2018110604,020,27.55005,-82.63365
TBM2018110605,020,27.56955,-82.577716
TBM2018110703,020,27.836166,-82.4412
TBM2018110704,020,27.787933,-82.423483
TBM2018110901,020,27.507383,-82.611233
TBM2018111001,020,27.761383,-82.449783
TBM2018111002,020,27.749933,-82.466533
TBM2018111003,020,27.749666,-82.466516
TBM2018111203,020,27.7259,-82.619566
TBM2018111204,020,27.755066,-82.6286
TBM2018111207,020,27.69995,-82.658066
TBM2018111303,020,27.8353,-82.6044
TBM2018111304,020,27.832,-82.586916
TBM2018111306,020,27.832783,-82.534183
TBM2018111403,020,27.873566,-82.607566
TBM2018111404,020,27.8962,-82.63835
TBM2018111406,020,27.941983,-82.544166
TBM2018111407,020,27.91605,-82.5342
TBM2018111501,020,28.000883,-82.628983
TBM2018111503,020,27.93765,-82.721766
TBM2018111506,020,27.915816,-82.671783
TBM2018111508,020,27.97245,-82.593566
TBM2018120301,020,27.91065,-82.6548
TBM2018120303,020,27.89865,-82.645766
TBM2018120305,020,27.92435,-82.53225
TBM2018120404,020,27.712633,-82.49945
TBM2018120405,020,27.696383,-82.51655
TBM2018120406,020,27.69645,-82.51355
TBM2018120407,020,27.677533,-82.519
TBM2018120501,020,27.757566,-82.6281
TBM2018120601,020,27.93105,-82.4483
TBM2018120602,020,27.942816,-82.41395
TBM2018120604,020,27.931616000000002,-82.425983
TBM2018120609,020,27.907583,-82.451866
TBM2018120701,020,27.964033,-82.57455
TBM2018120702,020,27.936683,-82.716583
TBM2018120705,020,27.9884,-82.68645
TBM2018120707,020,27.9901,-82.61415
TBM2018120802,020,27.852466,-82.59045
TBM2018120805,020,27.833183,-82.523666
TBM2018120806,020,27.8418,-82.552533
TBM2018120807,020,27.85045,-82.549833
TBM2018120808,020,27.8533,-82.5542
TBM2018120904,020,27.624,-82.70715
TBM2018120905,020,27.655616,-82.72105
TBM2018121002,020,27.619966,-82.733533
TBM2018121003,020,27.64365,-82.735266
TBM2018121006,020,27.711816,-82.6903
TBM2018121101,020,27.877816,-82.482533
TBM2018121102,020,27.871633,-82.4862
TBM2018121103,020,27.839866,-82.43735
TBM2018121106,020,27.7748,-82.435016
TBM2018121302,020,27.523133,-82.609216
TBM2018121304,020,27.5226,-82.648416
TBM2018121305,020,27.534283,-82.733233
TBM2018121308,020,27.546966,-82.58355
TBM2019010203,020,27.64495,-82.711166
TBM2019010204,020,27.650783,-82.733366
TBM2019010205,020,27.6311,-82.724466
TBM2019010206,020,27.624633,-82.7313
TBM2019010303,020,27.918866,-82.610433
TBM2019010304,020,27.892433,-82.6223
TBM2019010305,020,27.887516,-82.6139
TBM2019010306,020,27.878283,-82.590083
TBM2019010307,020,27.8666,-82.604366
TBM2019010601,020,27.682733,-82.496733
TBM2019010602,020,27.712533,-82.510183
TBM2019010603,020,27.710533,-82.479
TBM2019010604,020,27.680916,-82.53695
TBM2019010701,020,27.963966,-82.669766
TBM2019010703,020,27.959716,-82.70375
TBM2019010704,020,27.973616,-82.6871
TBM2019010706,020,28.0299,-82.667916
TBM2019010802,020,27.781416,-82.4313
TBM2019010805,020,27.755433,-82.452783
TBM2019010806,020,27.74405,-82.466516
TBM2019010902,020,27.785766,-82.617916
TBM2019010906,020,27.842866,-82.617316
TBM2019010907,020,27.847316,-82.622466
TBM2019011001,020,27.865216,-82.488366
TBM2019011002,020,27.846266,-82.41425
TBM2019011003,020,27.88775,-82.40775
TBM2019011004,020,27.886983,-82.406283
TBM2019011203,020,27.847266,-82.555733
TBM2019011302,020,27.5656,-82.567616
TBM2019011303,020,27.521083,-82.708
TBM2019011306,020,27.5026,-82.589666
TBM2019011307,020,27.498333,-82.5812
TBM2019011308,020,27.51125,-82.5815
TBM2019011403,020,27.718383,-82.700566
TBM2019020103,020,27.791233,-82.4067
TBM2019020105,020,27.82675,-82.39515
TBM2019020106,020,27.844916,-82.392683
TBM2019020203,020,27.775083,-82.435316
TBM2019020204,020,27.755366,-82.461633
TBM2019020205,020,27.708083,-82.509133
TBM2019020206,020,27.679566,-82.519683
TBM2019020302,020,27.533883,-82.645216
TBM2019020303,020,27.513783,-82.7094
TBM2019020304,020,27.51325,-82.687616
TBM2019020402,020,27.824966,-82.593883
TBM2019020403,020,27.851916,-82.610383
TBM2019020406,020,27.845533,-82.5546
TBM2019020602,020,27.92225,-82.48635
TBM2019020603,020,27.906533,-82.489316
TBM2019020604,020,27.859383,-82.483433
TBM2019020801,020,27.970483,-82.616833
TBM2019020803,020,27.929933,-82.71225
TBM2019020804,020,27.9374,-82.721983
TBM2019020806,020,27.9498,-82.723516
TBM2019020808,020,28.0172,-82.667916
TBM2019020809,020,28.000933,-82.62795
TBM2019020901,020,27.74075,-82.638466
TBM2019020905,020,27.720533,-82.635633
TBM2019021004,020,27.914716,-82.667566
TBM2019021006,020,27.880333,-82.606583
TBM2019021101,020,27.643383,-82.67285
TBM2019021103,020,27.647133,-82.673216
TBM2019021302,020,27.69915,-82.720466
TBM2019021304,020,27.721183,-82.698333
TBM2019021305,020,27.71145,-82.6902
TBM2019021402,020,27.559733,-82.6278
TBM2019021404,020,27.574483,-82.607466
TBM2019021406,020,27.5881,-82.606566
TBM2019030101,020,27.505233,-82.602483
TBM2019030103,020,27.51445,-82.679366
TBM2019030104,020,27.51845,-82.68975
TBM2019030106,020,27.538333,-82.60585
TBM2019030202,020,27.608083,-82.56725
TBM2019030203,020,27.60575,-82.56655
TBM2019030207,020,27.560183,-82.589366
TBM2019030304,020,27.699366,-82.679966
TBM2019030305,020,27.705666,-82.67425
TBM2019030306,020,27.702316,-82.63965
TBM2019030403,020,27.846533,-82.621116
TBM2019030404,020,27.847183,-82.616783
TBM2019030502,020,27.7206,-82.7214
TBM2019030505,020,27.6678,-82.6971
TBM2019030506,020,27.647583,-82.713916
TBM2019030801,020,27.850416,-82.5551
TBM2019030802,020,27.821316,-82.51005
TBM2019030803,020,27.827583,-82.511666
TBM2019030804,020,27.837966,-82.584633
TBM2019030805,020,27.83755,-82.589966
TBM2019030902,020,28.001883,-82.6733
TBM2019030904,020,28.0167,-82.644416
TBM2019031002,020,27.906633,-82.63105
TBM2019031003,020,27.891333,-82.644816
TBM2019031005,020,27.937266,-82.720683
TBM2019031006,020,27.952433,-82.7227
TBM2019031008,020,27.982133,-82.616733
TBM2019031201,020,27.750866,-82.4721
TBM2019031203,020,27.789483,-82.421933
TBM2019031205,020,27.82135,-82.39265
TBM2019031301,020,27.948183,-82.413116
TBM2019031303,020,27.897416,-82.43285
TBM2019031304,020,27.86885,-82.426166
TBM2019031308,020,27.914316,-82.4897
TBM2019040204,020,27.604033,-82.5877
TBM2019040301,020,27.65415,-82.7397
TBM2019040302,020,27.66115,-82.743166
TBM2019040306,020,27.61615,-82.7259
TBM2019040307,020,27.646366,-82.71145
TBM2019040401,020,27.85985,-82.594333
TBM2019040402,020,27.834833,-82.582183
TBM2019040403,020,27.824283,-82.600566
TBM2019040502,020,27.713266,-82.618766
TBM2019040503,020,27.711333,-82.633
TBM2019040506,020,27.723666,-82.696816
TBM2019040507,020,27.724033,-82.695283
TBM2019040601,020,27.97145,-82.582416
TBM2019040603,020,27.960266,-82.70155
TBM2019040605,020,28.015816,-82.650216
TBM2019040606,020,28.011483,-82.6398
TBM2019040607,020,27.9731,-82.606583
TBM2019040701,020,27.890883,-82.4828
TBM2019040702,020,27.90535,-82.489316
TBM2019040703,020,27.927516,-82.478316
TBM2019040704,020,27.9075,-82.45135
TBM2019040705,020,27.9304,-82.413933
TBM2019040706,020,27.9287,-82.424166
TBM2019040901,020,27.687316,-82.521166
TBM2019040905,020,27.599016,-82.554016
TBM2019041002,020,27.822583,-82.48835
TBM2019041004,020,27.804666,-82.4168
TBM2019041007,020,27.843666,-82.4187
TBM2019041101,020,27.91125,-82.536866
TBM2019041104,020,27.910766,-82.628683
TBM2019041108,020,27.865916,-82.54275
TBM2019041301,020,27.501183,-82.588783
TBM2019041302,020,27.51445,-82.683283
TBM2019041303,020,27.52605,-82.7192
TBM2019050101,020,27.802383,-82.6049
TBM2019050102,020,27.827916,-82.522616
TBM2019050103,020,27.836433,-82.5377
TBM2019050401,020,27.737183,-82.69455
TBM2019050402,020,27.709366,-82.7319
TBM2019050404,020,27.66805,-82.720216
TBM2019050405,020,27.65855,-82.739316
TBM2019050406,020,27.641233,-82.722333
TBM2019050501,020,27.74515,-82.631733
TBM2019050504,020,27.680783,-82.646133
TBM2019050601,020,27.633816,-82.569616
TBM2019050602,020,27.666183,-82.544416
TBM2019050603,020,27.664416,-82.542366
TBM2019050604,020,27.72275,-82.47975
TBM2019050605,020,27.757133,-82.458233
TBM2019050701,020,27.49725,-82.57845
TBM2019050702,020,27.52125,-82.655166
TBM2019050705,020,27.54255,-82.6237
TBM2019050802,020,27.938116,-82.462333
TBM2019050805,020,27.950266,-82.416783
TBM2019050807,020,27.928616,-82.414966
TBM2019050903,020,27.572533,-82.56085
TBM2019051101,020,27.855233,-82.480216
TBM2019051103,020,27.83955,-82.437316
TBM2019051106,020,27.862166,-82.401866
TBM2019051108,020,27.886516,-82.480766
TBM2019051201,020,27.993783,-82.621983
TBM2019051203,020,27.92645,-82.70355
TBM2019051204,020,27.92845,-82.7076
TBM2019051207,020,27.999516,-82.662833
TBM2019051208,020,27.999216,-82.656966
TBM2019051304,020,27.903866,-82.645266
TBM2019051306,020,27.891233,-82.632533
TBM2019051307,020,27.877883,-82.60295
TBM2019060101,020,27.723833,-82.732383
TBM2019060102,020,27.676833,-82.729333
TBM2019060201,020,27.887333,-82.478283
TBM2019060202,020,27.913133,-82.445566
TBM2019060204,020,27.899266,-82.43425
TBM2019060206,020,27.823716,-82.400133
TBM2019060504,020,27.613783,-82.5714
TBM2019060507,020,27.632716,-82.566283
TBM2019060508,020,27.638766,-82.561383
TBM2019060601,020,27.97395,-82.59795
TBM2019060602,020,27.99715,-82.624483
TBM2019060603,020,28.019066,-82.642133
TBM2019060604,020,28.01505,-82.667633
TBM2019060608,020,27.933483,-82.7137
TBM2019060704,020,27.711,-82.4878
TBM2019060905,020,27.749933,-82.466533
TBM2019060906,020,27.764166,-82.4359
TBM2019061202,020,27.640083,-82.69185
TBM2019061206,020,27.669033,-82.716483
TBM2019061301,020,27.819883,-82.616816
TBM2019061302,020,27.822716,-82.48815
TBM2019061303,020,27.832683,-82.533166
TBM2019061304,020,27.846233,-82.555116
TBM2019061305,020,27.8375,-82.604333
TBM2019061307,020,27.809983,-82.59955
TBM2019061406,020,27.667016,-82.68685
TBM2019061409,020,27.70235,-82.639533
TBM2019061501,020,27.541233,-82.606133
TBM2019061503,020,27.5477,-82.582616
TBM2019061505,020,27.563383,-82.6016
TBM2019061507,020,27.513866,-82.620766
TBM2019061601,020,27.865316,-82.4884
TBM2019061605,020,27.917616,-82.681416
TBM2019061606,020,27.906266,-82.650966
TBM2019061608,020,27.848933,-82.554866
TBM2019070301,020,27.672366,-82.671516
TBM2019070401,020,27.9381,-82.4623
TBM2019070405,020,27.85945,-82.404016
TBM2019070406,020,27.87065,-82.437616
TBM2019070502,020,28.005866,-82.6199
TBM2019070506,020,27.96275,-82.5724
TBM2019070507,020,27.972566,-82.5947
TBM2019070605,020,27.852683,-82.628833
TBM2019070606,020,27.798466,-82.60505
TBM2019070607,020,27.779733,-82.621933
TBM2019070702,020,27.548383,-82.573466
TBM2019070803,020,27.909283,-82.628333
TBM2019070804,020,27.906316,-82.651166
TBM2019070805,020,27.908233,-82.644966
TBM2019070807,020,27.895733,-82.532783
TBM2019070901,020,27.823966,-82.492716
TBM2019070903,020,27.848866,-82.554833
TBM2019071102,020,27.762916,-82.443516
TBM2019071103,020,27.79605,-82.417033
TBM2019071105,020,27.8141,-82.398033
TBM2019071106,020,27.821716,-82.399616
TBM2019071107,020,27.84635,-82.41495
TBM2019071202,020,27.7369,-82.708916
TBM2019071203,020,27.7428,-82.729233
TBM2019071209,020,27.703666,-82.6677
TBM2019071402,020,27.511666,-82.67565
TBM2019071403,020,27.503066,-82.686533
TBM2019071408,020,27.5284,-82.695433
TBM2019071501,020,27.62995,-82.699966
TBM2019071601,020,27.6982,-82.511266
TBM2019071602,020,27.590216,-82.596766
TBM2019071603,020,27.599633,-82.554833
TBM2019071701,020,27.735966,-82.640283
TBM2019071702,020,27.720583,-82.635816
TBM2019080201,020,27.5502,-82.620266
TBM2019080202,020,27.5349,-82.651366
TBM2019080304,020,27.676333,-82.7378
TBM2019080405,020,27.625183,-82.57055
TBM2019080406,020,27.611816,-82.575066
TBM2019080601,020,27.5737,-82.56015
TBM2019080603,020,27.537816,-82.628583
TBM2019080604,020,27.536883,-82.62775
TBM2019080801,020,27.885883,-82.531033
TBM2019080802,020,27.882033,-82.5384
TBM2019080803,020,27.888233,-82.633366
TBM2019080804,020,27.910933,-82.656283
TBM2019080805,020,27.913333,-82.669666
TBM2019080901,020,27.7654,-82.433516
TBM2019080902,020,27.777916,-82.43375
TBM2019080903,020,27.795083,-82.416666
TBM2019080906,020,27.806083,-82.443766
TBM2019081001,020,27.702583,-82.66295
TBM2019081002,020,27.6897,-82.679583
TBM2019081005,020,27.68615,-82.687133
TBM2019081008,020,27.710833,-82.6332
TBM2019081105,020,27.6754,-82.670783
TBM2019081201,020,27.9724,-82.6081
TBM2019081205,020,28.024033,-82.66515
TBM2019081206,020,28.002933,-82.6188
TBM2019081401,020,27.859666,-82.596383
TBM2019081402,020,27.829116,-82.600416
TBM2019081404,020,27.84805,-82.611233
TBM2019081501,020,27.930116,-82.41325
TBM2019081502,020,27.94295,-82.41495
TBM2019081503,020,27.946916,-82.424866
TBM2019081506,020,27.86355,-82.4331
TBM2019081507,020,27.8642,-82.435766
TBM2019081606,020,27.802616,-82.617983
TBM2019090202,020,27.741833,-82.480566
TBM2019090204,020,27.71535,-82.504033
TBM2019090210,020,27.7742,-82.434
TBM2019090211,020,27.77125,-82.430916
TBM2019090301,020,27.672383,-82.517116
TBM2019090403,020,27.6997,-82.691416
TBM2019090404,020,27.6729,-82.722483
TBM2019090406,020,27.644766,-82.679783
TBM2019090504,020,27.602483,-82.5498
TBM2019090805,020,27.740783,-82.741083
TBM2019090808,020,27.718866,-82.698116
TBM2019090903,020,27.846816,-82.55505
TBM2019090906,020,27.866133,-82.6116
TBM2019090907,020,27.869016,-82.6074
TBM2019091001,020,27.537566,-82.65
TBM2019091006,020,27.554133,-82.574233
TBM2019091007,020,27.548716,-82.5805
TBM2019091201,020,27.999666,-82.657233
TBM2019091202,020,28.01675,-82.653583
TBM2019091203,020,27.996416,-82.6822
TBM2019091204,020,27.957766,-82.69635
TBM2019091205,020,27.9335,-82.700516
TBM2019091302,020,27.934816,-82.414783
TBM2019091304,020,27.88325,-82.481033
TBM2019091305,020,27.8665,-82.48745
TBM2019091307,020,27.8397,-82.438383
TBM2019091308,020,27.87355,-82.409116
TBM2019091402,020,27.9421,-82.548983
TBM2019091404,020,27.972766,-82.594166
TBM2019091504,020,27.745683,-82.623166
TBM2019091505,020,27.774516,-82.626466
TBM2019091508,020,27.856216,-82.591633
TBM2019091606,020,27.52675,-82.62265
TBM2019091607,020,27.503433,-82.59855
TBM2019100107,020,27.6414,-82.7275
TBM2019100201,020,27.53995,-82.6326
TBM2019100203,020,27.5891,-82.588816
TBM2019100301,020,27.534583,-82.6579
TBM2019100501,020,27.74295,-82.730216
TBM2019100601,020,27.8292,-82.396083
TBM2019100604,020,27.75115,-82.464716
TBM2019100606,020,27.750116,-82.4667
TBM2019100607,020,27.858633,-82.403733
TBM2019100701,020,27.891866,-82.58725
TBM2019100705,020,27.860283,-82.617133
TBM2019100706,020,27.864683,-82.5964
TBM2019100707,020,27.8461,-82.588733
TBM2019101101,020,27.62465,-82.705433
TBM2019101102,020,27.646933,-82.674733
TBM2019101106,020,27.6991,-82.652133
TBM2019101201,020,27.91115,-82.489933
TBM2019101204,020,27.928733,-82.424083
TBM2019101205,020,27.896566,-82.432883
TBM2019101207,020,27.882116,-82.480133
TBM2019101208,020,27.87865,-82.481666
TBM2019101302,020,27.963533,-82.682683
TBM2019101304,020,27.931516,-82.709583
TBM2019101308,020,27.990133,-82.614116
TBM2019101309,020,27.98855,-82.61165
TBM2019101403,020,27.682883,-82.5285
TBM2019101406,020,27.774866,-82.626733
TBM2019101501,020,27.511633,-82.5819
TBM2019101502,020,27.517516,-82.60185
TBM2019101504,020,27.574383,-82.569016
TBM2019101602,020,27.8356,-82.528066
TBM2019101605,020,27.838216,-82.538266
TBM2019101606,020,27.88435,-82.530966
TBM2019101607,020,27.90105,-82.539183
TBM2019110102,020,27.724316,-82.47655
TBM2019110105,020,27.6636,-82.5428
TBM2019110204,020,27.591,-82.602233
TBM2019110205,020,27.58655,-82.596466
TBM2019110208,020,27.63085,-82.571283
TBM2019110402,020,27.790916,-82.406916
TBM2019110406,020,27.87115,-82.487733
TBM2019110407,020,27.880766,-82.481033
TBM2019110504,020,27.5387,-82.6392
TBM2019110601,020,27.815733,-82.395033
TBM2019110603,020,27.84825,-82.405116
TBM2019110604,020,27.8843,-82.4269
TBM2019110605,020,27.94265,-82.408116
TBM2019110606,020,27.943183,-82.412533
TBM2019110706,020,27.6461,-82.740083
TBM2019110801,020,27.732366,-82.7406
TBM2019110804,020,27.6858,-82.708633
TBM2019110903,020,27.864833,-82.5428
TBM2019110904,020,27.85575,-82.5527
TBM2019110907,020,27.866533,-82.6113
TBM2019111001,020,27.75615,-82.627616
TBM2019111003,020,27.77475,-82.626566
TBM2019111004,020,27.796,-82.605466
TBM2019111105,020,27.574233,-82.558983
TBM2019111106,020,27.532816,-82.5981
TBM2019111301,020,27.709516,-82.688583
TBM2019111302,020,27.66825,-82.690483
TBM2019111402,020,27.9132,-82.699016
TBM2019111403,020,27.925183,-82.689933
TBM2019111404,020,27.928383,-82.705316
TBM2019111501,020,27.988883,-82.60855
TBM2019111502,020,28.005316,-82.637533
TBM2019111505,020,27.990833,-82.684616
TBM2019111507,020,27.9716,-82.61505
TBM2019120201,020,27.687533,-82.730483
TBM2019120202,020,27.688333,-82.6833
TBM2019120401,020,27.586233,-82.6186
TBM2019120403,020,27.595116,-82.599266
TBM2019120501,020,27.717216,-82.50265
TBM2019120502,020,27.7195,-82.49265
TBM2019120503,020,27.711566,-82.492666
TBM2019120508,020,27.688333,-82.536216
TBM2019120601,020,27.52475,-82.60315
TBM2019120602,020,27.541966,-82.614616
TBM2019120604,020,27.533616,-82.732516
TBM2019120606,020,27.52185,-82.657216
TBM2019120701,020,27.706,-82.711416
TBM2019120703,020,27.725166,-82.731966
TBM2019120704,020,27.725683,-82.738516
TBM2019120801,020,27.813583,-82.402733
TBM2019120802,020,27.775633,-82.435983
TBM2019120803,020,27.7467,-82.4654
TBM2019120805,020,27.940616,-82.4481
TBM2019121001,020,27.995833,-82.682833
TBM2019121003,020,28.024783,-82.664866
TBM2019121005,020,28.0029,-82.625933
TBM2019121007,020,27.9708,-82.61305
TBM2019121101,020,27.900016,-82.415966
TBM2019121105,020,27.82475,-82.407133
TBM2019121205,020,27.943666,-82.540083
TBM2019121206,020,27.940016,-82.55015
TBM2019121207,020,27.9535,-82.548733
TBM2019121303,020,27.8526,-82.55485
TBM2019121304,020,27.846166,-82.593383
TBM2019121305,020,27.826366,-82.597266
TBM2019121306,020,27.843333,-82.6169
TBM2019121308,020,27.832716,-82.60455
TBM2019121309,020,27.801533,-82.618716
TBM2020010102,020,27.919816,-82.487983
TBM2020010103,020,27.867683,-82.43795
TBM2020010104,020,27.8464,-82.4205
TBM2020010106,020,27.889316,-82.40925
TBM2020010201,020,27.907433,-82.537366
TBM2020010202,020,27.972083,-82.613616
TBM2020010206,020,27.910483,-82.638183
TBM2020010207,020,27.911766,-82.626483
TBM2020010304,020,27.999483,-82.663483
TBM2020010305,020,27.99225,-82.660733
TBM2020010306,020,28.010866,-82.65515
TBM2020010601,020,27.847683,-82.552383
TBM2020010606,020,27.697483,-82.515016
TBM2020010607,020,27.7115,-82.459883
TBM2020010608,020,27.71035,-82.468383
TBM2020010702,020,27.574583,-82.557816
TBM2020010801,020,27.503833,-82.59245
TBM2020010802,020,27.506166,-82.602216
TBM2020010804,020,27.5079,-82.687066
TBM2020010805,020,27.51225,-82.692683
TBM2020010809,020,27.537683,-82.645183
TBM2020010905,020,27.724483,-82.63385
TBM2020011101,020,27.644016,-82.7329
TBM2020011102,020,27.641016,-82.729666
TBM2020011103,020,27.6519,-82.715833
TBM2020011105,020,27.701316,-82.700416
TBM2020011106,020,27.72905,-82.738466
TBM2020011201,020,27.813033,-82.597366
TBM2020011204,020,27.845916,-82.5549
TBM2020011205,020,27.852483,-82.591
TBM2020011206,020,27.874533,-82.606066
TBM2020011302,020,27.74385,-82.484616
TBM2020011303,020,27.7573,-82.465016
TBM2020011307,020,27.84695,-82.408133
TBM2020020102,020,27.928566,-82.6912
TBM2020020103,020,27.916,-82.683333
TBM2020020104,020,27.913916,-82.6766
TBM2020020107,020,27.9988,-82.676633
TBM2020020301,020,27.7003,-82.660366
TBM2020020303,020,27.685266,-82.650366
TBM2020020304,020,27.6465,-82.672683
TBM2020020305,020,27.64425,-82.673116
TBM2020020307,020,27.676166,-82.73745
TBM2020020403,020,27.716033,-82.630566
TBM2020020404,020,27.719383,-82.631266
TBM2020020502,020,27.594666,-82.59415
TBM2020020603,020,27.855516,-82.47905
TBM2020020604,020,27.869833,-82.48805
TBM2020020702,020,27.9402,-82.722666
TBM2020020705,020,28.000016,-82.629816
TBM2020020802,020,27.533666,-82.732383
TBM2020020803,020,27.501766,-82.706066
TBM2020020805,020,27.5368,-82.65175
TBM2020020807,020,27.55315,-82.6328
TBM2020020808,020,27.51135,-82.573666
TBM2020020902,020,27.855366,-82.6141
TBM2020020903,020,27.8422,-82.618466
TBM2020020904,020,27.8901,-82.542233
TBM2020020905,020,27.8658,-82.544783
TBM2020020907,020,27.83215,-82.584683
TBM2020021203,020,27.843516,-82.395766
TBM2020021204,020,27.83745,-82.39705
TBM2020021205,020,27.852866,-82.398483
TBM2020021206,020,27.8707,-82.40275
TBM2020021207,020,27.951083,-82.417083
TBM2020021302,020,27.681283,-82.49735
TBM2020021305,020,27.7243,-82.4799
TBM2020021307,020,27.7115,-82.490766
TBM2020030101,020,27.633716,-82.56875
TBM2020030103,020,27.717533,-82.501066
TBM2020030105,020,27.7103,-82.483383
TBM2020030202,020,27.851333,-82.472333
TBM2020030204,020,27.793683,-82.415516
TBM2020030207,020,27.82175,-82.4831
TBM2020030305,020,27.719416,-82.631033
TBM2020030404,020,27.9931,-82.683516
TBM2020030405,020,27.99895,-82.657616
TBM2020030406,020,28.0049,-82.625483
TBM2020030407,020,27.980583,-82.562316
TBM2020030501,020,27.567683,-82.566616
TBM2020030502,020,27.5388,-82.605566
TBM2020030601,020,27.8052,-82.425816
TBM2020030602,020,27.8094,-82.411383
TBM2020030605,020,27.869066,-82.424966
TBM2020030607,020,27.928216,-82.4152
TBM2020030804,020,27.82355,-82.5971
TBM2020030805,020,27.811066,-82.591033
TBM2020030806,020,27.796833,-82.599533
TBM2020030807,020,27.792416,-82.6025
TBM2020030808,020,27.7826,-82.617416
TBM2020030901,020,27.4986,-82.581383
TBM2020030902,020,27.515816,-82.692633
TBM2020030903,020,27.526033,-82.719783
TBM2020030905,020,27.524466,-82.643916
TBM2020031002,020,27.917666,-82.65565
TBM2020031003,020,27.923833,-82.648933
TBM2020031005,020,27.89905,-82.619266
TBM2020031101,020,27.7372,-82.7069
TBM2020031102,020,27.7406,-82.7378
TBM2020031104,020,27.681033,-82.69425
TBM2020031105,020,27.679683,-82.6791
TBM2020031106,020,27.620333,-82.71565
TBM2020050101,020,27.88785,-82.541233
TBM2020050102,020,27.879216,-82.532466
TBM2020050104,020,27.854116,-82.629833
TBM2020050105,020,27.798366,-82.605166
TBM2020050108,020,27.852066,-82.554516
TBM2020050201,020,27.93125,-82.448283
TBM2020050202,020,27.92715,-82.478816
TBM2020050203,020,27.872583,-82.486583
TBM2020050204,020,27.832816,-82.440916
TBM2020050205,020,27.803183,-82.4167
TBM2020050301,020,27.50815,-82.617916
TBM2020050302,020,27.531633,-82.6525
TBM2020050303,020,27.566733,-82.6188
TBM2020050304,020,27.632,-82.574416
TBM2020050308,020,27.5335,-82.732366
TBM2020050403,020,27.70295,-82.67995
TBM2020050404,020,27.706216,-82.711516
TBM2020050406,020,27.63095,-82.7337
TBM2020050501,020,27.973566,-82.574683
TBM2020050502,020,27.96035,-82.552816000000007
TBM2020050505,020,27.882433,-82.616966
TBM2020050506,020,27.885483,-82.6222
TBM2020050508,020,27.91115,-82.65575
TBM2020050704,020,27.615983,-82.562016
TBM2020050707,020,27.535383,-82.606783
TBM2020050901,020,27.70695,-82.620433
TBM2020050902,020,27.648316,-82.676266
TBM2020050903,020,27.635383,-82.72155
TBM2020051001,020,27.93735,-82.721383
TBM2020051002,020,27.95015,-82.722183
TBM2020051203,020,27.835066,-82.395333
TBM2020051204,020,27.836783,-82.3931
TBM2020051205,020,27.826333,-82.404083
TBM2020051207,020,27.72245,-82.4786
TBM2020060101,020,27.792183,-82.606083
TBM2020060102,020,27.796566,-82.599766
TBM2020060103,020,27.833616,-82.527983
TBM2020060104,020,27.833266,-82.5237
TBM2020060107,020,27.755866,-82.628316
TBM2020060202,020,27.708616,-82.466916
TBM2020060401,020,27.685966,-82.523616
TBM2020060402,020,27.653116,-82.549833
TBM2020060403,020,27.654916,-82.5485
TBM2020060404,020,27.639483,-82.560966
TBM2020060407,020,27.71895,-82.491916
TBM2020060503,020,27.62695,-82.70265
TBM2020060701,020,27.944966,-82.393316
TBM2020060702,020,27.944483,-82.411766
TBM2020060703,020,27.940733,-82.41885
TBM2020060704,020,27.929966,-82.413383
TBM2020060705,020,27.883083,-82.480583
TBM2020060707,020,27.866366,-82.40785
TBM2020060709,020,27.8841,-82.424766
TBM2020060801,020,27.898166,-82.533166
TBM2020060802,020,27.9405,-82.5485
TBM2020060803,020,27.9592,-82.5655
TBM2020060804,020,27.954483,-82.54985
TBM2020060805,020,27.860683,-82.621016
TBM2020061001,020,27.511283,-82.57355
TBM2020061002,020,27.4996,-82.576033
TBM2020061003,020,27.50965,-82.6163
TBM2020061201,020,27.699866,-82.68825
TBM2020061208,020,27.748433,-82.7403
TBM2020061209,020,27.73975,-82.713616
TBM2020061210,020,27.713566,-82.707183
TBM2020061302,020,27.97035,-82.617816
TBM2020061304,020,27.9766,-82.6952
TBM2020061306,020,28.0165,-82.652283
TBM2020070101,020,27.512433,-82.5681
TBM2020070102,020,27.518633,-82.596283
TBM2020070104,020,27.53705,-82.650816
TBM2020070107,020,27.54945,-82.579866
TBM2020070108,020,27.540616,-82.588433
TBM2020070204,020,27.6599,-82.6708
TBM2020070205,020,27.677883,-82.6773
TBM2020070206,020,27.702633,-82.64355
TBM2020070304,020,27.881166,-82.616866
TBM2020070305,020,27.911033,-82.625966
TBM2020070307,020,27.9524,-82.547416
TBM2020070308,020,27.923483,-82.530833
TBM2020070401,020,27.75485,-82.453033
TBM2020070403,020,27.816266,-82.4925
TBM2020070407,020,27.731066,-82.473083
TBM2020070408,020,27.7501,-82.476433
TBM2020070601,020,27.6817,-82.497166000000007
TBM2020070604,020,27.603383,-82.549416
TBM2020070704,020,27.7082,-82.730516
TBM2020070705,020,27.728633,-82.73715
TBM2020070706,020,27.721533,-82.721
TBM2020070803,020,27.739733,-82.6226
TBM2020070804,020,27.7987,-82.604833
TBM2020070805,020,27.85545,-82.618366
TBM2020070806,020,27.851483,-82.609366
TBM2020071001,020,27.8358,-82.44085
TBM2020071002,020,27.832633,-82.440983
TBM2020071003,020,27.8071,-82.445033
TBM2020071006,020,27.828933,-82.397183
TBM2020071008,020,27.8488,-82.40395
TBM2020071205,020,27.996,-82.682766
TBM2020071206,020,27.99845,-82.662766
TBM2020071207,020,28.015466,-82.64015
TBM2020071209,020,27.987233,-82.609833
TBM2020080203,020,27.533666,-82.65705
TBM2020080302,020,27.978066,-82.600083
TBM2020080303,020,27.986916,-82.614766
TBM2020080304,020,27.993016,-82.62215
TBM2020080305,020,27.956466,-82.702516
TBM2020080306,020,27.938266,-82.556183
TBM2020080307,020,27.961633,-82.571316
TBM2020080402,020,27.8465,-82.614933
TBM2020080403,020,27.828216,-82.607833
TBM2020080404,020,27.7795,-82.62215
TBM2020080405,020,27.704233,-82.622466
TBM2020080501,020,27.908883,-82.455083
TBM2020080502,020,27.86665,-82.424366
TBM2020080503,020,27.8064,-82.444483
TBM2020080504,020,27.8725,-82.4268
TBM2020080505,020,27.8979,-82.435166
TBM2020080506,020,27.945933,-82.43005
TBM2020080507,020,27.94065,-82.459383
TBM2020080710,020,27.71235,-82.492233
TBM2020080711,020,27.711766,-82.4928
TBM2020080804,020,27.687233,-82.676116
TBM2020080807,020,27.6565,-82.704216
TBM2020080809,020,27.644033,-82.734783
TBM2020081002,020,27.8739,-82.531383
TBM2020081003,020,27.827416,-82.581333
TBM2020081008,020,27.910316,-82.62665
TBM2020081101,020,27.74215,-82.729583
TBM2020081107,020,27.705733,-82.674283
TBM2020081202,020,27.52485,-82.603766
TBM2020081203,020,27.56605,-82.5669
TBM2020081204,020,27.5717,-82.599
TBM2020081301,020,27.682483,-82.528083
TBM2020081302,020,27.640783,-82.561333
TBM2020081303,020,27.63295,-82.574283
TBM2020090101,020,27.676733,-82.5037
TBM2020090103,020,27.669216,-82.541683
TBM2020090105,020,27.7098,-82.485633000000007
TBM2020090106,020,27.710166,-82.483683
TBM2020090107,020,27.707766,-82.467
TBM2020090201,020,27.632916,-82.697166
TBM2020090204,020,27.663,-82.6897
TBM2020090205,020,27.674183,-82.678416
TBM2020090207,020,27.712616,-82.619066
TBM2020090208,020,27.710033,-82.6349
TBM2020090209,020,27.7085,-82.635716
TBM2020090401,020,27.883416,-82.616366
TBM2020090402,020,27.891466,-82.63195
TBM2020090403,020,27.917,-82.682533
TBM2020090504,020,27.6678,-82.7416
TBM2020090505,020,27.70175,-82.715233
TBM2020090801,020,27.8165,-82.4802
TBM2020090901,020,27.5533,-82.612383
TBM2020090903,020,27.607683,-82.5775
TBM2020091001,020,27.939933,-82.4466
TBM2020091004,020,27.8661,-82.488416
TBM2020091005,020,27.866616,-82.488683
TBM2020091006,020,27.868916,-82.42605
TBM2020091007,020,27.92855,-82.413483
TBM2020091101,020,27.5028,-82.597466
TBM2020091105,020,27.559533,-82.593
TBM2020091106,020,27.56865,-82.572333
TBM2020091201,020,27.903916,-82.535416
TBM2020091203,020,27.87,-82.590233
TBM2020091204,020,27.86515,-82.604216
TBM2020091205,020,27.8269,-82.59595
TBM2020091301,020,27.967966,-82.5649
TBM2020091304,020,27.993883,-82.621966
TBM2020091404,020,28.008833,-82.676666
TBM2020100106,020,27.644033,-82.6793
TBM2020100201,020,27.8536,-82.6115
TBM2020100202,020,27.836816,-82.605883
TBM2020100204,020,27.801916,-82.618416
TBM2020100205,020,27.793916,-82.629533
TBM2020100303,020,27.710333,-82.4686
TBM2020100307,020,27.708516,-82.5006
TBM2020100401,020,27.740183,-82.63885
TBM2020100602,020,27.560383,-82.61055
TBM2020100604,020,27.601083,-82.588166
TBM2020100605,020,27.600166,-82.594083
TBM2020100703,020,27.586833,-82.5776
TBM2020100707,020,27.510316,-82.617333
TBM2020100905,020,27.532333,-82.6553
TBM2020100906,020,27.521833,-82.652583
TBM2020101001,020,27.818933,-82.400116
TBM2020101002,020,27.814883,-82.395233
TBM2020101004,020,27.86305,-82.409033
TBM2020101006,020,27.872583,-82.403616
TBM2020101007,020,27.898033,-82.431266
TBM2020101101,020,27.887516,-82.6251
TBM2020101102,020,27.913233,-82.645716
TBM2020101103,020,27.9132,-82.6756
TBM2020101105,020,27.946783,-82.723616
TBM2020101107,020,27.960833,-82.696433
TBM2020101108,020,27.981016,-82.602983
TBM2020101201,020,27.8457,-82.469383
TBM2020101203,020,27.82015,-82.481983
TBM2020101304,020,27.70725,-82.704816
TBM2020101305,020,27.71225,-82.722516
TBM2020101306,020,27.717416,-82.705583
TBM2020101307,020,27.724233,-82.695766
TBM2020101401,020,27.835533,-82.530066
TBM2020101405,020,27.92925,-82.533533
TBM2020110105,020,27.71245,-82.47545
TBM2020110202,020,28.030733,-82.681233
TBM2020110203,020,28.009116,-82.676683
TBM2020110301,020,27.663216,-82.701783
TBM2020110302,020,27.692416,-82.701566
TBM2020110303,020,27.7144,-82.707133
TBM2020110402,020,27.530483,-82.627933
TBM2020110405,020,27.59045,-82.603333
TBM2020110407,020,27.58415,-82.604916
TBM2020110409,020,27.5347,-82.607133
TBM2020110501,020,27.918133,-82.48925
TBM2020110502,020,27.923916,-82.484083
TBM2020110507,020,27.814783,-82.485316
TBM2020110508,020,27.847133,-82.471233
TBM2020110701,020,27.677133,-82.508766
TBM2020110703,020,27.745883,-82.47975
TBM2020110707,020,27.6717,-82.5382
TBM2020110708,020,27.677633,-82.54055
TBM2020110803,020,27.8502,-82.556416
TBM2020110805,020,27.850733,-82.59015
TBM2020110807,020,27.828566,-82.607933
TBM2020110901,020,27.940716,-82.448233
TBM2020110902,020,27.78305,-82.428933
TBM2020110905,020,27.868783,-82.424683
TBM2020111001,020,27.993133,-82.62905
TBM2020111002,020,28.000516,-82.636733
TBM2020111003,020,27.966283,-82.65145
TBM2020111004,020,27.960016,-82.704483
TBM2020111007,020,27.925383,-82.689833
TBM2020111201,020,27.71925,-82.63535
TBM2020111202,020,27.757016,-82.6278
TBM2020111203,020,27.730516,-82.620083
TBM2020111206,020,27.74545,-82.719166
TBM2020111208,020,27.7411,-82.724916
TBM2020120202,020,27.88105,-82.538833
TBM2020120207,020,27.808,-82.59225
TBM2020120209,020,27.834483,-82.602066
TBM2020120302,020,28.017316,-82.642916
TBM2020120303,020,28.009966,-82.639733
TBM2020120304,020,28.005183,-82.639233
TBM2020120307,020,27.994316,-82.643316
TBM2020120405,020,27.656083,-82.67775
TBM2020120406,020,27.658483,-82.699316
TBM2020120503,020,27.563716,-82.586633
TBM2020120506,020,27.57485,-82.55805
TBM2020120507,020,27.576266,-82.566033
TBM2020120601,020,27.940016,-82.551483
TBM2020120603,020,27.961566,-82.68975
TBM2020120606,020,27.91595,-82.679666
TBM2020120607,020,27.872366,-82.599066
TBM2020120704,020,27.513783,-82.7095
TBM2020120705,020,27.513533,-82.6828
TBM2020120706,020,27.522633,-82.665066
TBM2020120707,020,27.511183,-82.581583
TBM2020120801,020,27.7116,-82.704533
TBM2020120802,020,27.685733,-82.71685
TBM2020120804,020,27.70315,-82.66825
TBM2020120806,020,27.712366,-82.6192
TBM2020120808,020,27.73475,-82.639083
TBM2020120901,020,27.931366,-82.44825
TBM2020120902,020,27.920116,-82.487783
TBM2020120904,020,27.8636,-82.434
TBM2020120907,020,27.89855,-82.4182
TBM2020120908,020,27.943466,-82.4119
TBM2020120909,020,27.907433,-82.451583
TBM2020121006,020,27.745266,-82.47995
TBM2020121007,020,27.81725,-82.39865
TBM2020121008,020,27.836483,-82.39505
TBM2021010103,020,27.666166,-82.548416
TBM2021010104,020,27.680933,-82.51825
TBM2021010204,020,27.842016,-82.544083
TBM2021010205,020,27.83265,-82.533283
TBM2021010206,020,27.869433,-82.610466
TBM2021010208,020,27.84995,-82.623966
TBM2021010302,020,27.960966,-82.695433
TBM2021010303,020,27.92935,-82.707416
TBM2021010304,020,27.92845,-82.707416
TBM2021010403,020,27.5672,-82.620383
TBM2021010404,020,27.550216,-82.619866
TBM2021010406,020,27.522,-82.652566
TBM2021010601,020,27.708666,-82.682083
TBM2021010602,020,27.721316,-82.736633
TBM2021010604,020,27.68495,-82.717333
TBM2021010605,020,27.670916,-82.742383
TBM2021010606,020,27.672083,-82.7378
TBM2021010701,020,27.804883,-82.601783
TBM2021010901,020,27.875216000000002,-82.601516
TBM2021010902,020,27.891166,-82.58795
TBM2021010906,020,27.95775,-82.570766
TBM2021010907,020,27.953116,-82.54825
TBM2021010908,020,27.893966,-82.534916
TBM2021011001,020,27.791883,-82.414283
TBM2021011003,020,27.8429,-82.419666
TBM2021011004,020,27.8531,-82.399483
TBM2021011005,020,27.853666,-82.403216
TBM2021011101,020,27.942733,-82.416583
TBM2021011102,020,27.8957,-82.414483
TBM2021011105,020,27.874966,-82.405783
TBM2021011107,020,27.88675,-82.480483
TBM2021011108,020,27.891683,-82.4835
TBM2021011304,020,27.590833,-82.583233
TBM2021011305,020,27.610933,-82.5663
TBM2021020103,020,27.717083,-82.473116
TBM2021020201,020,27.695283,-82.525333
TBM2021020202,020,27.701783,-82.521533
TBM2021020203,020,27.71825,-82.5037
TBM2021020304,020,27.60575,-82.549816
TBM2021020305,020,27.605483,-82.549883
TBM2021020306,020,27.6336,-82.567966
TBM2021020402,020,27.819983,-82.616783
TBM2021020403,020,27.854583,-82.622166000000007
TBM2021020404,020,27.850216,-82.6091
TBM2021020406,020,27.83935,-82.584633
TBM2021020501,020,27.736516,-82.710583
TBM2021020502,020,27.74275,-82.740216
TBM2021020503,020,27.6904,-82.729766
TBM2021020507,020,27.672933,-82.671516
TBM2021020508,020,27.7055,-82.677383
TBM2021020601,020,27.940133,-82.414916
TBM2021020602,020,27.9314,-82.429416
TBM2021020603,020,27.86345,-82.430316
TBM2021020604,020,27.85035,-82.40845
TBM2021020607,020,27.85435,-82.47885
TBM2021020608,020,27.8917,-82.483633
TBM2021020701,020,27.93825,-82.533
TBM2021020702,020,27.938416,-82.556083
TBM2021020704,020,27.89115,-82.632566
TBM2021020705,020,27.895316,-82.640716
TBM2021020706,020,27.841983,-82.53965
TBM2021020708,020,27.879433,-82.5323
TBM2021020801,020,27.5065,-82.6094
TBM2021020803,020,27.52675,-82.703633
TBM2021020805,020,27.560383,-82.589233
TBM2021020901,020,27.937683,-82.724283
TBM2021020903,020,28.03075,-82.68165
TBM2021020906,020,27.99155,-82.61765
TBM2021030102,020,27.9723,-82.601433
TBM2021030103,020,27.9588,-82.566316
TBM2021030104,020,27.941216,-82.55095
TBM2021030106,020,28.01345,-82.667233
TBM2021030202,020,27.928266,-82.530916
TBM2021030203,020,27.938283,-82.532916
TBM2021030204,020,27.8922,-82.587483
TBM2021030205,020,27.836516,-82.606066
TBM2021030502,020,27.631316,-82.73355
TBM2021030504,020,27.65115,-82.73635
TBM2021030505,020,27.673433,-82.738583
TBM2021030506,020,27.724216,-82.6952
TBM2021030507,020,27.690233,-82.677033
TBM2021030601,020,27.663733,-82.549383
TBM2021030602,020,27.608966,-82.5638
TBM2021030603,020,27.596116,-82.58135
TBM2021030704,020,27.722083,-82.481466
TBM2021030801,020,27.90985,-82.445333
TBM2021030802,020,27.913666,-82.462383
TBM2021030803,020,27.921683,-82.484816
TBM2021030901,020,27.7891,-82.622066
TBM2021030902,020,27.73325,-82.620366
TBM2021030903,020,27.704566,-82.635933
TBM2021030905,020,27.74275,-82.634466
TBM2021031001,020,27.8601,-82.485766
TBM2021031002,020,27.859616,-82.48555
TBM2021031003,020,27.815366,-82.490816
TBM2021031004,020,27.828,-82.522583
TBM2021031005,020,27.830216,-82.441666
TBM2021031007,020,27.860283,-82.404333
TBM2021031101,020,27.49945,-82.580616
TBM2021031102,020,27.5422,-82.605483
TBM2021031104,020,27.50845,-82.7081
TBM2021031105,020,27.50295,-82.686516
TBM2021040102,020,27.829633,-82.553533
TBM2021040103,020,27.8358,-82.582733
TBM2021040106,020,27.8831,-82.6206
TBM2021040303,020,27.965733,-82.559216
TBM2021040304,020,27.9378,-82.53765
TBM2021040305,020,27.937533,-82.5325
TBM2021040306,020,27.94075,-82.549516
TBM2021040401,020,27.713733,-82.720833
TBM2021040402,020,27.723333,-82.733383
TBM2021040403,020,27.726933,-82.7289
TBM2021040406,020,27.67895,-82.6738
TBM2021040408,020,27.651533,-82.715783
TBM2021040502,020,27.6289,-82.568533
TBM2021040506,020,27.502866,-82.591366
TBM2021040601,020,27.899033,-82.434866
TBM2021040603,020,27.79145,-82.4043
TBM2021040804,020,27.773916,-82.626133
TBM2021040805,020,27.782566,-82.62405
TBM2021040806,020,27.75115,-82.625833
TBM2021040902,020,27.83065,-82.431433
TBM2021040903,020,27.866616,-82.487583
TBM2021040904,020,27.8809,-82.481433
TBM2021040905,020,27.877483,-82.483933
TBM2021041002,020,28.02755,-82.6654
TBM2021041003,020,27.999683,-82.677883
TBM2021041005,020,27.91315,-82.69815
TBM2021041101,020,27.576383,-82.610016
TBM2021041105,020,27.532516,-82.730616
TBM2021041106,020,27.506966,-82.711416
TBM2021041301,020,27.717166,-82.50415
TBM2021041302,020,27.734866,-82.47455
TBM2021041303,020,27.75205,-82.464233
TBM2021041306,020,27.692616,-82.52095
TBM2021041402,020,27.605083,-82.583716
TBM2021050104,020,27.647,-82.67465
TBM2021050105,020,27.687583,-82.70315
TBM2021050106,020,27.7248,-82.7296
TBM2021050107,020,27.726866,-82.729316
TBM2021050108,020,27.742466,-82.728966
TBM2021050201,020,27.972483,-82.585216
TBM2021050202,020,27.99395,-82.622383
TBM2021050203,020,27.997633,-82.655383
TBM2021050205,020,28.017266,-82.667766
TBM2021050301,020,27.514083,-82.5924
TBM2021050302,020,27.510233,-82.621166
TBM2021050305,020,27.606783,-82.57525
TBM2021050401,020,27.889016,-82.586983
TBM2021050402,020,27.92745,-82.53105
TBM2021050403,020,27.936916,-82.531866
TBM2021050406,020,27.835983,-82.538133
TBM2021050602,020,27.719533,-82.63555
TBM2021050603,020,27.732233,-82.62355
TBM2021050605,020,27.846683,-82.6214
TBM2021050606,020,27.841183,-82.60665
TBM2021050607,020,27.82805,-82.607383
TBM2021050701,020,27.888966,-82.409966
TBM2021050703,020,27.868983,-82.438116
TBM2021050704,020,27.859283,-82.485366
TBM2021050706,020,27.7697,-82.437016
TBM2021050707,020,27.808866,-82.4118
TBM2021050902,020,27.6837,-82.53365
TBM2021050905,020,27.623783,-82.5663
TBM2021050906,020,27.608783,-82.558383
TBM2021050907,020,27.603666,-82.5518
TBM2021051001,020,27.73905,-82.46885
TBM2021051002,020,27.750683,-82.475966
TBM2021051003,020,27.731233,-82.473883
TBM2021051004,020,27.71,-82.481966
TBM2021060201,020,27.673,-82.671166
TBM2021060208,020,27.713033,-82.61865
TBM2021060302,020,27.526616,-82.724183
TBM2021060303,020,27.5149,-82.711666
TBM2021060305,020,27.52935,-82.694933
TBM2021060401,020,27.514133,-82.591683
TBM2021060402,020,27.499783,-82.57615
TBM2021060405,020,27.533033,-82.636866
TBM2021060704,020,27.7475,-82.4745
TBM2021060705,020,27.7446,-82.463116
TBM2021060707,020,27.681133,-82.4972
TBM2021060801,020,27.904866,-82.531916
TBM2021060803,020,27.891333,-82.630683
TBM2021060805,020,27.835733,-82.528166
TBM2021060903,020,27.707216,-82.7115
TBM2021060905,020,27.72135,-82.736533
TBM2021060907,020,27.718933,-82.698033
TBM2021061001,020,27.634533,-82.703383
TBM2021061101,020,27.982966,-82.618133
TBM2021061103,020,27.965333,-82.692333
TBM2021061104,020,27.9728,-82.68825
TBM2021061106,020,28.025283,-82.664816
TBM2021061108,020,28.003383,-82.6162
TBM2021061302,020,27.8054,-82.600666
TBM2021061303,020,27.8195,-82.616783
TBM2021061304,020,27.790016,-82.615033
TBM2021061305,020,27.756816,-82.628116
TBM2021061401,020,27.930766,-82.448333
TBM2021061402,020,27.928833,-82.47625
TBM2021061403,020,27.926366,-82.477166
TBM2021061404,020,27.898033,-82.434316
TBM2021061405,020,27.898083,-82.431566
TBM2021061407,020,27.846383,-82.414416
TBM2021061408,020,27.820433,-82.40505
TBM2021070106,020,27.971433,-82.60745
TBM2021070107,020,27.9614,-82.572666
TBM2021070504,020,27.508283,-82.686683
TBM2021070602,020,27.7963,-82.599983
TBM2021070605,020,27.8635,-82.596383
TBM2021070606,020,27.870166,-82.596
TBM2021070607,020,27.845933,-82.54615
TBM2021070704,020,27.740883,-82.624283
TBM2021070705,020,27.73755,-82.640133
TBM2021070802,020,27.93835,-82.41425
TBM2021070804,020,27.89905,-82.4339
TBM2021070806,020,27.868933,-82.4026
TBM2021070807,020,27.863916,-82.42935
TBM2021070808,020,27.898816,-82.43075
TBM2021070901,020,27.972183,-82.612216
TBM2021070903,020,28.025266,-82.665216
TBM2021070904,020,27.9973,-82.681633
TBM2021070906,020,27.99255,-82.621866
TBM2021070907,020,27.974016,-82.5971
TBM2021071102,020,27.5946,-82.5949
TBM2021071201,020,27.5126,-82.58375
TBM2021071205,020,27.5403,-82.632416
TBM2021071207,020,27.5735,-82.570333
TBM2021071208,020,27.5384,-82.606116
TBM2021071304,020,27.887266,-82.4783
TBM2021071305,020,27.83275,-82.441116
TBM2021071306,020,27.788166,-82.423783
TBM2021071307,020,27.816966,-82.39645
TBM2021071401,020,27.647916,-82.552766
TBM2021071501,020,27.66885,-82.693883
TBM2021071603,020,27.6996,-82.692016
TBM2021071606,020,27.685733,-82.7164
TBM2021071607,020,27.676583,-82.731216
TBM2021071608,020,27.673666,-82.733916
TBM2021080101,020,27.957766,-82.550333
TBM2021080102,020,27.93295,-82.533333
TBM2021080105,020,27.853916,-82.55365
TBM2021080106,020,27.888383,-82.541183
TBM2021080201,020,27.7089,-82.636566
TBM2021080204,020,27.625333,-82.702683
TBM2021080205,020,27.643416,-82.70385
TBM2021080306,020,27.71735,-82.484
TBM2021080403,020,27.566983,-82.584733
TBM2021080601,020,27.8829,-82.423983
TBM2021080602,020,27.879566,-82.42465
TBM2021080603,020,27.845833,-82.397983
TBM2021080605,020,27.867216,-82.402033
TBM2021080608,020,27.93545,-82.414433
TBM2021080609,020,27.910083,-82.445483
TBM2021080701,020,27.526983,-82.604333
TBM2021080702,020,27.5378,-82.5912
TBM2021080705,020,27.522666,-82.664266
TBM2021080801,020,27.98405,-82.61245
TBM2021080802,020,27.993383,-82.6326
TBM2021080805,020,27.896016,-82.64125
TBM2021080806,020,27.965816,-82.655666
TBM2021081003,020,27.58965,-82.624416
TBM2021081004,020,27.589616,-82.624316
TBM2021081007,020,27.551583,-82.609983
TBM2021081104,020,27.700433,-82.72315
TBM2021081106,020,27.7037,-82.719833
TBM2021081108,020,27.739783,-82.738083
TBM2021081201,020,27.75795,-82.449700000000007
TBM2021081203,020,27.805,-82.44425
TBM2021081302,020,27.868916,-82.612333
TBM2021081303,020,27.870532999999998,-82.5992
TBM2021081306,020,27.817866,-82.61685
TBM2021081307,020,27.80175,-82.618716
TBM2021090202,020,27.6439,-82.672783
TBM2021090203,020,27.641433,-82.730766
TBM2021090304,020,27.654733,-82.5538
TBM2021090306,020,27.613666,-82.57205
TBM2021090307,020,27.61365,-82.5683
TBM2021090308,020,27.616816,-82.565566
TBM2021090403,020,27.883516,-82.61825
TBM2021090404,020,27.882233,-82.617433
TBM2021090504,020,27.677366,-82.7297
TBM2021090505,020,27.699566,-82.721583
TBM2021090508,020,27.740583,-82.724916
TBM2021090601,020,27.97015,-82.571416
TBM2021090602,020,27.989333,-82.6176
TBM2021090603,020,28.01675,-82.641866
TBM2021090606,020,27.96105,-82.6947
TBM2021090607,020,27.9602,-82.703333
TBM2021090608,020,27.962716,-82.572483
TBM2021090701,020,27.854633,-82.622283
TBM2021090702,020,27.840566,-82.606
TBM2021090703,020,27.810633,-82.591
TBM2021090704,020,27.815466,-82.616083
TBM2021090707,020,27.859816,-82.596333
TBM2021090805,020,27.71115,-82.467666
TBM2021090806,020,27.746633,-82.478666
TBM2021090807,020,27.7464,-82.478216
TBM2021090901,020,27.887666,-82.40625
TBM2021090902,020,27.863683,-82.433333
TBM2021090904,020,27.865483,-82.4875
TBM2021090905,020,27.815133,-82.394766
TBM2021090906,020,27.827416,-82.394616
TBM2021090907,020,27.835016,-82.395166
TBM2021091104,020,27.574316,-82.569016
TBM2021091105,020,27.5481,-82.573283
TBM2021091301,020,27.52025,-82.67155
TBM2021100101,020,27.63135,-82.69795
TBM2021100303,020,27.833816,-82.530433
TBM2021100305,020,27.826133,-82.504266
TBM2021100306,020,27.88505,-82.611866
TBM2021100501,020,27.73995,-82.468583
TBM2021100502,020,27.742516,-82.487733
TBM2021100603,020,27.585416,-82.613916
TBM2021100604,020,27.6053,-82.5837
TBM2021100701,020,27.9158,-82.6828
TBM2021100702,020,27.936716,-82.724283
TBM2021100703,020,27.957283,-82.717416
TBM2021100706,020,27.9806,-82.693383
TBM2021100707,020,27.999733,-82.679666
TBM2021100709,020,27.995583,-82.663016
TBM2021100802,020,27.737233,-82.707283
TBM2021100803,020,27.742116,-82.729916
TBM2021100804,020,27.7263,-82.736766
TBM2021100808,020,27.71425,-82.707183
TBM2021101004,020,27.706666,-82.51285
TBM2021101007,020,27.684766,-82.528333
TBM2021101008,020,27.6808,-82.497833
TBM2021101102,020,27.857216,-82.591666
TBM2021101103,020,27.843616,-82.594633
TBM2021101104,020,27.836083,-82.583083
TBM2021101105,020,27.830416,-82.580616
TBM2021101108,020,27.803983,-82.626716
TBM2021101203,020,27.523183,-82.70795
TBM2021101208,020,27.541966,-82.633133
TBM2021101209,020,27.52295,-82.62165
TBM2021101401,020,27.934216,-82.447866
TBM2021101403,020,27.908583,-82.446783
TBM2021101404,020,27.866066,-82.488033
TBM2021101405,020,27.82265,-82.432816
TBM2021101408,020,27.9459,-82.392183
TBM2021110202,020,27.792533,-82.607383
TBM2021110203,020,27.798433,-82.6058
TBM2021110204,020,27.80355,-82.597616
TBM2021110305,020,27.56015,-82.58935
TBM2021110306,020,27.567866,-82.570016
TBM2021110401,020,27.681666,-82.4977
TBM2021110402,020,27.685616,-82.524433
TBM2021110403,020,27.683483,-82.533533
TBM2021110407,020,27.667416,-82.540616
TBM2021110409,020,27.635266,-82.575933
TBM2021110504,020,27.6745,-82.677033
TBM2021110507,020,27.72765,-82.693266
TBM2021110508,020,27.7374,-82.699816
TBM2021110701,020,27.893883,-82.539566
TBM2021110703,020,27.927366,-82.533066
TBM2021110705,020,27.914983,-82.619466
TBM2021110706,020,27.8625,-82.613983
TBM2021110905,020,27.652583,-82.6849
TBM2021111003,020,27.67835,-82.647833
TBM2021111004,020,27.692783,-82.646133
TBM2021111005,020,27.689583,-82.6758
TBM2021111101,020,28.011583,-82.6804
TBM2021111102,020,28.016716,-82.642066
TBM2021111104,020,27.913066,-82.672316
TBM2021111106,020,27.92565,-82.7041
TBM2021111202,020,27.705433,-82.454833
TBM2021111301,020,27.816616,-82.49855
TBM2021111304,020,27.813933,-82.407366
TBM2021111402,020,27.834266,-82.440666
TBM2021111403,020,27.886683,-82.407383
TBM2021111404,020,27.950433,-82.41685
TBM2021111405,020,27.9424,-82.4087
TBM2021111406,020,27.940233,-82.4146
TBM2021111407,020,27.923033,-82.482933
TBM2021120101,020,27.963116,-82.574566
TBM2021120102,020,27.966483,-82.57115
TBM2021120103,020,27.967433,-82.6419
TBM2021120106,020,28.02195,-82.685033
TBM2021120108,020,28.00875,-82.6642
TBM2021120201,020,27.7154,-82.71395
TBM2021120203,020,27.685733,-82.71675
TBM2021120205,020,27.65985,-82.698516
TBM2021120207,020,27.649683,-82.733766
TBM2021120208,020,27.652433,-82.732366
TBM2021120301,020,27.748583,-82.4801
TBM2021120303,020,27.83945,-82.43385
TBM2021120304,020,27.846766,-82.412683
TBM2021120401,020,27.904766,-82.532516
TBM2021120403,020,27.895033,-82.638316
TBM2021120404,020,27.8729,-82.593766
TBM2021120406,020,27.86665,-82.537733
TBM2021120505,020,27.701983,-82.506633
TBM2021120506,020,27.681666,-82.49675
TBM2021120601,020,27.9311,-82.448283
TBM2021120602,020,27.942266,-82.40985
TBM2021120603,020,27.898433,-82.43055
TBM2021120605,020,27.881716,-82.480983
TBM2021120606,020,27.892,-82.483616
TBM2021120701,020,27.5354,-82.6065
TBM2021120702,020,27.587133,-82.6224
TBM2021120703,020,27.584783,-82.61835
TBM2021120704,020,27.593,-82.587816
TBM2021120705,020,27.602483,-82.556916
TBM2021120706,020,27.606166,-82.549983
TBM2021120802,020,27.678533,-82.647733
TBM2021120803,020,27.788733,-82.62205
TBM2021120804,020,27.800633,-82.605316
TBM2021120805,020,27.7413,-82.624416
TBM2022010101,020,27.717966,-82.703483
TBM2022010102,020,27.7158,-82.724533
TBM2022010103,020,27.68225,-82.737666
TBM2022010107,020,27.654933,-82.7184
TBM2022010202,020,27.790916,-82.613933
TBM2022010203,020,27.774283,-82.626166
TBM2022010207,020,27.672566,-82.677016
TBM2022010301,020,27.723133,-82.493133
TBM2022010302,020,27.738516,-82.489466
TBM2022010303,020,27.7593,-82.454516
TBM2022010401,020,27.5115,-82.578966
TBM2022010402,020,27.52755,-82.669616
TBM2022010403,020,27.512366,-82.6819
TBM2022010405,020,27.574583,-82.61085
TBM2022010406,020,27.557416,-82.604233
TBM2022010407,020,27.551733,-82.61905
TBM2022010408,020,27.536216,-82.5933
TBM2022010701,020,27.858816,-82.59635
TBM2022010702,020,27.851,-82.590383
TBM2022010703,020,27.845933,-82.555166
TBM2022010708,020,27.876683,-82.53175
TBM2022010801,020,27.821733,-82.482916
TBM2022010802,020,27.821066,-82.482166
TBM2022010803,020,27.82275,-82.43825
TBM2022011001,020,28.030933,-82.6913
TBM2022011005,020,27.9121,-82.662133
TBM2022011007,020,27.917966,-82.68535
TBM2022011104,020,27.959416,-82.5647
TBM2022011105,020,27.97035,-82.6177
TBM2022011106,020,27.992966,-82.622233
TBM2022011107,020,27.999016,-82.616616
TBM2022011301,020,27.897583,-82.4339
TBM2022011302,020,27.899883,-82.429233
TBM2022011305,020,27.933433,-82.414483
TBM2022020101,020,27.75365,-82.46615
TBM2022020102,020,27.755316,-82.485783
TBM2022020103,020,27.741016,-82.487116
TBM2022020105,020,27.770866,-82.4362
TBM2022020107,020,27.750616,-82.462916
TBM2022020201,020,27.864083,-82.54155
TBM2022020202,020,27.863966,-82.54145
TBM2022020301,020,27.7481,-82.741583
TBM2022020302,020,27.701066,-82.722033
TBM2022020304,020,27.704216,-82.636116
TBM2022020305,020,27.638283,-82.71405
TBM2022020308,020,27.627216,-82.7312
TBM2022020309,020,27.6509,-82.733483
TBM2022020601,020,27.973983,-82.592816
TBM2022020602,020,28.002383,-82.630733
TBM2022020603,020,27.998233,-82.639533
TBM2022020604,020,28.000566,-82.666
TBM2022020606,020,27.915716,-82.683416
TBM2022020607,020,27.914033,-82.672983
TBM2022020608,020,27.908983,-82.630883
TBM2022020701,020,27.658866,-82.553183
TBM2022020703,020,27.606233,-82.582633
TBM2022020705,020,27.565933,-82.566683
TBM2022020706,020,27.554183,-82.574533
TBM2022020801,020,27.950716,-82.414833
TBM2022020804,020,27.7906,-82.421216
TBM2022020805,020,27.923366,-82.484966
TBM2022020902,020,27.8337,-82.554982999999993
TBM2022020903,020,27.8225,-82.48885
TBM2022020904,020,27.832983,-82.534466
TBM2022020906,020,27.819233,-82.6172
TBM2022021101,020,27.520083,-82.63495
TBM2022021104,020,27.551983,-82.61905
TBM2022021105,020,27.5482,-82.630883
TBM2022030101,020,27.942016,-82.544716
TBM2022030102,020,27.824083,-82.517383
TBM2022030103,020,27.814833,-82.493916
TBM2022030104,020,27.81995,-82.482633
TBM2022030107,020,27.878833,-82.532683
TBM2022030201,020,27.938083,-82.462666
TBM2022030202,020,27.908266,-82.451833
TBM2022030203,020,27.877683,-82.482833
TBM2022030205,020,27.852566,-82.39855
TBM2022030207,020,27.895416,-82.411533
TBM2022030209,020,27.94565,-82.430416
TBM2022030301,020,27.8349,-82.60395
TBM2022030303,020,27.88995,-82.586866
TBM2022030304,020,27.85995,-82.596316
TBM2022030305,020,27.775383,-82.626666
TBM2022030307,020,27.84975,-82.624
TBM2022030402,020,27.717016,-82.502
TBM2022030405,020,27.6803,-82.505283
TBM2022030406,020,27.68025,-82.505766
TBM2022030602,020,27.9609,-82.695983
TBM2022030604,020,27.933683,-82.71385
TBM2022030606,020,28.000083,-82.661933
TBM2022030608,020,28.0099,-82.6396
TBM2022030609,020,28.010816,-82.628766
TBM2022030703,020,27.667433,-82.722616
TBM2022030704,020,27.698333,-82.71725
TBM2022030705,020,27.71,-82.733033
TBM2022030706,020,27.727216,-82.73655
TBM2022030707,020,27.744666,-82.686666
TBM2022030801,020,27.548116,-82.582766
TBM2022030802,020,27.568366,-82.571883
TBM2022030804,020,27.585533,-82.615566
TBM2022030806,020,27.52615,-82.711232999999993
TBM2022030808,020,27.528533,-82.720766
TBM2022040206,020,27.678383,-82.512366
TBM2022040401,020,27.518583,-82.5964
TBM2022040402,020,27.503933,-82.709633
TBM2022040404,020,27.533666,-82.655366
TBM2022040405,020,27.573733,-82.617066
TBM2022040406,020,27.562233,-82.6136
TBM2022040407,020,27.546783,-82.583083
TBM2022040501,020,27.823133,-82.439616
TBM2022040503,020,27.799583,-82.412233
TBM2022040504,020,27.814583,-82.405816
TBM2022040507,020,27.843433,-82.418416
TBM2022040603,020,27.7183,-82.62835
TBM2022040606,020,27.679933,-82.663683
TBM2022040705,020,27.8332,-82.534716
TBM2022040706,020,27.828916,-82.553033
TBM2022040707,020,27.843016,-82.5926
TBM2022040708,020,27.798983,-82.605683
TBM2022040804,020,27.978983,-82.685533
TBM2022040805,020,27.99235,-82.680816
TBM2022040807,020,28.016866,-82.64335
TBM2022040903,020,27.872366,-82.487583
TBM2022040904,020,27.893933,-82.41065
TBM2022040905,020,27.898883,-82.41855
TBM2022040907,020,27.946583,-82.428066
TBM2022040908,020,27.93835,-82.414516
TBM2022041001,020,27.633233,-82.696283
TBM2022041003,020,27.7161,-82.708083
TBM2022041004,020,27.66835,-82.690566
TBM2022041007,020,27.620916,-82.725383
TBM2022041102,020,27.923383,-82.5315
TBM2022041103,020,27.916033,-82.650933
TBM2022041105,020,27.891883,-82.642733
TBM2022041106,020,27.90755,-82.62965
TBM2022041107,020,27.881933,-82.617466
TBM2022050101,020,27.699766,-82.688533
TBM2022050103,020,27.62335,-82.7083
TBM2022050105,020,27.644166,-82.714483
TBM2022050107,020,27.722833,-82.7286
TBM2022050108,020,27.73765,-82.705166
TBM2022050201,020,27.931866,-82.448166
TBM2022050202,020,27.899733,-82.429466
TBM2022050204,020,27.9455,-82.411883
TBM2022050205,020,27.865883,-82.487116
TBM2022050206,020,27.868566,-82.488433
TBM2022050207,020,27.880333,-82.481533
TBM2022050209,020,27.927216,-82.478833
TBM2022050302,020,27.946566,-82.723116
TBM2022050303,020,27.9129,-82.675183
TBM2022050304,020,27.916683,-82.66355
TBM2022050305,020,27.917033,-82.647583
TBM2022050307,020,27.911133,-82.627683
TBM2022050401,020,27.881633,-82.53525
TBM2022050406,020,27.92405,-82.530766
TBM2022050407,020,27.908283,-82.53185
TBM2022050604,020,27.575033,-82.585633
TBM2022050605,020,27.5748,-82.5858
TBM2022050607,020,27.607266,-82.556016
TBM2022050608,020,27.5845,-82.6175
TBM2022050701,020,27.760266,-82.4444
TBM2022050702,020,27.789383,-82.407566
TBM2022050807,020,27.4993,-82.58075
TBM2022050808,020,27.519883,-82.634683
TBM2022050809,020,27.53595,-82.639883
TBM2022050902,020,27.801916,-82.618633
TBM2022050903,020,27.815516,-82.616166
TBM2022050904,020,27.820183,-82.616516
TBM2022050905,020,27.827066,-82.598633
TBM2022050906,020,27.8421,-82.606866
TBM2022060115,020,27.498766,-82.5812
TBM2022060201,020,28.016683,-82.65475
TBM2022060204,020,27.924916,-82.689866
TBM2022060205,020,27.914966,-82.678066
TBM2022060207,020,27.971916,-82.58385
TBM2022060208,020,27.97185,-82.612683
TBM2022060301,020,27.758133,-82.628416
TBM2022060402,020,27.803666,-82.4179
TBM2022060403,020,27.790666,-82.404966
TBM2022060405,020,27.816,-82.394466
TBM2022060406,020,27.851,-82.3999
TBM2022060407,020,27.851966,-82.398416
TBM2022060502,020,27.56905,-82.571883
TBM2022060602,020,27.700083,-82.657
TBM2022060607,020,27.742183,-82.729516
TBM2022060608,020,27.717533,-82.704666
TBM2022060609,020,27.717333,-82.705383
TBM2022060706,020,27.644366,-82.67325
TBM2022060801,020,27.53045,-82.62785
TBM2022060802,020,27.5337,-82.656716
TBM2022060803,020,27.5315,-82.676183
TBM2022060804,020,27.53395,-82.732883
TBM2022061002,020,27.92095,-82.488033
TBM2022061003,020,27.900883,-82.488666
TBM2022061005,020,27.942916,-82.4223
TBM2022061006,020,27.9104,-82.445683
TBM2022061201,020,27.93735,-82.532783
TBM2022061204,020,27.863633,-82.596316
TBM2022061206,020,27.879483,-82.532866
TBM2022061207,020,27.887633,-82.541333
TBM2022061302,020,27.639066,-82.560883
TBM2022061401,020,27.733766,-82.622483
TBM2022061403,020,27.8017,-82.602666
TBM2022061404,020,27.81985,-82.6168
TBM2022070104,020,27.593433,-82.580216
TBM2022070202,020,27.66185,-82.695883
TBM2022070308,020,27.521466,-82.656083
TBM2022070405,020,27.864,-82.401616
TBM2022070406,020,27.8797,-82.4021
TBM2022070407,020,27.936366,-82.433466
TBM2022070502,020,27.821466,-82.487983
TBM2022070503,020,27.824183,-82.495733
TBM2022070506,020,27.87335,-82.601883
TBM2022070507,020,27.869916,-82.6039
TBM2022070604,020,27.6872,-82.703
TBM2022070605,020,27.709583,-82.711416
TBM2022070801,020,27.671466,-82.537933
TBM2022070805,020,27.714066,-82.498733
TBM2022070806,020,27.718966000000002,-82.4968
TBM2022070807,020,27.6996,-82.509733
TBM2022070809,020,27.682816,-82.498033
TBM2022070902,020,27.814683,-82.397116
TBM2022070906,020,27.898666,-82.430916
TBM2022071002,020,27.499366,-82.5808
TBM2022071104,020,27.98015,-82.693233
TBM2022071105,020,28.031483,-82.67125
TBM2022071106,020,28.025616,-82.66475
TBM2022071201,020,27.890083,-82.629983
TBM2022071202,020,27.9367,-82.723566
TBM2022071206,020,27.932733,-82.5334
TBM2022071207,020,27.924333,-82.5327
TBM2022071208,020,27.881916,-82.538566
TBM2022071306,020,27.50695,-82.611266
TBM2022071406,020,27.716866,-82.7061
TBM2022071407,020,27.718283,-82.701333
TBM2022071503,020,27.72175,-82.626133
TBM2022071505,020,27.712033,-82.61905
TBM2022071507,020,27.69275,-82.6458
TBM2022080103,020,27.591666,-82.601883
TBM2022080104,020,27.595466,-82.58455
TBM2022080201,020,28.0088,-82.6192
TBM2022080202,020,28.026166,-82.63505
TBM2022080206,020,27.95795,-82.709366
TBM2022080207,020,27.998666,-82.6576
TBM2022080208,020,27.992316,-82.647166
TBM2022080305,020,27.706733,-82.45645
TBM2022080401,020,27.897916,-82.431583
TBM2022080403,020,27.876583,-82.40245
TBM2022080404,020,27.844416,-82.4178
TBM2022080405,020,27.8472,-82.407516
TBM2022080406,020,27.86645,-82.487783
TBM2022080407,020,27.875233,-82.4857
TBM2022080602,020,27.9075,-82.629683
TBM2022080604,020,27.953433,-82.544116
TBM2022080606,020,27.836516,-82.537683
TBM2022080607,020,27.85675,-82.5457
TBM2022080608,020,27.878216,-82.5315
TBM2022080802,020,27.513233,-82.586983
TBM2022080901,020,27.717716,-82.500266
TBM2022080902,020,27.760416,-82.441
TBM2022080906,020,27.688666,-82.520683
TBM2022081001,020,27.570016,-82.5707
TBM2022081007,020,27.6203,-82.567516
TBM2022081102,020,27.847533,-82.613716
TBM2022081103,020,27.8017,-82.6187
TBM2022081105,020,27.738666,-82.640283
TBM2022081204,020,27.676883,-82.729983
TBM2022081205,020,27.699316,-82.721666
TBM2022081301,020,27.736716,-82.709616
TBM2022081302,020,27.705633,-82.689083
TBM2022081402,020,27.61385,-82.730666
TBM2022081406,020,27.654066,-82.737016
TBM2022090102,020,27.93515,-82.716316
TBM2022090103,020,27.917683,-82.613816
TBM2022090105,020,28.009166,-82.653983
TBM2022090106,020,27.997633,-82.643683
TBM2022090201,020,27.9281,-82.47735
TBM2022090203,020,27.940183,-82.413783
TBM2022090204,020,27.854066,-82.4028
TBM2022090205,020,27.837966,-82.403
TBM2022090206,020,27.802933,-82.417533
TBM2022090208,020,27.7614,-82.4378
TBM2022090209,020,27.75835,-82.457
TBM2022090405,020,27.606983,-82.5752
TBM2022090406,020,27.6023,-82.55645
TBM2022090407,020,27.595066,-82.573866
TBM2022090502,020,27.8697,-82.608616
TBM2022090503,020,27.878716,-82.610533
TBM2022090506,020,27.908133,-82.62805
TBM2022090507,020,27.909683,-82.627616
TBM2022090508,020,27.936883,-82.53175
TBM2022090702,020,27.788683,-82.6221
TBM2022090704,020,27.83085,-82.528066
TBM2022090705,020,27.845633,-82.546783
TBM2022090803,020,27.715533,-82.5046
TBM2022090807,020,27.685166,-82.5318
TBM2022090901,020,27.699716,-82.690883
TBM2022090905,020,27.647116,-82.673133000000007
TBM2022090906,020,27.678633,-82.666816
TBM2022090907,020,27.679816,-82.655633
TBM2022091003,020,27.533383,-82.732033
TBM2022091105,020,27.713316,-82.464716
TBM2022091205,020,27.700083,-82.652416
TBM2022091207,020,27.718366,-82.634166
TBM2022091301,020,27.530066,-82.599216
TBM2022091303,020,27.5729,-82.593
TBM2022100102,020,27.902733,-82.641083
TBM2022100104,020,27.962266,-82.685916
TBM2022100105,020,27.996816,-82.6819
TBM2022100203,020,27.707966,-82.514416
TBM2022100204,020,27.6968,-82.51615
TBM2022100301,020,27.7371,-82.707333
TBM2022100302,020,27.73915,-82.73755
TBM2022100308,020,27.709333,-82.682633
TBM2022100401,020,27.8533,-82.55435
TBM2022100402,020,27.85285,-82.554033
TBM2022100403,020,27.83365,-82.527866
TBM2022100407,020,27.867833,-82.605683
TBM2022100604,020,27.883366,-82.609816
TBM2022100605,020,27.889916,-82.586883
TBM2022100606,020,27.878633,-82.534133
TBM2022100607,020,27.879766,-82.5336
TBM2022100608,020,27.944483,-82.54395
TBM2022100609,020,27.971983,-82.57155
TBM2022100702,020,27.6319,-82.5725
TBM2022100704,020,27.59395,-82.591466
TBM2022100802,020,27.50025,-82.708016
TBM2022100806,020,27.524833,-82.642383
TBM2022101002,020,27.927716,-82.423033
TBM2022101005,020,27.92405,-82.483783
TBM2022101006,020,27.91055,-82.462216
TBM2022101303,020,27.550266,-82.6339
TBM2022101307,020,27.54085,-82.588216
TBM2022101502,020,27.618033,-82.72145
TBM2022101506,020,27.6658,-82.6781
TBM2022101602,020,27.769316,-82.432283
TBM2022101603,020,27.7844,-82.417366
TBM2022101605,020,27.819283,-82.389683
TBM2022101606,020,27.8226,-82.393866
TBM2022101607,020,27.83725,-82.397666
TBM2022110202,020,27.839633,-82.541483
TBM2022110203,020,27.85125,-82.5551
TBM2022110205,020,27.9138,-82.531983
TBM2022110206,020,27.898266,-82.534633
TBM2022110303,020,27.625316,-82.703866
TBM2022110307,020,27.651966,-82.71735
TBM2022110401,020,27.801666,-82.618633
TBM2022110402,020,27.821033,-82.61615
TBM2022110403,020,27.838233,-82.6045
TBM2022110501,020,27.499883,-82.576316
TBM2022110601,020,27.57785,-82.593133
TBM2022110801,020,27.753216,-82.4798
TBM2022110803,020,27.789483,-82.422
TBM2022110804,020,27.8146,-82.39555
TBM2022110806,020,27.863283,-82.429833
TBM2022110901,020,27.984183,-82.6063
TBM2022110903,020,28.0046,-82.676066
TBM2022110906,020,27.984883,-82.69155
TBM2022110907,020,27.950383,-82.72175
TBM2022111102,020,27.66925,-82.692883
TBM2022111104,020,27.702966,-82.643133
TBM2022111105,020,27.70185,-82.662566
TBM2022111107,020,27.713633,-82.707166
TBM2022111301,020,27.8487,-82.472133
TBM2022111302,020,27.8323,-82.470583
TBM2022111304,020,27.86405,-82.4349
TBM2022111306,020,27.930016,-82.413183
TBM2022111307,020,27.939983,-82.446616
TBM2022111402,020,27.527833,-82.713066
TBM2022111403,020,27.52765,-82.695283
TBM2022111502,020,27.673583,-82.513083
TBM2022111602,020,27.8909,-82.637333
TBM2022111703,020,27.666316,-82.544283
TBM2022111704,020,27.63295,-82.574466
TBM2022120101,020,27.70185,-82.64475
TBM2022120102,020,27.762366,-82.623916
TBM2022120103,020,27.7503,-82.625133
TBM2022120104,020,27.678783,-82.647466
TBM2022120105,020,27.708983,-82.6821
TBM2022120303,020,27.511266,-82.681033
TBM2022120305,020,27.52465,-82.72335
TBM2022120401,020,27.633083,-82.7134
TBM2022120402,020,27.661733,-82.6958
TBM2022120403,020,27.705433,-82.685216
TBM2022120406,020,27.65275,-82.739516
TBM2022120501,020,27.9137,-82.445183
TBM2022120502,020,27.884733,-82.434333
TBM2022120504,020,27.8462,-82.415733
TBM2022120505,020,27.839833,-82.436716
TBM2022120506,020,27.919816,-82.487733
TBM2022120702,020,27.883933,-82.610733
TBM2022120703,020,27.882183,-82.618583
TBM2022120704,020,27.882983,-82.620133
TBM2022120803,020,27.814133000000002,-82.39465
TBM2022120804,020,27.814633,-82.39605
TBM2022120805,020,27.772133,-82.431566
TBM2022120806,020,27.761466,-82.462766
TBM2022120902,020,27.548183,-82.63035
TBM2022120903,020,27.60705,-82.54975
TBM2022120904,020,27.60695,-82.549166
TBM2022120906,020,27.570016,-82.606633
TBM2022120907,020,27.570116,-82.607483
TBM2022121202,020,27.98425,-82.600416
TBM2022121203,020,28.00255,-82.6278
TBM2022121204,020,28.02855,-82.665983
TBM2022121205,020,28.014133,-82.6682
TBM2022121206,020,28.0148,-82.6676
TBM2022121207,020,27.928266,-82.6911
TBM2023010202,020,27.869916,-82.4381
TBM2023010203,020,27.86365,-82.431366
TBM2023010204,020,27.8529,-82.3999
TBM2023010205,020,27.857583,-82.4044
TBM2023010206,020,27.86315,-82.408333
TBM2023010207,020,27.9317,-82.42675
TBM2023010405,020,27.966566,-82.558866
TBM2023010406,020,27.9617,-82.568983
TBM2023010503,020,27.69815,-82.516683
TBM2023010603,020,27.834933,-82.4698
TBM2023010604,020,27.845133,-82.54225
TBM2023010605,020,27.844983,-82.553433
TBM2023010702,020,27.784833,-82.427016
TBM2023010704,020,27.8365,-82.394583
TBM2023010902,020,27.982283,-82.685533
TBM2023010904,020,27.93835,-82.717
TBM2023010905,020,27.9228,-82.68825
TBM2023010906,020,27.913266,-82.663783
TBM2023011004,020,27.682466,-82.6842
TBM2023011102,020,27.8581,-82.597733
TBM2023011103,020,27.8695,-82.602683
TBM2023011105,020,27.861716,-82.621583
TBM2023011106,020,27.900983,-82.537283
TBM2023011201,020,27.515416,-82.630566
TBM2023011202,020,27.515116,-82.629716
TBM2023011203,020,27.527,-82.6665
TBM2023011207,020,27.623916,-82.566566
TBM2023011208,020,27.608733,-82.5612
TBM2023011209,020,27.586466,-82.596216
TBM2023011303,020,27.67985,-82.646616
TBM2023011401,020,27.716966,-82.705833
TBM2023011402,020,27.742433,-82.74265
TBM2023011404,020,27.665233,-82.7417
TBM2023011405,020,27.648916,-82.74305
TBM2023020101,020,27.6737,-82.72065
TBM2023020102,020,27.652866,-82.7163
TBM2023020104,020,27.631466,-82.6973
TBM2023020106,020,27.680066,-82.654416
TBM2023020108,020,27.68475,-82.679533
TBM2023020201,020,27.900016,-82.416116
TBM2023020202,020,27.863483,-82.43325
TBM2023020203,020,27.872666,-82.487033
TBM2023020204,020,27.927516,-82.4782
TBM2023020205,020,27.941266,-82.4591
TBM2023020206,020,27.926583,-82.4197
TBM2023020301,020,27.9009,-82.6355
TBM2023020302,020,27.913916,-82.67475
TBM2023020303,020,27.9217,-82.696283
TBM2023020306,020,28.022333,-82.68445
TBM2023020401,020,27.772433,-82.432516
TBM2023020402,020,27.77425,-82.43435
TBM2023020403,020,27.758833,-82.475
TBM2023020502,020,27.84005,-82.60585
TBM2023020503,020,27.751116,-82.625866
TBM2023020504,020,27.70325,-82.640083
TBM2023020505,020,27.8104,-82.591
TBM2023020506,020,27.8821,-82.616833
TBM2023020701,020,27.514,-82.62805
TBM2023020702,020,27.519983,-82.640266
TBM2023020704,020,27.574616,-82.61745
TBM2023020901,020,27.588933,-82.602083
TBM2023020902,020,27.609316,-82.5734
TBM2023020903,020,27.636116,-82.5767
TBM2023020906,020,27.574333,-82.585733
TBM2023021001,020,27.96055,-82.5506
TBM2023021002,020,27.9633,-82.574933
TBM2023021004,020,27.885183,-82.530933
TBM2023021007,020,27.849333,-82.546833
TBM2023030101,020,27.52305,-82.6108
TBM2023030102,020,27.5228,-82.621633
TBM2023030105,020,27.542516,-82.587283
TBM2023030201,020,27.68605,-82.6755
TBM2023030203,020,27.71965,-82.6306
TBM2023030204,020,27.724216,-82.633483
TBM2023030205,020,27.740166,-82.638533
TBM2023030301,020,27.789066,-82.62205
TBM2023030302,020,27.8201,-82.616516
TBM2023030303,020,27.827666,-82.5833
TBM2023030501,020,27.988366,-82.686966
TBM2023030503,020,28.0025,-82.673683
TBM2023030504,020,27.9996,-82.66945
TBM2023030505,020,27.994866,-82.679566
TBM2023030601,020,27.994416,-82.6225
TBM2023030602,020,27.982883,-82.616783
TBM2023030603,020,27.979616,-82.596116
TBM2023030702,020,27.939266,-82.433866
TBM2023030703,020,27.943066,-82.4151
TBM2023030704,020,27.9277,-82.422916
TBM2023030705,020,27.889783,-82.411933
TBM2023030706,020,27.877283,-82.407683
TBM2023030708,020,27.824516,-82.395416
TBM2023030802,020,27.63095,-82.733383
TBM2023030804,020,27.70195,-82.6976
TBM2023030805,020,27.699616,-82.693183
TBM2023030806,020,27.678916,-82.666333
TBM2023030901,020,27.76715,-82.445133
TBM2023030902,020,27.764616,-82.44535
TBM2023030903,020,27.737366,-82.4931
TBM2023030906,020,27.698916,-82.50985
TBM2023030907,020,27.67295,-82.540966
TBM2023030908,020,27.66935,-82.539
TBM2023030910,020,27.6745,-82.513266
TBM2023040101,020,27.653116,-82.739933
TBM2023040103,020,27.646633,-82.674583
TBM2023040105,020,27.68785,-82.6778
TBM2023040107,020,27.697916,-82.7051
TBM2023040110,020,27.739966,-82.725483
TBM2023040202,020,27.515866,-82.63095
TBM2023040401,020,27.868116,-82.488716
TBM2023040402,020,27.855766,-82.480266
TBM2023040403,020,27.864266,-82.43585
TBM2023040406,020,27.88855,-82.40965
TBM2023040407,020,27.931266,-82.44825
TBM2023040503,020,27.9636,-82.678366
TBM2023040504,020,27.917516,-82.6818
TBM2023040506,020,27.970466,-82.617566
TBM2023040508,020,27.977283,-82.579333
TBM2023040601,020,27.744133,-82.480950000000007
TBM2023040606,020,27.829533,-82.397316
TBM2023040607,020,27.814883,-82.394966
TBM2023040702,020,27.70435,-82.5197
TBM2023040703,020,27.667433,-82.542833
TBM2023040705,020,27.60285,-82.56055
TBM2023040706,020,27.605733,-82.5839
TBM2023040801,020,27.801666,-82.618633
TBM2023040802,020,27.815616,-82.616033
TBM2023040805,020,27.877683,-82.611916
TBM2023040806,020,27.864633,-82.591216
TBM2023040807,020,27.8305,-82.58855
TBM2023040904,020,27.965483,-82.5661
TBM2023040905,020,27.948116,-82.544783
TBM2023040906,020,27.932533,-82.533816
TBM2023041103,020,27.548666,-82.633583
TBM2023041104,020,27.5596,-82.626433
TBM2023041105,020,27.559733,-82.627366
TBM2023041301,020,27.749966,-82.62825
TBM2023050102,020,27.641833,-82.558383
TBM2023050103,020,27.641833,-82.559066
TBM2023050105,020,27.71385,-82.4958
TBM2023050107,020,27.759766,-82.442366
TBM2023050108,020,27.744783,-82.4804
TBM2023050202,020,27.917366,-82.6815
TBM2023050203,020,27.91605,-82.684066
TBM2023050205,020,28.0272,-82.690066
TBM2023050301,020,27.854383,-82.479783
TBM2023050302,020,27.830983,-82.470183
TBM2023050304,020,27.869116000000002,-82.425416
TBM2023050306,020,27.928066,-82.416283
TBM2023050307,020,27.942266,-82.408766
TBM2023050309,020,27.945566,-82.430483
TBM2023050601,020,27.53085,-82.597316
TBM2023050603,020,27.581983,-82.612033
TBM2023050605,020,27.609616,-82.552716
TBM2023050607,020,27.512466,-82.680116
TBM2023050702,020,27.69,-82.679533
TBM2023050704,020,27.61455,-82.729333
TBM2023050706,020,27.71765,-82.704933
TBM2023050707,020,27.717483,-82.70515
TBM2023050708,020,27.737333,-82.707133
TBM2023050709,020,27.736666,-82.692833
TBM2023050801,020,27.828916,-82.524233
TBM2023050802,020,27.8522,-82.548083
TBM2023050804,020,27.932616,-82.536416
TBM2023050805,020,27.923633,-82.530666
TBM2023050806,020,27.9039,-82.534966
TBM2023050807,020,27.897283,-82.53675
TBM2023050901,020,27.817666,-82.588183
TBM2023050903,020,27.842516,-82.6082
TBM2023050905,020,27.822616,-82.59
TBM2023050906,020,27.723316,-82.618416
TBM2023060103,020,27.872533,-82.6049
TBM2023060104,020,27.876566,-82.595716
TBM2023060105,020,27.90865,-82.631366
TBM2023060106,020,27.9101,-82.645266
TBM2023060107,020,27.929616,-82.534133
TBM2023060202,020,27.672716,-82.736433
TBM2023060302,020,27.847766,-82.552383
TBM2023060303,020,27.846366,-82.593033
TBM2023060304,020,27.828083,-82.58185
TBM2023060305,020,27.812166,-82.59825
TBM2023060501,020,27.935516,-82.433066
TBM2023060502,020,27.932783,-82.41385
TBM2023060503,020,27.900066,-82.428816
TBM2023060504,020,27.8752,-82.4247
TBM2023060602,020,27.6471,-82.674966
TBM2023060708,020,27.518133,-82.6324
TBM2023060709,020,27.509833,-82.617416
TBM2023060905,020,27.658666,-82.5459
TBM2023061001,020,28.005216,-82.6747
TBM2023061003,020,28.031233,-82.681133
TBM2023061005,020,27.990583,-82.61295
TBM2023061007,020,27.933816,-82.715383
TBM2023061102,020,27.5744,-82.568216
TBM2023061104,020,27.55955,-82.627333
TBM2023061105,020,27.603316,-82.587366
TBM2023061107,020,27.576033,-82.604
TBM2023061201,020,27.788216,-82.413166
TBM2023061202,020,27.7826,-82.429316
TBM2023061203,020,27.756616,-82.448766
TBM2023061204,020,27.759983,-82.449333
TBM2023061206,020,27.709366,-82.50255
TBM2023061401,020,27.717716,-82.697583
TBM2023061402,020,27.737583,-82.703266
TBM2023061503,020,27.705583,-82.688583
TBM2023070101,020,27.72845,-82.737233
TBM2023070102,020,27.709133,-82.730950000000007
TBM2023070103,020,27.710033,-82.7318
TBM2023070106,020,27.6327,-82.73375
TBM2023070203,020,28.0081,-82.63975
TBM2023070204,020,28.006233,-82.639433
TBM2023070301,020,27.851566,-82.609666
TBM2023070302,020,27.85035,-82.547566
TBM2023070306,020,27.817833,-82.617016
TBM2023070307,020,27.805233,-82.608683
TBM2023070501,020,27.750366,-82.459983
TBM2023070502,020,27.719433,-82.4853
TBM2023070504,020,27.609783,-82.570083
TBM2023070505,020,27.658616,-82.546133
TBM2023070606,020,27.735583,-82.622233
TBM2023070801,020,27.7034,-82.668483
TBM2023070807,020,27.704183,-82.636366
TBM2023070902,020,27.874716,-82.403316
TBM2023070905,020,27.845833,-82.3996
TBM2023070906,020,27.8245,-82.400916
TBM2023070907,020,27.817,-82.399716
TBM2023071001,020,27.532316,-82.643816
TBM2023071002,020,27.53235,-82.647766
TBM2023071004,020,27.552266,-82.633333
TBM2023071104,020,27.901716,-82.434316
TBM2023071106,020,27.853466,-82.479133
TBM2023071107,020,27.852966,-82.4795
TBM2023071401,020,27.98255,-82.59975
TBM2023071403,020,27.9565,-82.7185
TBM2023071404,020,27.957433,-82.712033
TBM2023071405,020,27.945833,-82.722116
TBM2023071407,020,27.901683,-82.635216
TBM2023071504,020,27.530116,-82.723533
TBM2023071506,020,27.514883,-82.7114
TBM2023080101,020,27.913166,-82.445483
TBM2023080103,020,27.922166,-82.4867
TBM2023080104,020,27.892833,-82.485533
TBM2023080105,020,27.872466,-82.403516
TBM2023080204,020,27.714883,-82.63195
TBM2023080205,020,27.779983,-82.621816
TBM2023080206,020,27.7803,-82.621283
TBM2023080303,020,27.528016,-82.68855
TBM2023080307,020,27.525266,-82.7094
TBM2023080309,020,27.532683,-82.646433
TBM2023080401,020,27.8144,-82.406016
TBM2023080402,020,27.81995,-82.38965
TBM2023080404,020,27.705683,-82.499633
TBM2023080405,020,27.7056,-82.4999
TBM2023080407,020,27.731583,-82.473833
TBM2023080602,020,28.017016,-82.642566
TBM2023080603,020,28.0029,-82.63515
TBM2023080604,020,27.987666,-82.610566
TBM2023080605,020,27.957266,-82.550783
TBM2023080607,020,27.967666,-82.63995
TBM2023080801,020,27.7222,-82.721016
TBM2023080802,020,27.723383,-82.728833
TBM2023080803,020,27.740133,-82.724083
TBM2023080901,020,27.531083,-82.601116
TBM2023080906,020,27.635533,-82.57595
TBM2023081005,020,27.570683,-82.563483
TBM2023081203,020,27.612866,-82.732183
TBM2023081204,020,27.617283,-82.72395
TBM2023081206,020,27.7065,-82.681333
TBM2023081301,020,27.891516,-82.586983
TBM2023081303,020,27.906816,-82.634033
TBM2023081304,020,27.834383,-82.582166
TBM2023081306,020,27.85565,-82.552416
TBM2023081308,020,27.86815,-82.541183
TBM2023090101,020,27.6898,-82.679566
TBM2023090201,020,27.958416,-82.707966
TBM2023090202,020,27.9478,-82.723883
TBM2023090203,020,27.922316,-82.694033
TBM2023090205,020,27.973216,-82.582233
TBM2023090402,020,27.731433,-82.624833
TBM2023090405,020,27.654366,-82.743666
TBM2023090406,020,27.66775,-82.722183
TBM2023090605,020,27.701483,-82.662483
TBM2023090608,020,27.70545,-82.68525
TBM2023090701,020,27.574566,-82.567033
TBM2023090702,020,27.578016,-82.593166
TBM2023090705,020,27.50315,-82.59835
TBM2023090706,020,27.500433,-82.577133
TBM2023091101,020,27.708133,-82.4668
TBM2023091102,020,27.711233,-82.46775
TBM2023091103,020,27.742866,-82.4634
TBM2023091104,020,27.757516,-82.454383000000007
TBM2023091202,020,27.9401,-82.413933
TBM2023091203,020,27.93165,-82.428066
TBM2023091204,020,27.884266,-82.426833
TBM2023091206,020,27.868783,-82.424916
TBM2023091207,020,27.900633,-82.4346
TBM2023091301,020,27.816616,-82.616266
TBM2023091304,020,27.83275,-82.53395
TBM2023091305,020,27.864966,-82.539766
TBM2023091306,020,27.7565,-82.628016
TBM2023091402,020,27.667016,-82.5406
TBM2023091404,020,27.677816,-82.53325
TBM2023091405,020,27.688,-82.535283
TBM2023091501,020,27.891216,-82.542483
TBM2023091502,020,27.936633,-82.531783
TBM2023091503,020,27.962133,-82.5538
TBM2023091505,020,27.880566,-82.607433
TBM2023100203,020,27.9572,-82.717616
TBM2023100204,020,27.911733,-82.673466
TBM2023100205,020,27.898016,-82.64245
TBM2023100206,020,27.896516,-82.6381
TBM2023100305,020,27.86145,-82.618333
TBM2023100306,020,27.847766,-82.555616
TBM2023100307,020,27.847666,-82.554566
TBM2023100308,020,27.864,-82.54675
TBM2023100408,020,27.511733,-82.577616
TBM2023100501,020,27.7284,-82.724433
TBM2023100502,020,27.748083,-82.7408
TBM2023100503,020,27.725166,-82.740383
TBM2023100505,020,27.70585,-82.711583
TBM2023100506,020,27.705783,-82.711416
TBM2023100701,020,27.829283,-82.599533
TBM2023100801,020,27.817633,-82.501933
TBM2023100804,020,27.850233,-82.404616
TBM2023100805,020,27.863433,-82.43085
TBM2023100808,020,27.929783,-82.475166
TBM2023100809,020,27.8901,-82.481166
TBM2023101002,020,27.657716,-82.548133000000007
TBM2023101005,020,27.59935,-82.555116
TBM2023101006,020,27.609283,-82.555666
TBM2023101101,020,27.741483,-82.625266
TBM2023101202,020,27.99965,-82.6775
TBM2023101203,020,27.998966,-82.68005
TBM2023101205,020,27.9721,-82.694266
TBM2023101301,020,27.545616,-82.584533
TBM2023101304,020,27.553266,-82.57435
TBM2023101401,020,27.754,-82.45595
TBM2023101403,020,27.829766,-82.44165
TBM2023101407,020,27.786016,-82.42605
TBM2023101408,020,27.749666,-82.48405
TBM2023101501,020,27.52205,-82.65195
TBM2023110101,020,27.9083,-82.45175
TBM2023110103,020,27.821616,-82.396933
TBM2023110104,020,27.846416,-82.414833
TBM2023110105,020,27.880816,-82.402066
TBM2023110106,020,27.892516,-82.409716
TBM2023110107,020,27.897516,-82.432783
TBM2023110203,020,27.94045,-82.550266
TBM2023110204,020,27.941966,-82.54475
TBM2023110205,020,27.88875,-82.6273
TBM2023110206,020,27.874933,-82.602083
TBM2023110207,020,27.8766,-82.59505
TBM2023110301,020,27.654833,-82.74455
TBM2023110302,020,27.654833,-82.743883
TBM2023110303,020,27.656683,-82.728916
TBM2023110304,020,27.657666,-82.72275
TBM2023110401,020,27.736316,-82.710666
TBM2023110501,020,27.720366,-82.6359
TBM2023110502,020,27.710033,-82.63665
TBM2023110704,020,27.785083,-82.612966
TBM2023110705,020,27.757266,-82.628516
TBM2023110903,020,27.709983,-82.46795
TBM2023110905,020,27.6802,-82.538716
TBM2023110906,020,27.75145,-82.475133
TBM2023110907,020,27.74675,-82.477666
TBM2023111006,020,27.568666,-82.572133
TBM2023111202,020,27.525283,-82.641133
TBM2023111206,020,27.503216,-82.7104
TBM2023111209,020,27.50505,-82.605683
TBM2023111302,020,27.559033,-82.59375
TBM2023111304,020,27.609283,-82.55895
TBM2023111402,020,28.0227,-82.68675
TBM2023111403,020,27.926933,-82.70385
TBM2023111404,020,27.91305,-82.699216
TBM2023111405,020,27.913016,-82.6711
TBM2023120101,020,28.003466,-82.611183
TBM2023120102,020,27.9969,-82.6215
TBM2023120104,020,27.972816,-82.571666
TBM2023120105,020,27.920683,-82.534216
TBM2023120201,020,27.975866,-82.6908
TBM2023120202,020,27.966383,-82.650533
TBM2023120205,020,27.919,-82.686016
TBM2023120302,020,27.53355,-82.594933
TBM2023120303,020,27.526583,-82.601366
TBM2023120305,020,27.504683,-82.710216
TBM2023120306,020,27.52285,-82.6218
TBM2023120307,020,27.510116,-82.617983
TBM2023120504,020,27.836516,-82.586883
TBM2023120505,020,27.822683,-82.587516
TBM2023120506,020,27.7832,-82.621383
TBM2023120507,020,27.775033,-82.62655
TBM2023120508,020,27.75725,-82.628266
TBM2023120509,020,27.756383,-82.627566
TBM2023120701,020,27.598633,-82.554116
TBM2023120702,020,27.631133,-82.569
TBM2023120706,020,27.712316,-82.51405
TBM2023120801,020,27.619816,-82.733516
TBM2023120804,020,27.645666,-82.739983
TBM2023120806,020,27.665583,-82.7416
TBM2023120807,020,27.702633,-82.66295
TBM2023120808,020,27.702333,-82.66505
TBM2023120901,020,27.808966,-82.4115
TBM2023120903,020,27.839833,-82.436683
TBM2023120904,020,27.822266,-82.435483
TBM2023120906,020,27.884733,-82.434216
TBM2023120907,020,27.917766,-82.490483
TBM2023121103,020,27.83415,-82.469183
TBM2023121104,020,27.75005,-82.48785
TBM2023121105,020,27.72045,-82.496716
TBM2024010202,020,27.907883000000002,-82.44655
TBM2024010203,020,27.946633,-82.399183
TBM2024010204,020,27.940666,-82.414016
TBM2024010205,020,27.932966,-82.416383
TBM2024010401,020,27.74235,-82.7426
TBM2024010402,020,27.709416,-82.63665
TBM2024010501,020,27.498566,-82.58145
TBM2024010502,020,27.49955,-82.58075
TBM2024010503,020,27.526083,-82.643783
TBM2024010504,020,27.5127,-82.6824
TBM2024010508,020,27.583333,-82.6147
TBM2024010601,020,27.7114,-82.493233
TBM2024010603,020,27.748866,-82.480483
TBM2024010605,020,27.8113,-82.409666
TBM2024010804,020,27.901416,-82.643066
TBM2024010805,020,27.8895,-82.637216
TBM2024010807,020,27.8919,-82.587633
TBM2024010902,020,27.8396,-82.43725
TBM2024010904,020,27.816633,-82.498233
TBM2024011002,020,27.71705,-82.70605
TBM2024011003,020,27.7057,-82.7118
TBM2024011004,020,27.674133,-82.692
TBM2024011006,020,27.6532,-82.716366
TBM2024011102,020,27.598666,-82.578966
TBM2024011106,020,27.579733,-82.561816
TBM2024011202,020,27.8777,-82.531616
TBM2024011204,020,27.844283,-82.588366
TBM2024011206,020,27.819766,-82.616916
TBM2024011207,020,27.792433,-82.6074
TBM2024011209,020,27.788416,-82.616883
TBM2024011302,020,27.971816,-82.5698
TBM2024011303,020,27.97035,-82.6178
TBM2024011306,020,28.006283,-82.6758
TBM2024011307,020,27.99665,-82.678333
TBM2024020201,020,27.905333,-82.533283
TBM2024020202,020,27.895783,-82.53295
TBM2024020203,020,27.8661,-82.542766
TBM2024020204,020,27.852733,-82.55415
TBM2024020301,020,28.0023,-82.631033
TBM2024020302,020,28.009033,-82.6387
TBM2024020303,020,28.0105,-82.647066
TBM2024020304,020,27.997133,-82.681083
TBM2024020308,020,27.966266,-82.6514
TBM2024020401,020,27.5406,-82.588816
TBM2024020403,020,27.554533,-82.632183
TBM2024020404,020,27.51835,-82.693066
TBM2024020406,020,27.533033,-82.637633
TBM2024020407,020,27.527583,-82.624
TBM2024020501,020,27.852533,-82.61075
TBM2024020502,020,27.848766,-82.609916
TBM2024020503,020,27.828733,-82.6082
TBM2024020504,020,27.806,-82.608416
TBM2024020601,020,27.877766,-82.482533
TBM2024020602,020,27.89295,-82.483133
TBM2024020603,020,27.884716,-82.434316
TBM2024020604,020,27.898533,-82.430566
TBM2024020606,020,27.94255,-82.421616
TBM2024020709,020,27.70995,-82.48315
TBM2024020802,020,27.634183,-82.56945
TBM2024020803,020,27.6118,-82.5649
TBM2024020902,020,27.7837,-82.42825
TBM2024020903,020,27.811166,-82.40995
TBM2024020905,020,27.863466,-82.433183
TBM2024021101,020,27.63105,-82.724416
TBM2024021102,020,27.7045,-82.6774
TBM2024021103,020,27.70325,-82.6686
TBM2024021107,020,27.686083,-82.7159
TBM2024021108,020,27.670233,-82.716583
TBM2024030107,020,27.51165,-82.578683
TBM2024030201,020,27.963616,-82.674066
TBM2024030203,020,27.916516,-82.683533
TBM2024030204,020,27.91015,-82.65405
TBM2024030206,020,28.002683,-82.627883
TBM2024030302,020,27.80205,-82.414416
TBM2024030303,020,27.839216,-82.43235
TBM2024030305,020,27.821666,-82.483266
TBM2024030306,020,27.818616,-82.498633
TBM2024030401,020,27.7103,-82.731416
TBM2024030402,020,27.686433,-82.711566
TBM2024030403,020,27.700233,-82.658483
TBM2024030404,020,27.679883,-82.663783
TBM2024030406,020,27.641166,-82.696
TBM2024030501,020,27.945233,-82.393383
TBM2024030502,020,27.88455,-82.4274
TBM2024030602,020,27.541116,-82.645833
TBM2024030603,020,27.540416,-82.646066
TBM2024030604,020,27.503183,-82.71055
TBM2024030605,020,27.507066,-82.686816
TBM2024030607,020,27.518633,-82.598483
TBM2024030701,020,27.710366,-82.45425
TBM2024030702,020,27.710283,-82.486
TBM2024030703,020,27.71615,-82.4808
TBM2024030801,020,27.892516,-82.54165
TBM2024030802,020,27.931416,-82.533916
TBM2024030804,020,27.918883,-82.6106
TBM2024030805,020,27.8819,-82.61715
TBM2024030808,020,27.87875,-82.537316
TBM2024030902,020,27.831833,-82.563466
TBM2024030904,020,27.719733,-82.63565
TBM2024030905,020,27.78425,-82.623533
TBM2024030906,020,27.815483,-82.61605
TBM2024031004,020,27.598183,-82.553883
TBM2024040101,020,27.703333,-82.6406
TBM2024040102,020,27.703183,-82.677466
TBM2024040103,020,27.696066,-82.679667
TBM2024040104,020,27.68115,-82.688833
TBM2024040106,020,27.737566,-82.706083
TBM2024040201,020,27.902,-82.43465
TBM2024040204,020,27.87035,-82.406166
TBM2024040205,020,27.895166,-82.412866
TBM2024040207,020,27.9267,-82.416166
TBM2024040208,020,27.9518,-82.418533
TBM2024040401,020,27.752616,-82.471033
TBM2024040402,020,27.72445,-82.476316
TBM2024040405,020,27.792166,-82.403416000000007
TBM2024040407,020,27.754,-82.455933
TBM2024040601,020,27.9558,-82.719283
TBM2024040602,020,27.945966,-82.72315
TBM2024040701,020,27.960933,-82.5525
TBM2024040702,020,27.95255,-82.547516
TBM2024040703,020,27.964416,-82.55275
TBM2024040704,020,27.90925,-82.630316
TBM2024040707,020,27.998383,-82.623616
TBM2024040801,020,27.853383,-82.554133
TBM2024040804,020,27.855033,-82.620183
TBM2024040806,020,27.842016,-82.607833
TBM2024040807,020,27.830316,-82.60715
TBM2024040903,020,27.585333,-82.597
TBM2024040904,020,27.598916,-82.578333
TBM2024040905,020,27.59965,-82.554616
TBM2024040907,020,27.6743,-82.518533
TBM2024041001,020,27.7053,-82.622116
TBM2024041004,020,27.65525,-82.72215
TBM2024041101,020,27.511083,-82.581016
TBM2024041104,020,27.5126,-82.682316
TBM2024041105,020,27.53335,-82.73135
TBM2024050101,020,27.7428,-82.463466
TBM2024050102,020,27.767766,-82.4377
TBM2024050106,020,27.7434,-82.4796
TBM2024050201,020,27.970583,-82.695116
TBM2024050202,020,27.9602,-82.702433
TBM2024050203,020,27.916883,-82.661333
TBM2024050204,020,27.98235,-82.603733
TBM2024050301,020,27.866266,-82.486366
TBM2024050302,020,27.866083,-82.48735
TBM2024050305,020,27.92995,-82.414933
TBM2024050306,020,27.95125,-82.414483
TBM2024050307,020,27.940183,-82.413866
TBM2024050401,020,27.676633,-82.50895
TBM2024050402,020,27.682216,-82.49665
TBM2024050404,020,27.660833,-82.551483
TBM2024050502,020,27.788483,-82.622066
TBM2024050505,020,27.723883,-82.6334
TBM2024050506,020,27.720433,-82.635683
TBM2024050507,020,27.7194,-82.631133
TBM2024050508,020,27.699833,-82.64215
TBM2024050509,020,27.692733,-82.645983
TBM2024050601,020,27.699816,-82.694766
TBM2024050603,020,27.706016,-82.676433
TBM2024050604,020,27.6706,-82.673183
TBM2024050606,020,27.62155,-82.726916
TBM2024050607,020,27.651933,-82.734316
TBM2024050702,020,27.923383,-82.531433
TBM2024050705,020,27.909966,-82.654183
TBM2024050706,020,27.890466,-82.631483
TBM2024050801,020,27.70915,-82.5132
TBM2024050901,020,27.5039,-82.672166
TBM2024050902,020,27.626183,-82.563533
TBM2024050903,020,27.5983,-82.553883
TBM2024050906,020,27.551633,-82.610916
TBM2024060201,020,27.655883,-82.719066
TBM2024060202,020,27.66225,-82.715933
TBM2024060301,020,27.699416,-82.721716
TBM2024060302,020,27.7248,-82.730966
TBM2024060303,020,27.723066,-82.72805
TBM2024060501,020,27.989033,-82.611816
TBM2024060502,020,28.002283,-82.613983
TBM2024060504,020,27.915933,-82.679716
TBM2024060601,020,27.714116,-82.5089
TBM2024060603,020,27.739633,-82.487116
TBM2024060604,020,27.7899,-82.406366
TBM2024060606,020,27.8287,-82.441483
TBM2024060702,020,27.727566,-82.620016
TBM2024060801,020,27.8308,-82.517633
TBM2024060802,020,27.835216,-82.528233
TBM2024060805,020,27.748733,-82.624933
TBM2024060806,020,27.740116,-82.6387
TBM2024060807,020,27.757066,-82.628116
TBM2024060901,020,27.8794,-82.481916
TBM2024060903,020,27.897883,-82.431783
TBM2024060904,020,27.931283,-82.44825
TBM2024060905,020,27.925116,-82.48215
TBM2024060906,020,27.915083,-82.49105
TBM2024061103,020,27.63335,-82.5691
TBM2024061104,020,27.6234,-82.556433
TBM2024061105,020,27.569616,-82.618583
TBM2024061106,020,27.5532,-82.63135
TBM2024061201,020,27.8834,-82.5312
TBM2024061202,020,27.884183,-82.530966
TBM2024061206,020,27.9552,-82.549066
TBM2024061207,020,27.8956,-82.533466
TBM2024061304,020,27.547366,-82.583066
TBM2024061405,020,27.524883,-82.721516
TBM2024061409,020,27.542916,-82.643283
TBM2024070101,020,27.81965,-82.616983
TBM2024070102,020,27.815516,-82.61605
TBM2024070103,020,27.840916,-82.605216
TBM2024070104,020,27.8519,-82.610116
TBM2024070203,020,27.859283,-82.48545
TBM2024070206,020,27.943916,-82.43145
TBM2024070301,020,27.552933,-82.613483
TBM2024070302,020,27.57495,-82.557183
TBM2024070402,020,27.9764,-82.69535
TBM2024070603,020,27.843416,-82.551333
TBM2024070604,020,27.81995,-82.496966
TBM2024070605,020,27.826533,-82.505166
TBM2024070606,020,27.822816,-82.508916
TBM2024070607,020,27.83335,-82.529416
TBM2024070801,020,27.70145,-82.687233
TBM2024070804,020,27.631533,-82.733816
TBM2024070806,020,27.711133,-82.735183
TBM2024070903,020,27.532716,-82.6565
TBM2024070906,020,27.6052,-82.58465
TBM2024071003,020,27.938433,-82.53325
TBM2024071004,020,27.9725,-82.598816
TBM2024071005,020,27.99735,-82.660116
TBM2024071006,020,28.017083,-82.653916
TBM2024071007,020,27.989866,-82.6144
TBM2024071008,020,27.9829,-82.6046
TBM2024071102,020,27.746466,-82.461283
TBM2024071103,020,27.765633,-82.438533
TBM2024071105,020,27.6726,-82.537433
TBM2024071107,020,27.681633,-82.504216
TBM2024071201,020,27.848333,-82.413283
TBM2024071205,020,27.796616,-82.4181
TBM2024071403,020,27.53365,-82.731983
TBM2024071507,020,27.742766,-82.730116
TBM2024071509,020,27.719083,-82.728383
TBM2024080101,020,27.743533,-82.7301
TBM2024080102,020,27.684866,-82.717167
TBM2024080104,020,27.653383,-82.738216
TBM2024080204,020,27.57085,-82.571683
TBM2024080303,020,27.92455,-82.7023
TBM2024080304,020,27.971733,-82.689583
TBM2024080401,020,27.976916,-82.5782
TBM2024080402,020,27.97705,-82.585633
TBM2024080403,020,27.9821,-82.602733
TBM2024080404,020,27.981533,-82.605883
TBM2024080406,020,27.887483,-82.541366
TBM2024080502,020,27.7486,-82.473483
TBM2024080504,020,27.849533,-82.4043
TBM2024080505,020,27.884516,-82.426133
TBM2024080610,020,27.710266,-82.4817
TBM2024080701,020,27.928366,-82.417516
TBM2024080702,020,27.9522,-82.4182
TBM2024080704,020,27.917333,-82.4904
TBM2024080705,020,27.8917,-82.483583
TBM2024080801,020,27.735816,-82.6402
TBM2024080802,020,27.7136,-82.632633
TBM2024080806,020,27.68075,-82.654433
TBM2024080904,020,27.538116,-82.639633
TBM2024081003,020,27.65125,-82.550433
TBM2024081006,020,27.7194,-82.500333
TBM2024081206,020,27.6639,-82.686266
TBM2024081302,020,27.74945,-82.625183
TBM2024081305,020,27.855116,-82.620516
TBM2024081306,020,27.837116,-82.604133
TBM2024081307,020,27.82615,-82.59265
TBM2024081504,020,27.551866,-82.633633
TBM2024081505,020,27.58495,-82.618166
TBM2024081506,020,27.61125,-82.563166
TBM2024081507,020,27.605966,-82.549866
TBM2024090202,020,28.009016,-82.622183
TBM2024090203,020,28.014466,-82.67
TBM2024090204,020,28.002466,-82.66545
TBM2024090206,020,27.957033,-82.718066
TBM2024090302,020,27.717683,-82.705016
TBM2024090306,020,27.7238,-82.732433
TBM2024090308,020,27.737716,-82.696283
TBM2024090401,020,27.941316,-82.548116
TBM2024090402,020,27.962266,-82.57195
TBM2024090405,020,27.902566,-82.631066
TBM2024090501,020,27.719566,-82.630733
TBM2024090504,020,27.624816,-82.731183
TBM2024090506,020,27.654683,-82.743733
TBM2024090801,020,27.85205,-82.398633
TBM2024090802,020,27.836366,-82.399633
TBM2024090803,020,27.775783,-82.4355
TBM2024090902,020,27.8743,-82.5316
TBM2024090904,020,27.840533,-82.5854
TBM2024090905,020,27.796083,-82.599966
TBM2024090906,020,27.787633,-82.614633
TBM2024090907,020,27.744383,-82.625766
TBM2024091003,020,27.586283,-82.61845
TBM2024091006,020,27.540616,-82.6285
TBM2024091007,020,27.538533,-82.6061
TBM2024091101,020,27.513866,-82.6883
TBM2024091102,020,27.520333,-82.670966
TBM2024091103,020,27.518483,-82.694183
TBM2024091201,020,27.709616,-82.467166
TBM2024091405,020,27.590183,-82.596733
TBM2024091502,020,27.8935,-82.484766
TBM2024091503,020,27.857433,-82.4834
TBM2024091504,020,27.897533,-82.434216
TBM2024091505,020,27.932833,-82.413683
TBM2024091506,020,27.943933,-82.412033
TBM2024100107,020,27.5541,-82.57375
TBM2024100108,020,27.53635,-82.592983
TBM2024100308,020,27.718516,-82.700216
TBM2024100501,020,27.595766,-82.5848
TBM2024100502,020,27.614716,-82.558283
TBM2024100506,020,27.698383,-82.5224
TBM2024100507,020,27.703866,-82.528833
TBM2024100602,020,27.838883,-82.431716
TBM2024100604,020,27.753733,-82.463216
TBM2024100605,020,27.734216,-82.474166
TBM2024100801,020,27.75275,-82.62995
TBM2024100806,020,27.79925,-82.59775
TBM2024100807,020,27.805183,-82.600016
TBM2024100808,020,27.788483,-82.622066
TBM2024100903,020,27.69025,-82.677416
TBM2024100906,020,27.71205,-82.735566
TBM2024101005,020,27.909916,-82.659116
TBM2024101201,020,27.995016,-82.624316
TBM2024101202,020,28.010833,-82.623783
TBM2024101205,020,27.9879,-82.688783
TBM2024101207,020,27.964516,-82.666166
TBM2024101303,020,27.937483,-82.532883
TBM2024101304,020,27.940066,-82.551316
TBM2024101305,020,27.877083,-82.531233
TBM2024101306,020,27.865466,-82.539
TBM2024101402,020,27.645283,-82.7407
TBM2024101404,020,27.6528,-82.714016
TBM2024101501,020,27.8983,-82.4338
TBM2024101502,020,27.890483,-82.409116
TBM2024101503,020,27.82355,-82.49095
TBM2024101506,020,27.92595,-82.481016
TBM2024101507,020,27.939816,-82.446583
TBM2024101602,020,27.560216,-82.589316
TBM2024101603,020,27.56345,-82.600033
TBM2024101605,020,27.58755,-82.593033
TBM2024110102,020,27.75245,-82.4579
TBM2024110103,020,27.789333,-82.422133
TBM2024110104,020,27.818833,-82.48485
TBM2024110105,020,27.8148,-82.491183
TBM2024110106,020,27.744733,-82.485383
TBM2024110107,020,27.704816,-82.456016
TBM2024110201,020,27.730383,-82.690983
TBM2024110202,020,27.732366,-82.74065
TBM2024110205,020,27.700333,-82.6509
TBM2024110206,020,27.702783,-82.6232
TBM2024110402,020,27.541666,-82.587783
TBM2024110403,020,27.574516,-82.5588
TBM2024110602,020,27.884283,-82.426866
TBM2024110603,020,27.868466,-82.4377
TBM2024110604,020,27.84445,-82.4696
TBM2024110702,020,27.644,-82.673283
TBM2024110703,020,27.6439,-82.696616
TBM2024110906,020,27.534216,-82.644666
TBM2024110907,020,27.52395,-82.621766
TBM2024111002,020,27.882366,-82.539233
TBM2024111003,020,27.937583,-82.53565
TBM2024111004,020,27.939933,-82.551816
TBM2024111101,020,27.993133,-82.62225
TBM2024111104,020,28.001733,-82.677233
TBM2024111105,020,27.999533,-82.664933
TBM2024111106,020,27.962566,-82.692283
TBM2024111107,020,27.928366,-82.706966
TBM2024111202,020,27.854183,-82.611983
TBM2024111204,020,27.844783,-82.594033
TBM2024111205,020,27.846683,-82.58915
TBM2024111207,020,27.750933,-82.627433
TBM2024111304,020,27.605783,-82.549966
TBM2024111305,020,27.588866,-82.57855
TBM2024111506,020,27.587866000000002,-82.623816
TBM2024120201,020,27.644083,-82.673616
TBM2024120202,020,27.627483,-82.7002
TBM2024120203,020,27.648566,-82.709516
TBM2024120204,020,27.653366,-82.74025
TBM2024120403,020,27.96135,-82.549333
TBM2024120404,020,27.939916,-82.5382
TBM2024120405,020,27.94075,-82.546916
TBM2024120504,020,27.837816,-82.590066
TBM2024120505,020,27.823466,-82.596983
TBM2024120506,020,27.7922,-82.605483
TBM2024120507,020,27.784983,-82.6226
TBM2024120603,020,27.811083,-82.4104
TBM2024120604,020,27.8227,-82.438066
TBM2024120605,020,27.747083,-82.476483
TBM2024120606,020,27.74055,-82.48675
TBM2024120801,020,27.597133,-82.582166
TBM2024120802,020,27.575333,-82.566833
TBM2024120805,020,27.551033,-82.6343
TBM2024120902,020,27.677683,-82.5336
TBM2024120904,020,27.633933,-82.5699
TBM2024120905,020,27.61,-82.551133
TBM2024120906,020,27.609883,-82.551316
TBM2024120907,020,27.7053,-82.517816
TBM2024121003,020,27.97775,-82.560816
TBM2024121004,020,27.974416,-82.589266
TBM2024121005,020,27.92855,-82.65515
TBM2024121007,020,27.960166,-82.70075
TBM2024121102,020,27.8974,-82.431216
TBM2024121103,020,27.860633,-82.410183
TBM2024121105,020,27.859333,-82.484833
TBM2024121106,020,27.917983,-82.4894
TBM2024121201,020,27.71065,-82.618583
TBM2024121202,020,27.702,-82.642566
TBM2024121205,020,27.6799,-82.69235
TBX2024050101,020,27.756633,-82.458867
